[31m[ERROR] [1788687902.440876431]: Set time_dicount/reliable method: 0 / 0[0m
[31m[ERROR] [1788687902.443951278]: Time weight disabled.[only valid for TRRTK method][0m
[31m[ERROR] [1788687902.443970288]: Covariance matrix showing disabled.[0m
[31m[ERROR] [1788687902.443976270]: Marginalization disabled.[0m
WARNING: Logging before InitGoogleLogging() is written to STDERR
E0906 17:45:05.949532 41327 covariance_impl.cc:827] Error: Covariance matrix is near rank deficient and the user did not specify a non-zeroCovariance::Options::null_space_rank to enable the computation of a Pseudo-Inverse. Reciprocal condition number: 0 min_reciprocal_condition_number: 1.95146e-40
[33m[WARN] [1788687905.949579631]: [FactorGraph::getCovarianceMatrixOfLatestEpoch] Covariance::Compute failed (length=1)[0m
E0906 17:45:06.951043 41327 covariance_impl.cc:827] Error: Covariance matrix is near rank deficient and the user did not specify a non-zeroCovariance::Options::null_space_rank to enable the computation of a Pseudo-Inverse. Reciprocal condition number: 0 min_reciprocal_condition_number: 1.95146e-40
[33m[WARN] [1788687906.951072585]: [FactorGraph::getCovarianceMatrixOfLatestEpoch] Covariance::Compute failed (length=2)[0m
E0906 17:45:07.947769 41327 covariance_impl.cc:827] Error: Covariance matrix is near rank deficient and the user did not specify a non-zeroCovariance::Options::null_space_rank to enable the computation of a Pseudo-Inverse. Reciprocal condition number: 0 min_reciprocal_condition_number: 1.95146e-40
[33m[WARN] [1788687907.947800514]: [FactorGraph::getCovarianceMatrixOfLatestEpoch] Covariance::Compute failed (length=3)[0m
E0906 17:45:08.952582 41327 covariance_impl.cc:827] Error: Covariance matrix is near rank deficient and the user did not specify a non-zeroCovariance::Options::null_space_rank to enable the computation of a Pseudo-Inverse. Reciprocal condition number: 0 min_reciprocal_condition_number: 1.95146e-40
[33m[WARN] [1788687908.952613606]: [FactorGraph::getCovarianceMatrixOfLatestEpoch] Covariance::Compute failed (length=4)[0m
[0m[INFO] [1788687902.428676597]: [1;32m----> trbinfgo_node Started (4-system L1+L2).[0m[0m
[0m[INFO] [1788687902.439665815]: Parameters loaded: 
  hotstart_enable=false, 
  GPS/BDS_only=false, 
 wls_llh_topic=/trbin/psr_llh, 
 wls_enu_topic=/trbin/psr_enu, 
 fgo_llh_topic=/trbin/fgo_llh, 
 fgo_enu_topic=/trbin/fgo_enu 
 windowSize:5 
 save to /home/nvidia/Work/gnssfgo_ml_ws/src/gnssfgo/../c099.csv[0m
[0m[INFO] [1788687902.440869747]: [Output] uniform-rate publisher started: 1.0 Hz (max 20 Hz)[0m
[0m[INFO] [1788687902.441474304]: [OSQA Bridge] Enabled. Input: /home/nvidia/Work/gnssfgo_ml_ws/osqa_input.jsonl, Output: /home/nvidia/Work/gnssfgo_ml_ws/osqa_output.jsonl, Threshold: 0.30[0m
[0m[INFO] [1788687902.443982001]: Current window size: 5[0m
[0m[INFO] [1788687902.443986580]: [1;32mFactor graph running....[0m[0m
[0m[INFO] [1788687904.938647852]: [ProcessingNodeExtra] ENU origin set from /ublox_driver/receiver_lla: (31.403259600, 121.264330400, 17.041)[0m
[1;32mCURRENT POS | [31.40327213, 121.26431061, 23.883]| VEL:[0.01, 0.04, 0.01][0m 
Ingested new data for time frame 14650209490.04 with 31 observations.
  Systems: G=8 R=6 E=9 C=8 | L1=30 L2=14 Dual=13
[DOPPLER FACTOR] Added 0 .
[  PSR   FACTOR] Added 12 | weight(1/m): min=0.25 max=1 mean=0.938
  [POST-FIT] PSR     sat 20 w=1.000000                  |r|=1.36
  [POST-FIT] PSR     sat 5 w=1.000000                   |r|=2.596
  [POST-FIT] PSR     sat 15 w=1.000000                  |r|=1.566
  [POST-FIT] PSR     sat 21 w=1.000000                  |r|=3.697
  [POST-FIT] PSR     sat 20 w=1.000000                  |r|=1.499
  [POST-FIT] PSR     sat 29 w=1.000000                  |r|=1.142
  [POST-FIT] PSR     sat 5 w=1.000000                   |r|=1.734
  [POST-FIT] PSR     sat 15 w=1.000000                  |r|=1.301
  [POST-FIT] PSR     sat 21 w=1.000000                  |r|=3.769
  [POST-FIT] PSR     sat 29 w=1.000000                  |r|=1.653
  [POST-FIT] PSR     sat 18 w=1.000000                  |r|=0.2625
  [POST-FIT] PSR     sat 18 w=0.250000                  |r|=2.31
[POST-FIT RESIDUALS] epoch#1 (weighted, at solved states) --- detail ---
  PSR     n=12   |r| mean=1.907 max=3.769
[ OPT SUMMARY] Window=1 epochs | Variables=7 | TRDDCP=1 PSR=12 DOPPLER=0 | Time=9.9 ms
[ OPT EFFECT] cost 1.308e+07 -> 17.16 | |Δpos_solve|=4.5772 m | FGO-SPP gap=4.5772 m
[1;32mCURRENT POS | [31.40326988, 121.26431205, 23.846]| VEL:[-0.02, 0.13, 0.07][0m 
Ingested new data for time frame 14650209500.04 with 30 observations.
  Systems: G=8 R=6 E=8 C=8 | L1=29 L2=14 Dual=13
[DOPPLER FACTOR] Added 1 .
[  PSR   FACTOR] Added 24 | weight(1/m): min=0.194 max=1 mean=0.909
[POST-FIT RESIDUALS] epoch#2 (weighted, at solved states)
  DOPPLER n=3    |r| mean=0.3301 max=0.7622
  PSR     n=24   |r| mean=5.235e+05 max=1.163e+06
[ OPT SUMMARY] Window=2 epochs | Variables=14 | TRDDCP=1 PSR=24 DOPPLER=1 | Time=9.2 ms
[ OPT EFFECT] cost 2.535e+07 -> 1.256e+07 | |Δpos_solve|=1.8698 m | FGO-SPP gap=1.7458 m
[1;32mCURRENT POS | [31.40326954, 121.26431284, 24.589]| VEL:[-0.06, 0.04, 0.01][0m 
Ingested new data for time frame 14650209510.04 with 29 observations.
  Systems: G=8 R=6 E=7 C=8 | L1=28 L2=16 Dual=15
[DOPPLER FACTOR] Added 2 .
[  PSR   FACTOR] Added 36 | weight(1/m): min=0.0248 max=1 mean=0.341
[POST-FIT RESIDUALS] epoch#3 (weighted, at solved states)
  DOPPLER n=6    |r| mean=0.2663 max=0.837
  PSR     n=36   |r| mean=1.359e+05 max=1.163e+06
[ OPT SUMMARY] Window=3 epochs | Variables=21 | TRDDCP=1 PSR=36 DOPPLER=2 | Time=9.5 ms
[ OPT EFFECT] cost 1.428e+07 -> 4.892e+06 | |Δpos_solve|=3.4219 m | FGO-SPP gap=3.2757 m
[1;32mCURRENT POS | [31.40326747, 121.26431473, 24.459]| VEL:[-0.02, 0.06, -0.05][0m 
Ingested new data for time frame 14650209520.04 with 28 observations.
  Systems: G=7 R=6 E=7 C=8 | L1=28 L2=14 Dual=14
[DOPPLER FACTOR] Added 3 .
[  PSR   FACTOR] Added 48 | weight(1/m): min=0.0553 max=1 mean=0.447
[POST-FIT RESIDUALS] epoch#4 (weighted, at solved states)
  DOPPLER n=9    |r| mean=0.3096 max=1.226
  PSR     n=48   |r| mean=1.296e+05 max=1.163e+06
Adjusted MaxTRE0906 17:45:09.951349 41327 covariance_impl.cc:827] Error: Covariance matrix is near rank deficient and the user did not specify a non-zeroCovariance::Options::null_space_rank to enable the computation of a Pseudo-Inverse. Reciprocal condition number: 0 min_reciprocal_condition_number: 1.95146e-40
[33m[WARN] [1788687909.951377950]: [FactorGraph::getCovarianceMatrixOfLatestEpoch] Covariance::Compute failed (length=5)[0m
E0906 17:45:10.955896 41327 covariance_impl.cc:827] Error: Covariance matrix is near rank deficient and the user did not specify a non-zeroCovariance::Options::null_space_rank to enable the computation of a Pseudo-Inverse. Reciprocal condition number: 0 min_reciprocal_condition_number: 1.95146e-40
[33m[WARN] [1788687910.955926560]: [FactorGraph::getCovarianceMatrixOfLatestEpoch] Covariance::Compute failed (length=5)[0m
E0906 17:45:11.957185 41327 covariance_impl.cc:827] Error: Covariance matrix is near rank deficient and the user did not specify a non-zeroCovariance::Options::null_space_rank to enable the computation of a Pseudo-Inverse. Reciprocal condition number: 0 min_reciprocal_condition_number: 1.95146e-40
[33m[WARN] [1788687911.957238330]: [FactorGraph::getCovarianceMatrixOfLatestEpoch] Covariance::Compute failed (length=5)[0m
E0906 17:45:12.968155 41327 covariance_impl.cc:827] Error: Covariance matrix is near rank deficient and the user did not specify a non-zeroCovariance::Options::null_space_rank to enable the computation of a Pseudo-Inverse. Reciprocal condition number: 0 min_reciprocal_condition_number: 1.95146e-40
[33m[WARN] [1788687912.968184934]: [FactorGraph::getCovarianceMatrixOfLatestEpoch] Covariance::Compute failed (length=5)[0m
E0906 17:45:13.969801 41327 covariance_impl.cc:827] Error: Covariance matrix is near rank deficient and the user did not specify a non-zeroCovariance::Options::null_space_rank to enable the computation of a Pseudo-Inverse. Reciprocal condition number: 0 min_reciprocal_condition_number: 1.95146e-40
[33m[WARN] [1788687913.969832489]: [FactorGraph::getCovarianceMatrixOfLatestEpoch] Covariance::Compute failed (length=5)[0m
E0906 17:45:14.959887 41327 covariance_impl.cc:827] Error: Covariance matrix is near rank deficient and the user did not specify a non-zeroCovariance::Options::null_space_rank to enable the computation of a Pseudo-Inverse. Reciprocal condition number: 0 min_reciprocal_condition_number: 1.95146e-40
[33m[WARN] [1788687914.959914462]: [FactorGraph::getCovarianceMatrixOfLatestEpoch] Covariance::Compute failed (length=5)[0m
Num : 361. 
[ OPT SUMMARY] Window=4 epochs | Variables=28 | TRDDCP=1 PSR=48 DOPPLER=3 | Time=13.8 ms
[ OPT EFFECT] cost 2.497e+07 -> 6.218e+06 | |Δpos_solve|=5.3317 m | FGO-SPP gap=5.0979 m
[1;32mCURRENT POS | [31.40326553, 121.26431743, 24.220]| VEL:[0.14, 0.05, -0.11][0m 
Ingested new data for time frame 14650209530.04 with 31 observations.
  Systems: G=8 R=6 E=9 C=8 | L1=30 L2=16 Dual=16
[DOPPLER FACTOR] Added 4 .
[  PSR   FACTOR] Added 60 | weight(1/m): min=0.0545 max=1 mean=0.473
[POST-FIT RESIDUALS] epoch#5 (weighted, at solved states)
  DOPPLER n=12   |r| mean=0.2675 max=1.284
  PSR     n=60   |r| mean=1.099e+05 max=1.163e+06
Adjusted MaxTRNum : 1533. 
[ OPT SUMMARY] Window=5 epochs | Variables=35 | TRDDCP=1 PSR=60 DOPPLER=4 | Time=11.8 ms
[ OPT EFFECT] cost 3.298e+07 -> 6.595e+06 | |Δpos_solve|=5.7110 m | FGO-SPP gap=5.4864 m
[1;32mCURRENT POS | [31.40326889, 121.26430718, 23.784]| VEL:[0.66, 0.45, -0.08][0m 
Ingested new data for time frame 14650209540.04 with 29 observations.
  Systems: G=8 R=6 E=7 C=8 | L1=29 L2=14 Dual=14
[DOPPLER FACTOR] Added 4 .
[  PSR   FACTOR] Added 60 | weight(1/m): min=0.122 max=1 mean=0.606
[POST-FIT RESIDUALS] epoch#6 (weighted, at solved states)
  DOPPLER n=12   |r| mean=0.388 max=2.004
  PSR     n=60   |r| mean=1.476e+05 max=1.163e+06
Adjusted MaxTRNum : 3342. 
[ OPT SUMMARY] Window=5 epochs | Variables=35 | TRDDCP=1 PSR=60 DOPPLER=4 | Time=22.9 ms
[ OPT EFFECT] cost 4.229e+07 -> 8.855e+06 | |Δpos_solve|=8.8789 m | FGO-SPP gap=8.2454 m
[1;32mCURRENT POS | [31.40327014, 121.26429604, 24.089]| VEL:[0.97, 0.51, 0.10][0m 
Ingested new data for time frame 14650209550.04 with 29 observations.
  Systems: G=8 R=6 E=7 C=8 | L1=29 L2=14 Dual=14
[DOPPLER FACTOR] Added 4 .
[  PSR   FACTOR] Added 60 | weight(1/m): min=0.0617 max=1 mean=0.457
[POST-FIT RESIDUALS] epoch#7 (weighted, at solved states)
  DOPPLER n=12   |r| mean=0.2767 max=0.9633
  PSR     n=60   |r| mean=1.183e+05 max=1.134e+06
Adjusted MaxTRNum : 8000. 
[ OPT SUMMARY] Window=5 epochs | Variables=35 | TRDDCP=1 PSR=60 DOPPLER=4 | Time=20.9 ms
[ OPT EFFECT] cost 3.192e+07 -> 7.096e+06 | |Δpos_solve|=6.7158 m | FGO-SPP gap=5.1072 m
[1;32mCURRENT POS | [31.40327548, 121.26427610, 24.610]| VEL:[0.69, 0.50, -0.21][0m 
Ingested new data for time frame 14650209560.04 with 30 observations.
  Systems: G=8 R=6 E=8 C=8 | L1=29 L2=14 Dual=14
[DOPPLER FACTOR] Added 4 .
[  PSR   FACTOR] Added 60 | weight(1/m): min=0.0869 max=1 mean=0.54
[POST-FIT RESIDUALS] epoch#8 (weighted, at solved states)
  DOPPLER n=12   |r| mean=0.4167 max=1.627
  PSR     n=60   |r| mean=1.454e+05 max=1.163e+06
Adjusted MaxTRNum : 16133. 
[ OPT SUMMARY] Window=5 epochs | Variables=35 | TRDDCP=1 PSR=60 DOPPLER=4 | Time=24.8 ms
[ OPT EFFECT] cost 3.766e+07 -> 8.724e+06 | |Δpos_solve|=6.7197 m | FGO-SPP gap=4.3105 m
[1;32mCURRENT POS | [31.40326851, 121.26427995, 23.621]| VEL:[0.65, 0.65, 0.07][0m 
Ingested new data for time frame 14650209570.04 with 30 observations.
  Systems: G=8 R=6 E=8 C=8 | L1=29 L2=15 Dual=15
[DOPPLER FACTOR] Added 4 .
[  PSR   FACTOR] Added 60 | weight(1/m): min=0.0935 max=1 mean=0.591
[POST-FIT RESIDUALS] epoch#9 (weighted, at solved states)
  DOPPLER n=12   |r| mean=0.6646 max=3.159
  PSR     n=60   |r| mean=1.509e+05 max=1.163e+06
Adjusted MaxTRNum : 29094. 
[ OPT SUMMARY] Window=5 epochs | Variables=35 | TRDDCP=1 PSR=60 DOPPLER=4 | Time=27.7 ms
[ OPT EFFECT] cost 4.123e+07 -> 9.057e+06 | |Δpos_solve|=10.9265 m | FGO-SPP gap=8.5682 m
[1;32mCURRENT POS | [31.40326055, 121.26427596, 22.470]| VEL:[0.61, 1.00, 0.24][0m 
Ingested new data for time frame 14650209580.04 with 29 observations.
  Systems: G=8 R=6 E=7 C=8 | L1=29 L2=14 Dual=14
[DOPPLER FACTOR] Added 4 .
[  PSR   FACTOR] Added 60 | weight(1/m): min=0.115 max=1 mean=0.524
[POST-FIT RESIDUALS] epoch#10 (weighted, at solved states)
  DOPPLER n=12   |r| mean=0.4555 max=2.193
  PSR     n=60   |r| mean=1.258e+05 max=1.163e+06
Adjusted MaxTRNum : 69125. 
[ OPT SUMMARY] Window=5 epochs | Variables=35 | TRDDCP=1 PSR=60 DOPPLER=4 | Time=21.0 ms
[ OPT EFFECT] cost 3.658e+07 -> 7.547e+06 E0906 17:45:15.963615 41327 covariance_impl.cc:827] Error: Covariance matrix is near rank deficient and the user did not specify a non-zeroCovariance::Options::null_space_rank to enable the computation of a Pseudo-Inverse. Reciprocal condition number: 0 min_reciprocal_condition_number: 1.95146e-40
[33m[WARN] [1788687915.963644044]: [FactorGraph::getCovarianceMatrixOfLatestEpoch] Covariance::Compute failed (length=5)[0m
E0906 17:45:16.962183 41327 covariance_impl.cc:827] Error: Covariance matrix is near rank deficient and the user did not specify a non-zeroCovariance::Options::null_space_rank to enable the computation of a Pseudo-Inverse. Reciprocal condition number: 0 min_reciprocal_condition_number: 1.95146e-40
[33m[WARN] [1788687916.962211571]: [FactorGraph::getCovarianceMatrixOfLatestEpoch] Covariance::Compute failed (length=5)[0m
E0906 17:45:17.957572 41327 covariance_impl.cc:827] Error: Covariance matrix is near rank deficient and the user did not specify a non-zeroCovariance::Options::null_space_rank to enable the computation of a Pseudo-Inverse. Reciprocal condition number: 0 min_reciprocal_condition_number: 1.95146e-40
[33m[WARN] [1788687917.957600791]: [FactorGraph::getCovarianceMatrixOfLatestEpoch] Covariance::Compute failed (length=5)[0m
E0906 17:45:18.969594 41327 covariance_impl.cc:827] Error: Covariance matrix is near rank deficient and the user did not specify a non-zeroCovariance::Options::null_space_rank to enable the computation of a Pseudo-Inverse. Reciprocal condition number: 0 min_reciprocal_condition_number: 1.95146e-40
[33m[WARN] [1788687918.969622142]: [FactorGraph::getCovarianceMatrixOfLatestEpoch] Covariance::Compute failed (length=5)[0m
E0906 17:45:19.953708 41327 covariance_impl.cc:827] Error: Covariance matrix is near rank deficient and the user did not specify a non-zeroCovariance::Options::null_space_rank to enable the computation of a Pseudo-Inverse. Reciprocal condition number: 0 min_reciprocal_condition_number: 1.95146e-40
[33m[WARN] [1788687919.953737579]: [FactorGraph::getCovarianceMatrixOfLatestEpoch] Covariance::Compute failed (length=5)[0m
E0906 17:45:20.965022 41327 covariance_impl.cc:827] Error: Covariance matrix is near rank deficient and the user did not specify a non-zeroCovariance::Options::null_space_rank to enable the computation of a Pseudo-Inverse. Reciprocal condition number: 0 min_reciprocal_condition_number: 1.95146e-40
[33m[WARN] [1788687920.965051589]: [FactorGraph::getCovarianceMatrixOfLatestEpoch] Covariance::Compute failed (length=5)[0m
| |Δpos_solve|=9.2146 m | FGO-SPP gap=5.7219 m
[1;32mCURRENT POS | [31.40326209, 121.26426691, 22.247]| VEL:[0.79, 0.60, -0.09][0m 
Ingested new data for time frame 14650209590.04 with 30 observations.
  Systems: G=8 R=6 E=8 C=8 | L1=29 L2=15 Dual=15
[DOPPLER FACTOR] Added 4 .
[  PSR   FACTOR] Added 60 | weight(1/m): min=0.15 max=1 mean=0.721
[POST-FIT RESIDUALS] epoch#11 (weighted, at solved states)
  DOPPLER n=12   |r| mean=0.4202 max=1.411
  PSR     n=60   |r| mean=1.635e+05 max=1.163e+06
Adjusted MaxTRNum : 137416. 
[ OPT SUMMARY] Window=5 epochs | Variables=35 | TRDDCP=1 PSR=60 DOPPLER=4 | Time=25.2 ms
[ OPT EFFECT] cost 5.037e+07 -> 9.812e+06 | |Δpos_solve|=6.8144 m | FGO-SPP gap=4.1564 m
[1;32mCURRENT POS | [31.40326197, 121.26425610, 21.412]| VEL:[0.66, 0.40, -0.21][0m 
Ingested new data for time frame 14650209600.04 with 29 observations.
  Systems: G=8 R=6 E=7 C=8 | L1=29 L2=15 Dual=15
[DOPPLER FACTOR] Added 4 .
[  PSR   FACTOR] Added 60 | weight(1/m): min=0.251 max=1 mean=0.768
[POST-FIT RESIDUALS] epoch#12 (weighted, at solved states)
  DOPPLER n=12   |r| mean=0.4526 max=1.997
  PSR     n=60   |r| mean=1.494e+05 max=1.164e+06
Adjusted MaxTRNum : 295649. 
[ OPT SUMMARY] Window=5 epochs | Variables=35 | TRDDCP=1 PSR=60 DOPPLER=4 | Time=23.2 ms
[ OPT EFFECT] cost 5.363e+07 -> 8.961e+06 | |Δpos_solve|=4.9320 m | FGO-SPP gap=2.8787 m
[1;32mCURRENT POS | [31.40325890, 121.26425269, 21.604]| VEL:[0.86, 0.46, -0.15][0m 
Ingested new data for time frame 14650209610.04 with 29 observations.
  Systems: G=8 R=6 E=7 C=8 | L1=29 L2=14 Dual=14
[DOPPLER FACTOR] Added 4 .
[  PSR   FACTOR] Added 60 | weight(1/m): min=0.4 max=1 mean=0.829
[POST-FIT RESIDUALS] epoch#13 (weighted, at solved states)
  DOPPLER n=12   |r| mean=0.2915 max=2.025
  PSR     n=60   |r| mean=1.884e+05 max=1.107e+06
Adjusted MaxTRNum : 793394. 
[ OPT SUMMARY] Window=5 epochs | Variables=35 | TRDDCP=1 PSR=60 DOPPLER=4 | Time=18.6 ms
[ OPT EFFECT] cost 5.792e+07 -> 1.13e+07 | |Δpos_solve|=6.6130 m | FGO-SPP gap=3.8256 m
[1;32mCURRENT POS | [31.40325952, 121.26424114, 22.152]| VEL:[0.75, 0.65, -0.20][0m 
Ingested new data for time frame 14650209620.04 with 29 observations.
  Systems: G=8 R=6 E=7 C=8 | L1=29 L2=14 Dual=14
[DOPPLER FACTOR] Added 4 .
[  PSR   FACTOR] Added 60 | weight(1/m): min=0.489 max=1 mean=0.856
[POST-FIT RESIDUALS] epoch#14 (weighted, at solved states)
  DOPPLER n=12   |r| mean=0.3114 max=1.494
  PSR     n=60   |r| mean=2.008e+05 max=1.137e+06
Adjusted MaxTRNum : 1696554. 
[ OPT SUMMARY] Window=5 epochs | Variables=35 | TRDDCP=1 PSR=60 DOPPLER=4 | Time=23.4 ms
[ OPT EFFECT] cost 5.978e+07 -> 1.205e+07 | |Δpos_solve|=6.8557 m | FGO-SPP gap=3.4207 m
[1;32mCURRENT POS | [31.40326365, 121.26423194, 22.195]| VEL:[0.55, 0.82, -0.10][0m 
Ingested new data for time frame 14650209630.04 with 31 observations.
  Systems: G=8 R=7 E=8 C=8 | L1=31 L2=15 Dual=15
[DOPPLER FACTOR] Added 4 .
[  PSR   FACTOR] Added 60 | weight(1/m): min=0.429 max=1 mean=0.84
[POST-FIT RESIDUALS] epoch#15 (weighted, at solved states)
  DOPPLER n=12   |r| mean=0.5245 max=1.662
  PSR     n=60   |r| mean=1.995e+05 max=1.164e+06
Adjusted MaxTRNum : 4039511. 
[ OPT SUMMARY] Window=5 epochs | Variables=35 | TRDDCP=1 PSR=60 DOPPLER=4 | Time=21.0 ms
[ OPT EFFECT] cost 5.866e+07 -> 1.197e+07 | |Δpos_solve|=6.3661 m | FGO-SPP gap=2.9295 m
[1;32mCURRENT POS | [31.40326203, 121.26422267, 21.905]| VEL:[0.77, 0.49, -0.34][0m 
Ingested new data for time frame 14650209640.04 with 30 observations.
  Systems: G=8 R=7 E=7 C=8 | L1=30 L2=15 Dual=15
[DOPPLER FACTOR] Added 4 .
[  PSR   FACTOR] Added 60 | weight(1/m): min=0.438 max=1 mean=0.803
[POST-FIT RESIDUALS] epoch#16 (weighted, at solved states)
  DOPPLER n=12   |r| mean=0.3744 max=1.914
  PSR     n=60   |r| mean=1.853e+05 max=1.164e+06
Adjusted MaxTRNum : 15337484. 
[ OPT SUMMARY] Window=5 epochs | Variables=35 | TRDDCP=1 PSR=60 DOPPLER=4 | Time=13.2 ms
[ OPT EFFECT] cost 5.608e+07 -> 1.112e+07 | |Δpos_solve|=5.7163 m | FGO-SPP gap=2.9264 m
[1;32mCURRENT POS | [31.40325590, 121.26421828, 22.358]| VEL:[0.92, 0.31, -0.58][E0906 17:45:21.983587 41327 covariance_impl.cc:827] Error: Covariance matrix is near rank deficient and the user did not specify a non-zeroCovariance::Options::null_space_rank to enable the computation of a Pseudo-Inverse. Reciprocal condition number: 0 min_reciprocal_condition_number: 1.95146e-40
[33m[WARN] [1788687921.983615459]: [FactorGraph::getCovarianceMatrixOfLatestEpoch] Covariance::Compute failed (length=5)[0m
0m 
Ingested new data for time frame 14650209650.04 with 31 observations.
  Systems: G=8 R=7 E=8 C=8 | L1=30 L2=15 Dual=15
[DOPPLER FACTOR] Added 4 .
[  PSR   FACTOR] Added 60 | weight(1/m): min=0.456 max=1 mean=0.908
[POST-FIT RESIDUALS] epoch#17 (weighted, at solved states)
  DOPPLER n=12   |r| mean=0.3293 max=2.16
  PSR     n=60   |r| mean=2.044e+05 max=1.164e+06
Adjusted MaxTRNum : 29650746. 
[ OPT SUMMARY] Window=5 epochs | Variables=35 | TRDDCP=1 PSR=60 DOPPLER=4 | Time=25.9 ms
[ OPT EFFECT] cost 6.345e+07 -> 1.227e+07 | |Δpos_solve|=6.0569 m | FGO-SPP gap=3.9122 m
[1;32mCURRENT POS | [31.40325947, 121.26420254, 22.205]| VEL:[0.72, 0.58, -0.05][0m 
Ingested new data for time frame 14650209660.04 with 30 observations.
  Systems: G=8 R=7 E=7 C=8 | L1=30 L2=15 Dual=15
[DOPPLER FACTOR] Added 4 .
[  PSR   FACTOR] Added 60 | weight(1/m): min=0.478 max=1 mean=0.907
[POST-FIT RESIDUALS] epoch#18 (weighted, at solved states)
  DOPPLER n=12   |r| mean=0.3954 max=1.704
  PSR     n=60   |r| mean=2.06e+05 max=1.138e+06
[0m[INFO] [1788687922.961011365]: Latest ENU sigma [m]: E=1.3597 N=1.3470 U=4.0871[0m
Adjusted MaxTRNum : 63925444. 
[ OPT SUMMARY] Window=5 epochs | Variables=35 | TRDDCP=1 PSR=60 DOPPLER=4 | Time=23.2 ms
[ OPT EFFECT] cost 6.336e+07 -> 1.236e+07 | |Δpos_solve|=5.3012 m | FGO-SPP gap=1.7568 m
[1;32mCURRENT POS | [31.40325915, 121.26419203, 22.548]| VEL:[0.97, 0.37, -0.31][0m 
Ingested new data for time frame 14650209670.04 with 30 observations.
  Systems: G=8 R=7 E=7 C=8 | L1=30 L2=15 Dual=15
[DOPPLER FACTOR] Added 4 .
[  PSR   FACTOR] Added 60 | weight(1/m): min=0.659 max=1 mean=0.887
[POST-FIT RESIDUALS] epoch#19 (weighted, at solved states)
  DOPPLER n=12   |r| mean=0.3134 max=2.076
  PSR     n=60   |r| mean=2.099e+05 max=1.165e+06
[0m[INFO] [1788687923.965097198]: Latest ENU sigma [m]: E=1.3824 N=1.1802 U=3.5434[0m
Adjusted MaxTRNum : 125496803. 
[ OPT SUMMARY] Window=5 epochs | Variables=35 | TRDDCP=1 PSR=60 DOPPLER=4 | Time=25.5 ms
[ OPT EFFECT] cost 6.201e+07 -> 1.26e+07 | |Δpos_solve|=5.5146 m | FGO-SPP gap=1.9669 m
[1;32mCURRENT POS | [31.40325745, 121.26418044, 21.696]| VEL:[0.73, 0.24, -0.37][0m 
Ingested new data for time frame 14650209680.04 with 29 observations.
  Systems: G=8 R=7 E=7 C=7 | L1=29 L2=16 Dual=16
[DOPPLER FACTOR] Added 4 .
[  PSR   FACTOR] Added 60 | weight(1/m): min=0.813 max=1 mean=0.926
[POST-FIT RESIDUALS] epoch#20 (weighted, at solved states)
  DOPPLER n=12   |r| mean=0.2924 max=2.279
  PSR     n=60   |r| mean=2.171e+05 max=1.165e+06
[0m[INFO] [1788687924.960007574]: Latest ENU sigma [m]: E=1.3303 N=1.2607 U=3.3262[0m
Adjusted MaxTRNum : 249445219. 
[ OPT SUMMARY] Window=5 epochs | Variables=35 | TRDDCP=1 PSR=60 DOPPLER=4 | Time=25.2 ms
[ OPT EFFECT] cost 6.474e+07 -> 1.303e+07 | |Δpos_solve|=6.0179 m | FGO-SPP gap=3.0366 m
[1;32mCURRENT POS | [31.40325510, 121.26417108, 22.358]| VEL:[0.78, 0.67, -0.25][0m 
Ingested new data for time frame 14650209690.04 with 29 observations.
  Systems: G=8 R=6 E=8 C=7 | L1=28 L2=15 Dual=15
[DOPPLER FACTOR] Added 4 .
[  PSR   FACTOR] Added 60 | weight(1/m): min=0.68 max=1 mean=0.884
[POST-FIT RESIDUALS] epoch#21 (weighted, at solved states)
  DOPPLER n=12   |r| mean=0.2658 max=1.616
  PSR     n=60   |r| mean=2.054e+05 max=1.153e+06
[0m[INFO] [1788687925.972269085]: Latest ENU sigma [m]: E=1.4013 N=1.2289 U=3.9119[0m
Adjusted MaxTRNum : 543801384. 
[ OPT SUMMARY] Window=5 epochs | Variables=35 | TRDDCP=1 PSR=60 DOPPLER=4 | Time=22.9 ms
[ OPT EFFECT] cost 6.181e+07 -> 1.232e+07 | |Δpos_solve|=5.3980 m | FGO-SPP gap=2.1685 m
[1;32mCURRENT POS | [31.40324959, 121.26416571, 22.343]| VEL:[0.70, 0.65, -0.25][0m 
Ingested new data for time frame 14650209700.04 with 29 observations.
  Systems: G=8 R=6 E=7 C=8 | L1=29 L2=15 Dual=15
[DOPPLER FACTOR] Added 4 .
[  PSR   FACTOR] Added 60 | weight(1/m): min=0.718 max=1 mean=0.921
[POST-FIT RESIDUALS] epoch#22 (weighted, at solved states)
  DOPPLER n=12   |r| mean=0.3214 max=1.551
  PSR     n=60   |r| mean=2.151e+05 max=1.157e+06
[0m[INFO] [1788687926.968515403]: Latest ENU sigma [m]: E=1.3583 N=1.2541 U=3.5509[0m
Adjusted MaxTRNum : 948340022. 
[ OPT SUMMARY] Window=5 epochs | Variables=35 | TRDDCP=1 PSR=60 DOPPLER=4 | Time=28.7 ms
[ OPT EFFECT] cost 6.442e+07 -> 1.291e+07 | |Δpos_solve|=5.1546 m | FGO-SPP gap=2.2064 m
[1;32mCURRENT POS | [31.40324789, 121.26415526, 22.491]| VEL:[0.77, 0.47, -0.29][0m 
Ingested new data for time frame 14650209710.04 with 29 observations.
  Systems: G=8 R=6 E=7 C=8 | L1=29 L2=15 Dual=15
[DOPPLER FACTOR] Added 4 .
[  PSR   FACTOR] Added 60 | weight(1/m): min=0.706 max=1 mean=0.881
[POST-FIT RESIDUALS] epoch#23 (weighted, at solved states)
  DOPPLER n=12   |r| mean=0.2748 max=1.542
  PSR     n=60   |r| mean=2.007e+05 max=1.141e+06
[0m[INFO] [1788687927.958710334]: Latest ENU sigma [m]: E=1.3972 N=1.2881 U=3.6704[0m
Adjusted MaxTRNum : 60. 
[ OPT SUMMARY] Window=5 epochs | Variables=35 | TRDDCP=1 PSR=60 DOPPLER=4 | Time=13.2 ms
[ OPT EFFECT] cost 6.163e+07 -> 1.204e+07 | |Δpos_solve|=5.0669 m | FGO-SPP gap=2.2643 m
[1;32mCURRENT POS | [31.40324765, 121.26414166, 22.308]| VEL:[0.59, 0.73, 0.01][0m 
Ingested new data for time frame 14650209720.04 with 29 observations.
  Systems: G=8 R=6 E=7 C=8 | L1=29 L2=15 Dual=15
[DOPPLER FACTOR] Added 4 .
[  PSR   FACTOR] Added 60 | weight(1/m): min=0.758 max=1 mean=0.891
[POST-FIT RESIDUALS] epoch#24 (weighted, at solved states)
  DOPPLER n=12   |r| mean=0.3369 max=1.276
  PSR     n=60   |r| mean=2.075e+05 max=1.165e+06
[0m[INFO] [1788687928.964539218]: Latest ENU sigma [m]: E=1.3747 N=1.1756 U=3.8292[0m
Adjusted MaxTRNum : 118. 
[ OPT SUMMARY] Window=5 epochs | Variables=35 | TRDDCP=1 PSR=60 DOPPLER=4 | Time=25.2 ms
[ OPT EFFECT] cost 6.228e+07 -> 1.245e+07 | |Δpos_solve|=5.4247 m | FGO-SPP gap=2.6583 m
[1;32mCURRENT POS | [31.40324508, 121.26413271, 22.103]| VEL:[0.51, 1.15, 0.14][0m 
Ingested new data for time frame 14650209730.04 with 29 observations.
  Systems: G=8 R=6 E=7 C=8 | L1=29 L2=15 Dual=15
[DOPPLER FACTOR] Added 4 .
[  PSR   FACTOR] Added 60 | weight(1/m): min=0.727 max=1 mean=0.89
[POST-FIT RESIDUALS] epoch#25 (weighted, at solved states)
  DOPPLER n=12   |r| mean=0.371 max=1.635
  PSR     n=60   |r| mean=2.094e+05 max=1.165e+06
[0m[INFO] [1788687929.954805247]: Latest ENU sigma [m]: E=1.3824 N=1.1801 U=3.7125[0m
Adjusted MaxTRNum : 381. 
[ OPT SUMMARY] Window=5 epochs | Variables=35 | TRDDCP=1 PSR=60 DOPPLER=4 | Time=15.5 ms
[ OPT EFFECT] cost 6.224e+07 -> 1.256e+07 | |Δpos_solve|=5.7141 m | FGO-SPP gap=2.8432 m
[1;32mCURRENT POS | [31.40324432, 121.26412012, 21.986]| VEL:[1.08, 0.30, -0.46][0m 
Ingested new data for time frame 14650209740.04 with 29 observations.
  Systems: G=8 R=6 E=7 C=8 | L1=29 L2=15 Dual=15
[DOPPLER FACTOR] Added 4 .
[  PSR   FACTOR] Added 60 | weight(1/m): min=0.752 max=0.992 mean=0.91
[POST-FIT RESIDUALS] epoch#26 (weighted, at solved states)
  DOPPLER n=12   |r| mean=0.3823 max=1.65
  PSR     n=60   |r| mean=2.123e+05 max=1.157e+06
[0m[INFO] [1788687930.981496913]: Latest ENU sigma [m]: E=1.3518 N=1.3299 U=4.0652[0m
Adjusted MaxTRNum : 614. 
[ OPT SUMMARY] Window=5 epochs | Variables=35 | TRDDCP=1 PSR=60 DOPPLER=4 | Time=31.0 ms
[ OPT EFFECT] cost 6.367e+07 -> 1.274e+07 | |Δpos_solve|=5.5372 m | FGO-SPP gap=1.7646 m
[1;32mCURRENT POS | [31.40324175, 121.26410924, 22.207]| VEL:[0.75, 0.64, -0.20][0m 
Ingested new data for time frame 14650209750.04 with 29 observations.
  Systems: G=8 R=6 E=7 C=8 | L1=29 L2=15 Dual=15
[DOPPLER FACTOR] Added 4 .
[  PSR   FACTOR] Added 60 | weight(1/m): min=0.722 max=0.98 mean=0.888
[POST-FIT RESIDUALS] epoch#27 (weighted, at solved states)
  DOPPLER n=12   |r| mean=0.3214 max=1.95
  PSR     n=60   |r| mean=2.069e+05 max=1.143e+06
[0m[INFO] [1788687931.968153184]: Latest ENU sigma [m]: E=1.4136 N=1.2149 U=3.7485[0m
Adjusted MaxTRNum : 1397. 
[ OPT SUMMARY] Window=5 epochs | Variables=35 | TRDDCP=1 PSR=60 DOPPLER=4 | Time=22.0 ms
[ OPT EFFECT] cost 6.211e+07 -> 1.241e+07 | |Δpos_solve|=5.4131 m | FGO-SPP gap=1.7609 m
[1;32mCURRENT POS | [31.40323907, 121.26410043, 22.523]| VEL:[0.66, 0.76, -0.04][0m 
Ingested new data for time frame 14650209760.04 with 29 observations.
  Systems: G=8 R=6 E=7 C=8 | L1=29 L2=15 Dual=15
[DOPPLER FACTOR] Added 4 .
[  PSR   FACTOR] Added 60 | weight(1/m): min=0.739 max=1 mean=0.909
[POST-FIT RESIDUALS] epoch#28 (weighted, at solved states)
  DOPPLER n=12   |r| mean=0.4054 max=1.338
  PSR     n=60   |r| mean=2.103e+05 max=1.153e+06
[0m[INFO] [1788687932.975718766]: Latest ENU sigma [m]: E=1.3801 N=1.2584 U=3.6916[0m
Adjusted MaxTRNum : 2911. 
[ OPT SUMMARY] Window=5 epochs | Variables=35 | TRDDCP=1 PSR=60 DOPPLER=4 | Time=24.0 ms
[ OPT EFFECT] cost 6.359e+07 -> 1.262e+07 | |Δpos_solve|=5.9535 m | FGO-SPP gap=2.6104 m
[1;32mCURRENT POS | [31.40323863, 121.26409074, 21.901]| VEL:[0.87, 0.45, -0.40][0m 
Ingested new data for time frame 14650209770.04 with 29 observations.
  Systems: G=8 R=6 E=7 C=8 | L1=29 L2=15 Dual=15
[DOPPLER FACTOR] Added 4 .
[  PSR   FACTOR] Added 60 | weight(1/m): min=0.781 max=1 mean=0.904
[POST-FIT RESIDUALS] epoch#29 (weighted, at solved states)
  DOPPLER n=12   |r| mean=0.4404 max=1.863
  PSR     n=60   |r| mean=2.096e+05 max=1.159e+06
[0m[INFO] [1788687933.962690091]: Latest ENU sigma [m]: E=1.3517 N=1.3429 U=4.1723[0m
Adjusted MaxTRNum : 10225. 
[ OPT SUMMARY] Window=5 epochs | Variables=35 | TRDDCP=1 PSR=60 DOPPLER=4 | Time=14.2 ms
[ OPT EFFECT] cost 6.326e+07 -> 1.257e+07 | |Δpos_solve|=6.1367 m | FGO-SPP gap=3.1576 m
[1;32mCURRENT POS | [31.40323710, 121.26408034, 22.249]| VEL:[0.62, 0.64, -0.09][0m 
Ingested new data for time frame 14650209780.04 with 29 observations.
  Systems: G=8 R=6 E=7 C=8 | L1=29 L2=15 Dual=15
[DOPPLER FACTOR] Added 4 .
[  PSR   FACTOR] Added 60 | weight(1/m): min=0.742 max=1 mean=0.894
[POST-FIT RESIDUALS] epoch#30 (weighted, at solved states)
  DOPPLER n=12   |r| mean=0.347 max=1.266
  PSR     n=60   |r| mean=2.07e+05 max=1.137e+06
[0m[INFO] [1788687934.961709164]: Latest ENU sigma [m]: E=1.3821 N=1.2043 U=3.8218[0m
Adjusted MaxTRNum : 19951. 
[ OPT SUMMARY] Window=5 epochs | Variables=35 | TRDDCP=1 PSR=60 DOPPLER=4 | Time=25.6 ms
[ OPT EFFECT] cost 6.257e+07 -> 1.242e+07 | |Δpos_solve|=5.2581 m | FGO-SPP gap=2.7853 m
[1;32mCURRENT POS | [31.40323522, 121.26407158, 21.439]| VEL:[0.70, 0.63, -0.11][0m 
Ingested new data for time frame 14650209790.04 with 29 observations.
  Systems: G=8 R=6 E=7 C=8 | L1=29 L2=16 Dual=16
[DOPPLER FACTOR] Added 4 .
[  PSR   FACTOR] Added 60 | weight(1/m): min=0.733 max=1 mean=0.893
[POST-FIT RESIDUALS] epoch#31 (weighted, at solved states)
  DOPPLER n=12   |r| mean=0.324 max=2.13
  PSR     n=60   |r| mean=2.102e+05 max=1.157e+06
[0m[INFO] [1788687935.974349992]: Latest ENU sigma [m]: E=1.4264 N=1.3013 U=3.9434[0m
Adjusted MaxTRNum : 43142. 
[ OPT SUMMARY] Window=5 epochs | Variables=35 | TRDDCP=1 PSR=60 DOPPLER=4 | Time=23.1 ms
[ OPT EFFECT] cost 6.248e+07 -> 1.261e+07 | |Δpos_solve|=5.9671 m | FGO-SPP gap=4.3545 m
[1;32mCURRENT POS | [31.40323549, 121.26405704, 21.373]| VEL:[0.92, 0.71, -0.16][0m 
Ingested new data for time frame 14650209800.04 with 29 observations.
  Systems: G=8 R=6 E=7 C=8 | L1=29 L2=15 Dual=15
[DOPPLER FACTOR] Added 4 .
[  PSR   FACTOR] Added 60 | weight(1/m): min=0.696 max=1 mean=0.882
[POST-FIT RESIDUALS] epoch#32 (weighted, at solved states)
  DOPPLER n=12   |r| mean=0.3168 max=2.604
  PSR     n=60   |r| mean=2.051e+05 max=1.166e+06
[0m[INFO] [1788687936.965214182]: Latest ENU sigma [m]: E=1.3460 N=1.3082 U=4.1222[0m
Adjusted MaxTRNum : 79235. 
[ OPT SUMMARY] Window=5 epochs | Variables=35 | TRDDCP=1 PSR=60 DOPPLER=4 | Time=27.2 ms
[ OPT EFFECT] cost 6.171e+07 -> 1.23e+07 | |Δpos_solve|=7.1295 m | FGO-SPP gap=4.9426 m
[1;32mCURRENT POS | [31.40323241, 121.26404728, 21.676]| VEL:[0.68, 0.70, -0.00][0m 
Ingested new data for time frame 14650209810.04 with 30 observations.
  Systems: G=8 R=6 E=8 C=8 | L1=30 L2=15 Dual=15
[DOPPLER FACTOR] Added 4 .
[  PSR   FACTOR] Added 60 | weight(1/m): min=0.771 max=1 mean=0.901
[POST-FIT RESIDUALS] epoch#33 (weighted, at solved states)
  DOPPLER n=12   |r| mean=0.4069 max=1.632
  PSR     n=60   |r| mean=2.096e+05 max=1.16e+06
[0m[INFO] [1788687937.954760089]: Latest ENU sigma [m]: E=1.6765 N=1.1198 U=4.2070[0m
Adjusted MaxTRNum : 252957. 
[ OPT SUMMARY] Window=5 epochs | Variables=35 | TRDDCP=1 PSR=60 DOPPLER=4 | Time=15.7 ms
[ OPT EFFECT] cost 6.31e+07 -> 1.257e+07 | |Δpos_solve|=8.3320 m | FGO-SPP gap=5.2712 m
[1;32mCURRENT POS | [31.40322949, 121.26403988, 21.760]| VEL:[0.64, 0.89, -0.14][0m 
Ingested new data for time frame 14650209820.04 with 30 observations.
  Systems: G=8 R=6 E=8 C=8 | L1=30 L2=15 Dual=15
[DOPPLER FACTOR] Added 4 .
[  PSR   FACTOR] Added 60 | weight(1/m): min=0.714 max=1 mean=0.869
[POST-FIT RESIDUALS] epoch#34 (weighted, at solved states)
  DOPPLER n=12   |r| mean=0.3478 max=1.328
  PSR     n=60   |r| mean=2.027e+05 max=1.155e+06
[0m[INFO] [1788687938.981584247]: Latest ENU sigma [m]: E=1.4209 N=1.2317 U=3.7683[0m
Adjusted MaxTRNum : 519490. 
[ OPT SUMMARY] Window=5 epochs | Variables=35 | TRDDCP=1 PSR=60 DOPPLER=4 | Time=24.3 ms
[ OPT EFFECT] cost 6.082e+07 -> 1.216e+07 | |Δpos_solve|=5.4345 m | FGO-SPP gap=2.6617 m
[1;32mCURRENT POS | [31.40322955, 121.26402742, 21.191]| VEL:[0.68, 0.52, -0.32][0m 
Ingested new data for time frame 14650209830.04 with 30 observations.
  Systems: G=8 R=6 E=8 C=8 | L1=30 L2=15 Dual=15
[DOPPLER FACTOR] Added 4 .
[  PSR   FACTOR] Added 60 | weight(1/m): min=0.728 max=1 mean=0.876
[POST-FIT RESIDUALS] epoch#35 (weighted, at solved states)
  DOPPLER n=12   |r| mean=0.3179 max=1.203
  PSR     n=60   |r| mean=2.076e+05 max=1.167e+06
[0m[INFO] [1788687939.968822902]: Latest ENU sigma [m]: E=1.3847 N=1.3841 U=4.2612[0m
Adjusted MaxTRNum : 1465993. 
[ OPT SUMMARY] Window=5 epochs | Variables=35 | TRDDCP=1 PSR=60 DOPPLER=4 | Time=17.7 ms
[ OPT EFFECT] cost 6.132e+07 -> 1.246e+07 | |Δpos_solve|=5.4188 m | FGO-SPP gap=1.4393 m
[1;32mCURRENT POS | [31.40322557, 121.26402175, 21.631]| VEL:[0.70, 0.54, -0.23][0m 
Ingested new data for time frame 14650209840.04 with 30 observations.
  Systems: G=8 R=6 E=8 C=8 | L1=30 L2=15 Dual=15
[DOPPLER FACTOR] Added 4 .
[  PSR   FACTOR] Added 60 | weight(1/m): min=0.729 max=0.982 mean=0.886
[POST-FIT RESIDUALS] epoch#36 (weighted, at solved states)
  DOPPLER n=12   |r| mean=0.3857 max=1.454
  PSR     n=60   |r| mean=2.075e+05 max=1.146e+06
[0m[INFO] [1788687940.969938791]: Latest ENU sigma [m]: E=1.4392 N=1.2038 U=3.9455[0m
Adjusted MaxTRNum : 3167832. 
[ OPT SUMMARY] Window=5 epochs | Variables=35 | TRDDCP=1 PSR=60 DOPPLER=4 | Time=23.1 ms
[ OPT EFFECT] cost 6.205e+07 -> 1.245e+07 | |Δpos_solve|=5.9120 m | FGO-SPP gap=3.7854 m
[1;32mCURRENT POS | [31.40322443, 121.26400780, 21.165]| VEL:[0.77, 0.74, -0.07][0m 
Ingested new data for time frame 14650209850.04 with 30 observations.
  Systems: G=8 R=6 E=8 C=8 | L1=30 L2=15 Dual=15
[DOPPLER FACTOR] Added 4 .
[  PSR   FACTOR] Added 60 | weight(1/m): min=0.725 max=0.989 mean=0.889
[POST-FIT RESIDUALS] epoch#37 (weighted, at solved states)
  DOPPLER n=12   |r| mean=0.3195 max=1.259
  PSR     n=60   |r| mean=2.07e+05 max=1.155e+06
[0m[INFO] [1788687941.964999654]: Latest ENU sigma [m]: E=1.3999 N=1.3694 U=4.2537[0m
Adjusted MaxTRNum : 7325320. 
[ OPT SUMMARY] Window=5 epochs | Variables=35 | TRDDCP=1 PSR=60 DOPPLER=4 | Time=21.6 ms
[ OPT EFFECT] cost 6.228e+07 -> 1.242e+07 | |Δpos_solve|=5.4182 m | FGO-SPP gap=1.9814 m
[1;32mCURRENT POS | [31.40321979, 121.26400257, 21.371]| VEL:[0.90, 0.61, -0.07][0m 
Ingested new data for time frame 14650209860.04 with 30 observations.
  Systems: G=8 R=6 E=8 C=8 | L1=30 L2=15 Dual=15
[DOPPLER FACTOR] Added 4 .
[  PSR   FACTOR] Added 60 | weight(1/m): min=0.743 max=0.982 mean=0.905
[POST-FIT RESIDUALS] epoch#38 (weighted, at solved states)
  DOPPLER n=12   |r| mean=0.2904 max=1.591
  PSR     n=60   |r| mean=2.128e+05 max=1.147e+06
[0m[INFO] [1788687942.970775976]: Latest ENU sigma [m]: E=1.3798 N=1.2925 U=3.5683[0m
Adjusted MaxTRNum : 15438216. 
[ OPT SUMMARY] Window=5 epochs | Variables=35 | TRDDCP=1 PSR=60 DOPPLER=4 | Time=23.7 ms
[ OPT EFFECT] cost 6.342e+07 -> 1.277e+07 | |Δpos_solve|=5.2466 m | FGO-SPP gap=2.5164 m
[1;32mCURRENT POS | [31.40321727, 121.26399084, 21.250]| VEL:[0.59, 0.77, -0.04][0m 
Ingested new data for time frame 14650209870.04 with 30 observations.
  Systems: G=8 R=7 E=7 C=8 | L1=30 L2=15 Dual=15
[DOPPLER FACTOR] Added 4 .
[  PSR   FACTOR] Added 60 | weight(1/m): min=0.752 max=0.983 mean=0.908
[POST-FIT RESIDUALS] epoch#39 (weighted, at solved states)
  DOPPLER n=12   |r| mean=0.6061 max=2.32
  PSR     n=60   |r| mean=2.115e+05 max=1.148e+06
[0m[INFO] [1788687943.963417216]: Latest ENU sigma [m]: E=1.4050 N=1.5501 U=4.7515[0m
Adjusted MaxTRNum : 31982268. 
[ OPT SUMMARY] Window=5 epochs | Variables=35 | TRDDCP=1 PSR=60 DOPPLER=4 | Time=24.1 ms
[ OPT EFFECT] cost 6.364e+07 -> 1.269e+07 | |Δpos_solve|=10.8024 m | FGO-SPP gap=10.2037 m
[1;32mCURRENT POS | [31.40321519, 121.26398194, 21.108]| VEL:[0.77, 0.74, -0.15][0m 
Ingested new data for time frame 14650209880.04 with 29 observations.
  Systems: G=8 R=6 E=7 C=8 | L1=29 L2=15 Dual=15
[DOPPLER FACTOR] Added 4 .
[  PSR   FACTOR] Added 60 | weight(1/m): min=0.779 max=1 mean=0.911
[POST-FIT RESIDUALS] epoch#40 (weighted, at solved states)
  DOPPLER n=12   |r| mean=0.6906 max=3.036
  PSR     n=60   |r| mean=2.145e+05 max=1.154e+06
[0m[INFO] [1788687944.975691961]: Latest ENU sigma [m]: E=1.4340 N=1.5748 U=4.9958[0m
Adjusted MaxTRNum : 63876680. 
[ OPT SUMMARY] Window=5 epochs | Variables=35 | TRDDCP=1 PSR=60 DOPPLER=4 | Time=25.0 ms
[ OPT EFFECT] cost 6.385e+07 -> 1.287e+07 | |Δpos_solve|=12.6786 m | FGO-SPP gap=12.5007 m
[1;32mCURRENT POS | [31.40321366, 121.26397022, 21.275]| VEL:[0.91, 0.31, -0.44][0m 
Ingested new data for time frame 14650209890.04 with 30 observations.
  Systems: G=8 R=6 E=8 C=8 | L1=30 L2=15 Dual=15
[DOPPLER FACTOR] Added 4 .
[  PSR   FACTOR] Added 60 | weight(1/m): min=0.814 max=1 mean=0.911
[POST-FIT RESIDUALS] epoch#41 (weighted, at solved states)
  DOPPLER n=12   |r| mean=0.2473 max=1.732
  PSR     n=60   |r| mean=2.115e+05 max=1.158e+06
[0m[INFO] [1788687945.970354460]: Latest ENU sigma [m]: E=1.3935 N=1.2944 U=3.6090[0m
Adjusted MaxTRNum : 141135238. 
[ OPT SUMMARY] Window=5 epochs | Variables=35 | TRDDCP=1 PSR=60 DOPPLER=4 | Time=22.6 ms
[ OPT EFFECT] cost 6.381e+07 -> 1.269e+07 | |Δpos_solve|=5.4098 m | FGO-SPP gap=2.5995 m
[1;32mCURRENT POS | [31.40321234, 121.26396198, 20.987]| VEL:[0.73, 0.47, -0.40][0m 
Ingested new data for time frame 14650209900.04 with 31 observations.
  Systems: G=8 R=6 E=9 C=8 | L1=31 L2=15 Dual=15
[DOPPLER FACTOR] Added 4 .
[  PSR   FACTOR] Added 60 | weight(1/m): min=0.728 max=1 mean=0.88
[POST-FIT RESIDUALS] epoch#42 (weighted, at solved states)
  DOPPLER n=12   |r| mean=0.3307 max=1.359
  PSR     n=60   |r| mean=2.03e+05 max=1.138e+06
[0m[INFO] [1788687946.967271681]: Latest ENU sigma [m]: E=1.3896 N=1.3837 U=4.2279[0m
Adjusted MaxTRNum : 526320170. 
[ OPT SUMMARY] Window=5 epochs | Variables=35 | TRDDCP=1 PSR=60 DOPPLER=4 | Time=13.4 ms
[ OPT EFFECT] cost 6.168e+07 -> 1.218e+07 | |Δpos_solve|=5.0214 m | FGO-SPP gap=2.3657 m
[1;32mCURRENT POS | [31.40321301, 121.26394760, 20.591]| VEL:[0.81, 0.76, -0.15][0m 
Ingested new data for time frame 14650209910.04 with 31 observations.
  Systems: G=8 R=6 E=9 C=8 | L1=31 L2=15 Dual=15
[DOPPLER FACTOR] Added 4 .
[  PSR   FACTOR] Added 60 | weight(1/m): min=0.721 max=1 mean=0.896
[POST-FIT RESIDUALS] epoch#43 (weighted, at solved states)
  DOPPLER n=12   |r| mean=0.3333 max=1.553
  PSR     n=60   |r| mean=2.068e+05 max=1.138e+06
[0m[INFO] [1788687947.967111808]: Latest ENU sigma [m]: E=1.3775 N=1.1666 U=3.7360[0m
Adjusted MaxTRNum : 1423583644. 
[ OPT SUMMARY] Window=5 epochs | Variables=35 | TRDDCP=1 PSR=60 DOPPLER=4 | Time=18.5 ms
[ OPT EFFECT] cost 6.282e+07 -> 1.241e+07 | |Δpos_solve|=4.9885 m | FGO-SPP gap=1.4015 m
[1;32mCURRENT POS | [31.40320841, 121.26393941, 20.976]| VEL:[0.91, 0.56, -0.26][0m 
Ingested new data for time frame 14650209920.04 with 31 observations.
  Systems: G=8 R=6 E=9 C=8 | L1=31 L2=15 Dual=15
[DOPPLER FACTOR] Added 4 .
[  PSR   FACTOR] Added 60 | weight(1/m): min=0.716 max=1 mean=0.922
[POST-FIT RESIDUALS] epoch#44 (weighted, at solved states)
  DOPPLER n=12   |r| mean=0.2814 max=1.739
  PSR     n=60   |r| mean=2.151e+05 max=1.168e+06
[0m[INFO] [1788687948.979878199]: Latest ENU sigma [m]: E=1.3684 N=1.1935 U=3.6107[0m
Adjusted MaxTRNum : 60. 
[ OPT SUMMARY] Window=5 epochs | Variables=35 | TRDDCP=1 PSR=60 DOPPLER=4 | Time=21.1 ms
[ OPT EFFECT] cost 6.463e+07 -> 1.291e+07 | |Δpos_solve|=5.2910 m | FGO-SPP gap=1.6019 m
[1;32mCURRENT POS | [31.40320816, 121.26392589, 20.513]| VEL:[0.72, 0.65, -0.14][0m 
Ingested new data for time frame 14650209930.04 with 31 observations.
  Systems: G=8 R=6 E=9 C=8 | L1=31 L2=15 Dual=15
[DOPPLER FACTOR] Added 4 .
[  PSR   FACTOR] Added 60 | weight(1/m): min=0.722 max=1 mean=0.912
[POST-FIT RESIDUALS] epoch#45 (weighted, at solved states)
  DOPPLER n=12   |r| mean=0.4272 max=1.496
  PSR     n=60   |r| mean=2.196e+05 max=1.168e+06
[0m[INFO] [1788687949.964630267]: Latest ENU sigma [m]: E=1.4429 N=1.1708 U=3.6650[0m
Adjusted MaxTRNum : 228. 
[ OPT SUMMARY] Window=5 epochs | Variables=35 | TRDDCP=1 PSR=60 DOPPLER=4 | Time=13.1 ms
[ OPT EFFECT] cost 6.397e+07 -> 1.318e+07 | |Δpos_solve|=7.4985 m | FGO-SPP gap=5.9177 m
[1;32mCURRENT POS | [31.40320550, 121.26391745, 20.531]| VEL:[0.79, 0.66, -0.12][0m 
Ingested new data for time frame 14650209940.04 with 31 observations.
  Systems: G=8 R=6 E=9 C=8 | L1=31 L2=15 Dual=15
[DOPPLER FACTOR] Added 4 .
[  PSR   FACTOR] Added 60 | weight(1/m): min=0.761 max=0.988 mean=0.909
[POST-FIT RESIDUALS] epoch#46 (weighted, at solved states)
  DOPPLER n=12   |r| mean=0.4866 max=1.974
  PSR     n=60   |r| mean=2.116e+05 max=1.154e+06
[0m[INFO] [1788687950.972295376]: Latest ENU sigma [m]: E=1.4283 N=1.1626 U=3.6212[0m
Adjusted MaxTRNum : 493. 
[ OPT SUMMARY] Window=5 epochs | Variables=35 | TRDDCP=1 PSR=60 DOPPLER=4 | Time=23.1 ms
[ OPT EFFECT] cost 6.372e+07 -> 1.27e+07 | |Δpos_solve|=9.1875 m | FGO-SPP gap=7.4834 m
[1;32mCURRENT POS | [31.40320314, 121.26390787, 21.048]| VEL:[0.84, 0.58, -0.07][0m 
Ingested new data for time frame 14650209950.04 with 31 observations.
  Systems: G=8 R=6 E=9 C=8 | L1=31 L2=15 Dual=15
[DOPPLER FACTOR] Added 4 .
[  PSR   FACTOR] Added 60 | weight(1/m): min=0.755 max=1 mean=0.906
[POST-FIT RESIDUALS] epoch#47 (weighted, at solved states)
  DOPPLER n=12   |r| mean=0.5201 max=2.6
  PSR     n=60   |r| mean=2.115e+05 max=1.149e+06
[0m[INFO] [1788687951.970640756]: Latest ENU sigma [m]: E=1.4072 N=1.1700 U=3.6190[0m
Adjusted MaxTRNum : 1870. 
[ OPT SUMMARY] Window=5 epochs | Variables=35 | TRDDCP=1 PSR=60 DOPPLER=4 | Time=13.2 ms
[ OPT EFFECT] cost 6.357e+07 -> 1.269e+07 | |Δpos_solve|=9.9811 m | FGO-SPP gap=8.3555 m
[1;32mCURRENT POS | [31.40320236, 121.26389673, 20.932]| VEL:[0.94, 0.62, -0.20][0m 
Ingested new data for time frame 14650209960.04 with 31 observations.
  Systems: G=8 R=6 E=9 C=8 | L1=31 L2=15 Dual=15
[DOPPLER FACTOR] Added 4 .
[  PSR   FACTOR] Added 60 | weight(1/m): min=0.698 max=1 mean=0.886
[POST-FIT RESIDUALS] epoch#48 (weighted, at solved states)
  DOPPLER n=12   |r| mean=0.3978 max=2.191
  PSR     n=60   |r| mean=2.076e+05 max=1.163e+06
[0m[INFO] [1788687952.973624624]: Latest ENU sigma [m]: E=1.3761 N=1.2829 U=3.6686[0m
Adjusted MaxTRNum : 3618. 
[ OPT SUMMARY] Window=5 epochs | Variables=35 | TRDDCP=1 PSR=60 DOPPLER=4 | Time=25.8 ms
[ OPT EFFECT] cost 6.212e+07 -> 1.246e+07 | |Δpos_solve|=7.7667 m | FGO-SPP gap=5.0845 m
[1;32mCURRENT POS | [31.40320031, 121.26388476, 21.155]| VEL:[0.79, 0.53, -0.20][0m 
Ingested new data for time frame 14650209970.04 with 31 observations.
  Systems: G=8 R=6 E=9 C=8 | L1=31 L2=15 Dual=15
[DOPPLER FACTOR] Added 4 .
[  PSR   FACTOR] Added 60 | weight(1/m): min=0.747 max=1 mean=0.914
[POST-FIT RESIDUALS] epoch#49 (weighted, at solved states)
  DOPPLER n=12   |r| mean=0.3826 max=1.924
  PSR     n=60   |r| mean=2.139e+05 max=1.156e+06
[0m[INFO] [1788687953.966880103]: Latest ENU sigma [m]: E=1.5926 N=1.2018 U=3.4099[0m
Adjusted MaxTRNum : 10345. 
[ OPT SUMMARY] Window=5 epochs | Variables=35 | TRDDCP=1 PSR=60 DOPPLER=4 | Time=17.5 ms
[ OPT EFFECT] cost 6.412e+07 -> 1.283e+07 | |Δpos_solve|=7.7818 m | FGO-SPP gap=5.4992 m
[1;32mCURRENT POS | [31.40319660, 121.26387766, 20.948]| VEL:[0.83, 0.46, -0.18][0m 
Ingested new data for time frame 14650209980.04 with 31 observations.
  Systems: G=8 R=6 E=9 C=8 | L1=31 L2=15 Dual=15
[DOPPLER FACTOR] Added 4 .
[  PSR   FACTOR] Added 60 | weight(1/m): min=0.734 max=1 mean=0.902
[POST-FIT RESIDUALS] epoch#50 (weighted, at solved states)
  DOPPLER n=12   |r| mean=0.4113 max=2.724
  PSR     n=60   |r| mean=2.12e+05 max=1.162e+06
[0m[INFO] [1788687954.963879635]: Latest ENU sigma [m]: E=1.3553 N=1.2808 U=3.8486[0m
Adjusted MaxTRNum : 33745. 
[ OPT SUMMARY] Window=5 epochs | Variables=35 | TRDDCP=1 PSR=60 DOPPLER=4 | Time=15.3 ms
[ OPT EFFECT] cost 6.327e+07 -> 1.272e+07 | |Δpos_solve|=7.8588 m | FGO-SPP gap=5.6933 m
[1;32mCURRENT POS | [31.40319694, 121.26386647, 20.518]| VEL:[0.86, 0.62, -0.19][0m 
Ingested new data for time frame 14650209990.04 with 30 observations.
  Systems: G=8 R=6 E=8 C=8 | L1=30 L2=15 Dual=15
[DOPPLER FACTOR] Added 4 .
[  PSR   FACTOR] Added 60 | weight(1/m): min=0.737 max=1 mean=0.891
[POST-FIT RESIDUALS] epoch#51 (weighted, at solved states)
  DOPPLER n=12   |r| mean=0.4002 max=2.544
  PSR     n=60   |r| mean=2.119e+05 max=1.169e+06
[0m[INFO] [1788687955.970323412]: Latest ENU sigma [m]: E=1.3458 N=1.5564 U=4.2780[0m
Adjusted MaxTRNum : 118813. 
[ OPT SUMMARY] Window=5 epochs | Variables=35 | TRDDCP=1 PSR=60 DOPPLER=4 | Time=14.2 ms
[ OPT EFFECT] cost 6.248e+07 -> 1.271e+07 | |Δpos_solve|=6.9034 m | FGO-SPP gap=4.1043 m
[1;32mCURRENT POS | [31.40319329, 121.26385972, 20.927]| VEL:[0.75, 0.57, -0.29][0m 
Ingested new data for time frame 14650210000.04 with 29 observations.
  Systems: G=8 R=6 E=8 C=7 | L1=29 L2=15 Dual=15
[DOPPLER FACTOR] Added 4 .
[  PSR   FACTOR] Added 60 | weight(1/m): min=0.772 max=1 mean=0.903
[POST-FIT RESIDUALS] epoch#52 (weighted, at solved states)
  DOPPLER n=12   |r| mean=0.2828 max=1.947
  PSR     n=60   |r| mean=2.11e+05 max=1.164e+06
[0m[INFO] [1788687956.954976530]: Latest ENU sigma [m]: E=1.3998 N=1.2649 U=3.6082[0m
Adjusted MaxTRNum : 395010. 
[ OPT SUMMARY] Window=5 epochs | Variables=35 | TRDDCP=1 PSR=60 DOPPLER=4 | Time=15.0 ms
[ OPT EFFECT] cost 6.335e+07 -> 1.266e+07 | |Δpos_solve|=5.9534 m | FGO-SPP gap=3.3202 m
[1;32mCURRENT POS | [31.40319457, 121.26384653, 20.943]| VEL:[0.61, 0.76, 0.07][0m 
Ingested new data for time frame 14650210010.04 with 30 observations.
  Systems: G=8 R=6 E=8 C=8 | L1=30 L2=15 Dual=15
[DOPPLER FACTOR] Added 4 .
[  PSR   FACTOR] Added 60 | weight(1/m): min=0.734 max=1 mean=0.903
[POST-FIT RESIDUALS] epoch#53 (weighted, at solved states)
  DOPPLER n=12   |r| mean=0.4388 max=1.537
  PSR     n=60   |r| mean=2.108e+05 max=1.155e+06
[0m[INFO] [1788687957.963182444]: Latest ENU sigma [m]: E=1.3691 N=1.3144 U=4.0456[0m
Adjusted MaxTRNum : 1213973. 
[ OPT SUMMARY] Window=5 epochs | Variables=35 | TRDDCP=1 PSR=60 DOPPLER=4 | Time=16.3 ms
[ OPT EFFECT] cost 6.34e+07 -> 1.265e+07 | |Δpos_solve|=6.3348 m | FGO-SPP gap=3.3643 m
[1;32mCURRENT POS | [31.40319033, 121.26384210, 20.424]| VEL:[0.74, 0.78, -0.10][0m 
Ingested new data for time frame 14650210020.04 with 30 observations.
  Systems: G=8 R=6 E=8 C=8 | L1=30 L2=15 Dual=15
[DOPPLER FACTOR] Added 4 .
[  PSR   FACTOR] Added 60 | weight(1/m): min=0.749 max=1 mean=0.888
[POST-FIT RESIDUALS] epoch#54 (weighted, at solved states)
  DOPPLER n=12   |r| mean=0.3165 max=1.965
  PSR     n=60   |r| mean=2.08e+05 max=1.169e+06
[0m[INFO] [1788687958.973442960]: Latest ENU sigma [m]: E=1.4072 N=1.4010 U=4.7393[0m
Adjusted MaxTRNum : 2439511. 
[ OPT SUMMARY] Window=5 epochs | Variables=35 | TRDDCP=1 PSR=60 DOPPLER=4 | Time=24.9 ms
[ OPT EFFECT] cost 6.232e+07 -> 1.248e+07 | |Δpos_solve|=5.8250 m | FGO-SPP gap=4.1106 m
[1;32mCURRENT POS | [31.40319033, 121.26383216, 19.878]| VEL:[0.74, 0.41, -0.22][0m 
Ingested new data for time frame 14650210030.04 with 30 observations.
  Systems: G=8 R=6 E=8 C=8 | L1=30 L2=15 Dual=15
[DOPPLER FACTOR] Added 4 .
[  PSR   FACTOR] Added 60 | weight(1/m): min=0.81 max=1 mean=0.915
[POST-FIT RESIDUALS] epoch#55 (weighted, at solved states)
  DOPPLER n=12   |r| mean=0.3499 max=1.229
  PSR     n=60   |r| mean=2.133e+05 max=1.151e+06
[0m[INFO] [1788687959.963062230]: Latest ENU sigma [m]: E=1.3791 N=1.1576 U=3.8231[0m
Adjusted MaxTRNum : 9002841. 
[ OPT SUMMARY] Window=5 epochs | Variables=35 | TRDDCP=1 PSR=60 DOPPLER=4 | Time=13.5 ms
[ OPT EFFECT] cost 6.421e+07 -> 1.28e+07 | |Δpos_solve|=4.9933 m | FGO-SPP gap=2.4543 m
[1;32mCURRENT POS | [31.40318741, 121.26381875, 21.119]| VEL:[0.65, 0.80, 0.01][0m 
Ingested new data for time frame 14650210040.04 with 30 observations.
  Systems: G=8 R=6 E=8 C=8 | L1=30 L2=15 Dual=15
[DOPPLER FACTOR] Added 4 .
[  PSR   FACTOR] Added 60 | weight(1/m): min=0.718 max=1 mean=0.893
[POST-FIT RESIDUALS] epoch#56 (weighted, at solved states)
  DOPPLER n=12   |r| mean=0.3697 max=1.425
  PSR     n=60   |r| mean=2.074e+05 max=1.154e+06
[0m[INFO] [1788687960.975552972]: Latest ENU sigma [m]: E=1.3806 N=1.1918 U=3.7152[0m
Adjusted MaxTRNum : 16789646. 
[ OPT SUMMARY] Window=5 epochs | Variables=35 | TRDDCP=1 PSR=60 DOPPLER=4 | Time=26.8 ms
[ OPT EFFECT] cost 6.27e+07 -> 1.244e+07 | |Δpos_solve|=6.0537 m | FGO-SPP gap=3.5239 m
[1;32mCURRENT POS | [31.40318511, 121.26380704, 20.967]| VEL:[0.74, 0.56, -0.16][0m 
Ingested new data for time frame 14650210050.04 with 30 observations.
  Systems: G=8 R=6 E=8 C=8 | L1=30 L2=15 Dual=15
[DOPPLER FACTOR] Added 4 .
[  PSR   FACTOR] Added 60 | weight(1/m): min=0.699 max=1 mean=0.906
[POST-FIT RESIDUALS] epoch#57 (weighted, at solved states)
  DOPPLER n=12   |r| mean=0.3637 max=2.26
  PSR     n=60   |r| mean=2.147e+05 max=1.17e+06
[0m[INFO] [1788687961.975782169]: Latest ENU sigma [m]: E=1.3966 N=1.6020 U=4.6663[0m
Adjusted MaxTRNum : 33547939. 
[ OPT SUMMARY] Window=5 epochs | Variables=35 | TRDDCP=1 PSR=60 DOPPLER=4 | Time=25.0 ms
[ OPT EFFECT] cost 6.363e+07 -> 1.288e+07 | |Δpos_solve|=6.4623 m | FGO-SPP gap=4.9726 m
[1;32mCURRENT POS | [31.40318354, 121.26379232, 20.466]| VEL:[0.84, 0.35, -0.39][0m 
Ingested new data for time frame 14650210060.04 with 30 observations.
  Systems: G=8 R=6 E=8 C=8 | L1=30 L2=15 Dual=15
[DOPPLER FACTOR] Added 4 .
[  PSR   FACTOR] Added 60 | weight(1/m): min=0.696 max=1 mean=0.91
[POST-FIT RESIDUALS] epoch#58 (weighted, at solved states)
  DOPPLER n=12   |r| mean=0.3495 max=2.154
  PSR     n=60   |r| mean=2.168e+05 max=1.17e+06
[0m[INFO] [1788687962.963912538]: Latest ENU sigma [m]: E=1.3640 N=1.1301 U=3.6551[0m
Adjusted MaxTRNum : 117096729. 
[ OPT SUMMARY] Window=5 epochs | Variables=35 | TRDDCP=1 PSR=60 DOPPLER=4 | Time=14.3 ms
[ OPT EFFECT] cost 6.393e+07 -> 1.301e+07 | |Δpos_solve|=5.1501 m | FGO-SPP gap=1.9765 m
[1;32mCURRENT POS | [31.40318327, 121.26378229, 20.228]| VEL:[0.81, 0.47, -0.29][0m 
Ingested new data for time frame 14650210070.04 with 29 observations.
  Systems: G=8 R=6 E=8 C=7 | L1=29 L2=15 Dual=15
[DOPPLER FACTOR] Added 4 .
[  PSR   FACTOR] Added 60 | weight(1/m): min=0.716 max=0.989 mean=0.883
[POST-FIT RESIDUALS] epoch#59 (weighted, at solved states)
  DOPPLER n=12   |r| mean=0.4068 max=1.511
  PSR     n=60   |r| mean=2.047e+05 max=1.158e+06
[0m[INFO] [1788687963.950604574]: Latest ENU sigma [m]: E=1.3997 N=1.1828 U=3.7955[0m
Adjusted MaxTRNum : 375551248. 
[ OPT SUMMARY] Window=5 epochs | Variables=35 | TRDDCP=1 PSR=60 DOPPLER=4 | Time=15.6 ms
[ OPT EFFECT] cost 6.202e+07 -> 1.228e+07 | |Δpos_solve|=5.0768 m | FGO-SPP gap=2.4280 m
[1;32mCURRENT POS | [31.40317858, 121.26377378, 20.301]| VEL:[0.83, 0.52, -0.37][0m 
Ingested new data for time frame 14650210080.04 with 30 observations.
  Systems: G=8 R=6 E=8 C=8 | L1=30 L2=15 Dual=15
[DOPPLER FACTOR] Added 4 .
[  PSR   FACTOR] Added 60 | weight(1/m): min=0.754 max=0.995 mean=0.893
[POST-FIT RESIDUALS] epoch#60 (weighted, at solved states)
  DOPPLER n=12   |r| mean=0.4238 max=2.116
  PSR     n=60   |r| mean=2.086e+05 max=1.164e+06
[0m[INFO] [1788687964.957106081]: Latest ENU sigma [m]: E=1.4139 N=1.4108 U=4.7280[0m
Adjusted MaxTRNum : 1340331064. 
[ OPT SUMMARY] Window=5 epochs | Variables=35 | TRDDCP=1 PSR=60 DOPPLER=4 | Time=14.0 ms
[ OPT EFFECT] cost 6.271e+07 -> 1.252e+07 | |Δpos_solve|=7.3826 m | FGO-SPP gap=5.2445 m
[1;32mCURRENT POS | [31.40317861, 121.26376400, 20.084]| VEL:[1.02, 0.34, -0.40][0m 
Ingested new data for time frame 14650210090.04 with 31 observations.
  Systems: G=8 R=6 E=9 C=8 | L1=31 L2=15 Dual=15
[DOPPLER FACTOR] Added 4 .
[  PSR   FACTOR] Added 60 | weight(1/m): min=0.721 max=1 mean=0.907
[POST-FIT RESIDUALS] epoch#61 (weighted, at solved states)
  DOPPLER n=12   |r| mean=0.3532 max=1.461
  PSR     n=60   |r| mean=2.105e+05 max=1.156e+06
[0m[INFO] [1788687965.963542260]: Latest ENU sigma [m]: E=1.3722 N=1.2614 U=3.5901[0m
Adjusted MaxTRNum : 60. 
[ OPT SUMMARY] Window=5 epochs | Variables=35 | TRDDCP=1 PSR=60 DOPPLER=4 | Time=13.8 ms
[ OPT EFFECT] cost 6.372e+07 -> 1.263e+07 | |Δpos_solve|=5.3516 m | FGO-SPP gap=2.5452 m
[1;32mCURRENT POS | [31.40317927, 121.26375139, 20.119]| VEL:[0.57, 0.62, -0.28][0m 
Ingested new data for time frame 14650210100.04 with 31 observations.
  Systems: G=8 R=6 E=9 C=8 | L1=31 L2=15 Dual=15
[DOPPLER FACTOR] Added 4 .
[  PSR   FACTOR] Added 60 | weight(1/m): min=0.765 max=1 mean=0.891
[POST-FIT RESIDUALS] epoch#62 (weighted, at solved states)
  DOPPLER n=12   |r| mean=0.2898 max=0.9797
  PSR     n=60   |r| mean=2.083e+05 max=1.152e+06
[0m[INFO] [1788687966.963023403]: Latest ENU sigma [m]: E=1.4513 N=1.2055 U=3.7520[0m
Adjusted MaxTRNum : 191. 
[ OPT SUMMARY] Window=5 epochs | Variables=35 | TRDDCP=1 PSR=60 DOPPLER=4 | Time=15.6 ms
[ OPT EFFECT] cost 6.26e+07 -> 1.25e+07 | |Δpos_solve|=5.2772 m | FGO-SPP gap=3.5435 m
[1;32mCURRENT POS | [31.40317601, 121.26374021, 20.703]| VEL:[0.77, 0.78, 0.04][0m 
Ingested new data for time frame 14650210110.04 with 31 observations.
  Systems: G=8 R=6 E=9 C=8 | L1=31 L2=15 Dual=15
[DOPPLER FACTOR] Added 4 .
[  PSR   FACTOR] Added 60 | weight(1/m): min=0.69 max=1 mean=0.876
[POST-FIT RESIDUALS] epoch#63 (weighted, at solved states)
  DOPPLER n=12   |r| mean=0.3311 max=1.513
  PSR     n=60   |r| mean=2.055e+05 max=1.166e+06
[0m[INFO] [1788687967.966282286]: Latest ENU sigma [m]: E=1.4102 N=1.2119 U=3.6797[0m
Adjusted MaxTRNum : 539. 
[ OPT SUMMARY] Window=5 epochs | Variables=35 | TRDDCP=1 PSR=60 DOPPLER=4 | Time=17.7 ms
[ OPT EFFECT] cost 6.156e+07 -> 1.233e+07 | |Δpos_solve|=5.9854 m | FGO-SPP gap=3.7229 m
[1;32mCURRENT POS | [31.40317352, 121.26373128, 20.846]| VEL:[1.09, 0.37, -0.33][0m 
Ingested new data for time frame 14650210120.04 with 31 observations.
  Systems: G=8 R=6 E=9 C=8 | L1=31 L2=15 Dual=15
[DOPPLER FACTOR] Added 4 .
[  PSR   FACTOR] Added 60 | weight(1/m): min=0.691 max=1 mean=0.88
[POST-FIT RESIDUALS] epoch#64 (weighted, at solved states)
  DOPPLER n=12   |r| mean=0.3047 max=1.622
  PSR     n=60   |r| mean=2.058e+05 max=1.165e+06
[0m[INFO] [1788687968.963251903]: Latest ENU sigma [m]: E=1.1672 N=1.3989 U=3.4933[0m
Adjusted MaxTRNum : 1875. 
[ OPT SUMMARY] Window=5 epochs | Variables=35 | TRDDCP=1 PSR=60 DOPPLER=4 | Time=14.4 ms
[ OPT EFFECT] cost 6.185e+07 -> 1.235e+07 | |Δpos_solve|=6.2311 m | FGO-SPP gap=2.3166 m
[1;32mCURRENT POS | [31.40317080, 121.26372275, 20.948]| VEL:[0.68, 0.41, -0.14][0m 
Ingested new data for time frame 14650210130.04 with 31 observations.
  Systems: G=8 R=6 E=9 C=8 | L1=31 L2=15 Dual=15
[DOPPLER FACTOR] Added 4 .
[  PSR   FACTOR] Added 60 | weight(1/m): min=0.708 max=1 mean=0.893
[POST-FIT RESIDUALS] epoch#65 (weighted, at solved states)
  DOPPLER n=12   |r| mean=0.4634 max=2.233
  PSR     n=60   |r| mean=2.11e+05 max=1.171e+06
[0m[INFO] [1788687969.977329304]: Latest ENU sigma [m]: E=1.1479 N=1.4721 U=3.3065[0m
Adjusted MaxTRNum : 7048. 
[ OPT SUMMARY] Window=5 epochs | Variables=35 | TRDDCP=1 PSR=60 DOPPLER=4 | Time=13.3 ms
[ OPT EFFECT] cost 6.278e+07 -> 1.266e+07 | |Δpos_solve|=8.1889 m | FGO-SPP gap=6.8113 m
[1;32mCURRENT POS | [31.40316845, 121.26370955, 20.826]| VEL:[0.51, 0.93, -0.04][0m 
Ingested new data for time frame 14650210140.04 with 31 observations.
  Systems: G=8 R=6 E=9 C=8 | L1=31 L2=15 Dual=15
[DOPPLER FACTOR] Added 4 .
[  PSR   FACTOR] Added 60 | weight(1/m): min=0.741 max=0.973 mean=0.894
[POST-FIT RESIDUALS] epoch#66 (weighted, at solved states)
  DOPPLER n=12   |r| mean=0.3488 max=2.378
  PSR     n=60   |r| mean=2.086e+05 max=1.14e+06
[0m[INFO] [1788687970.986666318]: Latest ENU sigma [m]: E=1.3717 N=1.2701 U=3.9982[0m
Adjusted MaxTRNum : 12034. 
[ OPT SUMMARY] Window=5 epochs | Variables=35 | TRDDCP=1 PSR=60 DOPPLER=4 | Time=29.3 ms
[ OPT EFFECT] cost 6.283e+07 -> 1.252e+07 | |Δpos_solve|=6.7550 m | FGO-SPP gap=4.3243 m
[1;32mCURRENT POS | [31.40316698, 121.26369791, 19.898]| VEL:[0.86, 0.58, -0.24][0m 
Ingested new data for time frame 14650210150.04 with 31 observations.
  Systems: G=8 R=6 E=9 C=8 | L1=31 L2=15 Dual=15
[DOPPLER FACTOR] Added 4 .
[  PSR   FACTOR] Added 60 | weight(1/m): min=0.755 max=0.996 mean=0.902
[POST-FIT RESIDUALS] epoch#67 (weighted, at solved states)
  DOPPLER n=12   |r| mean=0.417 max=2.806
  PSR     n=60   |r| mean=2.108e+05 max=1.166e+06
[0m[INFO] [1788687971.961239343]: Latest ENU sigma [m]: E=1.3699 N=1.4824 U=4.2984[0m
Adjusted MaxTRNum : 39916. 
[ OPT SUMMARY] Window=5 epochs | Variables=35 | TRDDCP=1 PSR=60 DOPPLER=4 | Time=15.1 ms
[ OPT EFFECT] cost 6.342e+07 -> 1.265e+07 | |Δpos_solve|=8.9435 m | FGO-SPP gap=7.0244 m
[1;32mCURRENT POS | [31.40316340, 121.26369118, 20.080]| VEL:[0.92, 0.48, -0.39][0m 
Ingested new data for time frame 14650210160.04 with 31 observations.
  Systems: G=8 R=6 E=9 C=8 | L1=31 L2=15 Dual=15
[DOPPLER FACTOR] Added 4 .
[  PSR   FACTOR] Added 60 | weight(1/m): min=0.744 max=0.983 mean=0.899
[POST-FIT RESIDUALS] epoch#68 (weighted, at solved states)
  DOPPLER n=12   |r| mean=0.3061 max=1.784
  PSR     n=60   |r| mean=2.094e+05 max=1.152e+06
[0m[INFO] [1788687972.977673776]: Latest ENU sigma [m]: E=1.3268 N=1.2589 U=3.7858[0m
Adjusted MaxTRNum : 117091. 
[ OPT SUMMARY] Window=5 epochs | Variables=35 | TRDDCP=1 PSR=60 DOPPLER=4 | Time=17.0 ms
[ OPT EFFECT] cost 6.319e+07 -> 1.256e+07 | |Δpos_solve|=6.0602 m | FGO-SPP gap=2.9012 m
[1;32mCURRENT POS | [31.40316180, 121.26367914, 20.118]| VEL:[0.78, 0.68, -0.14][0m 
Ingested new data for time frame 14650210170.04 with 32 observations.
  Systems: G=8 R=7 E=9 C=8 | L1=32 L2=15 Dual=15
[DOPPLER FACTOR] Added 4 .
[  PSR   FACTOR] Added 60 | weight(1/m): min=0.721 max=0.99 mean=0.898
[POST-FIT RESIDUALS] epoch#69 (weighted, at solved states)
  DOPPLER n=12   |r| mean=0.4239 max=2.258
  PSR     n=60   |r| mean=2.087e+05 max=1.16e+06
[0m[INFO] [1788687973.955520537]: Latest ENU sigma [m]: E=1.3880 N=1.6193 U=4.5252[0m
Adjusted MaxTRNum : 468355. 
[ OPT SUMMARY] Window=5 epochs | Variables=35 | TRDDCP=1 PSR=60 DOPPLER=4 | Time=12.5 ms
[ OPT EFFECT] cost 6.316e+07 -> 1.252e+07 | |Δpos_solve|=7.8016 m | FGO-SPP gap=6.1010 m
[1;32mCURRENT POS | [31.40316121, 121.26366670, 19.798]| VEL:[0.95, 0.62, -0.20][0m 
Ingested new data for time frame 14650210180.04 with 31 observations.
  Systems: G=8 R=6 E=9 C=8 | L1=31 L2=15 Dual=15
[DOPPLER FACTOR] Added 4 .
[  PSR   FACTOR] Added 60 | weight(1/m): min=0.701 max=0.992 mean=0.897
[POST-FIT RESIDUALS] epoch#70 (weighted, at solved states)
  DOPPLER n=12   |r| mean=0.4113 max=2.125
  PSR     n=60   |r| mean=2.091e+05 max=1.162e+06
[0m[INFO] [1788687974.968165732]: Latest ENU sigma [m]: E=1.0321 N=0.9075 U=3.2298[0m
Adjusted MaxTRNum : 1534332. 
[ OPT SUMMARY] Window=5 epochs | Variables=35 | TRDDCP=1 PSR=60 DOPPLER=4 | Time=15.3 ms
[ OPT EFFECT] cost 6.308e+07 -> 1.255e+07 | |Δpos_solve|=7.0455 m | FGO-SPP gap=4.3841 m
[1;32mCURRENT POS | [31.40315672, 121.26365670, 20.999]| VEL:[0.93, 0.41, -0.21][0m 
Ingested new data for time frame 14650210190.04 with 31 observations.
  Systems: G=8 R=6 E=9 C=8 | L1=31 L2=15 Dual=15
[DOPPLER FACTOR] Added 4 .
[  PSR   FACTOR] Added 60 | weight(1/m): min=0.734 max=0.993 mean=0.9
[POST-FIT RESIDUALS] epoch#71 (weighted, at solved states)
  DOPPLER n=12   |r| mean=0.4091 max=1.874
  PSR     n=60   |r| mean=2.104e+05 max=1.164e+06
[0m[INFO] [1788687975.967912263]: Latest ENU sigma [m]: E=1.4149 N=1.1441 U=3.7420[0m
Adjusted MaxTRNum : 4731218. 
[ OPT SUMMARY] Window=5 epochs | Variables=35 | TRDDCP=1 PSR=60 DOPPLER=4 | Time=16.2 ms
[ OPT EFFECT] cost 6.331e+07 -> 1.262e+07 | |Δpos_solve|=7.5979 m | FGO-SPP gap=5.6029 m
[1;32mCURRENT POS | [31.40315621, 121.26364517, 20.490]| VEL:[0.67, 0.63, -0.11][0m 
Ingested new data for time frame 14650210200.04 with 31 observations.
  Systems: G=8 R=6 E=9 C=8 | L1=31 L2=15 Dual=15
[DOPPLER FACTOR] Added 4 .
[  PSR   FACTOR] Added 60 | weight(1/m): min=0.479 max=0.973 mean=0.791
[POST-FIT RESIDUALS] epoch#72 (weighted, at solved states)
  DOPPLER n=12   |r| mean=0.2063 max=0.9625
  PSR     n=60   |r| mean=1.771e+05 max=1.14e+06
[0m[INFO] [1788687976.969866913]: Latest ENU sigma [m]: E=1.0558 N=1.4814 U=3.2180[0m
Adjusted MaxTRNum : 12970856. 
[ OPT SUMMARY] Window=5 epochs | Variables=35 | TRDDCP=1 PSR=60 DOPPLER=4 | Time=18.2 ms
[ OPT EFFECT] cost 5.56e+07 -> 1.063e+07 | |Δpos_solve|=3.0674 m | FGO-SPP gap=1.3870 m
[1;32mCURRENT POS | [31.40315421, 121.26363570, 20.472]| VEL:[0.76, 0.63, -0.19][0m 
Ingested new data for time frame 14650210210.04 with 30 observations.
  Systems: G=8 R=6 E=8 C=8 | L1=30 L2=15 Dual=15
[DOPPLER FACTOR] Added 4 .
[  PSR   FACTOR] Added 60 | weight(1/m): min=0.697 max=0.993 mean=0.895
[POST-FIT RESIDUALS] epoch#73 (weighted, at solved states)
  DOPPLER n=12   |r| mean=0.3641 max=1.183
  PSR     n=60   |r| mean=2.115e+05 max=1.164e+06
[0m[INFO] [1788687977.983718004]: Latest ENU sigma [m]: E=1.6365 N=1.3400 U=3.5280[0m
Adjusted MaxTRNum : 17620136. 
[ OPT SUMMARY] Window=5 epochs | Variables=35 | TRDDCP=1 PSR=60 DOPPLER=4 | Time=36.8 ms
[ OPT EFFECT] cost 6.296e+07 -> 1.269e+07 | |Δpos_solve|=6.2445 m | FGO-SPP gap=3.7143 m
[1;32mCURRENT POS | [31.40315208, 121.26362384, 20.643]| VEL:[0.93, 0.38, -0.33][0m 
Ingested new data for time frame 14650210220.04 with 31 observations.
  Systems: G=9 R=6 E=8 C=8 | L1=31 L2=15 Dual=15
[DOPPLER FACTOR] Added 4 .
[  PSR   FACTOR] Added 60 | weight(1/m): min=0.724 max=0.993 mean=0.899
[POST-FIT RESIDUALS] epoch#74 (weighted, at solved states)
  DOPPLER n=12   |r| mean=0.4016 max=1.502
  PSR     n=60   |r| mean=2.12e+05 max=1.165e+06
[0m[INFO] [1788687978.978796888]: Latest ENU sigma [m]: E=1.3606 N=1.1936 U=3.6155[0m
Adjusted MaxTRNum : 32890402. 
[ OPT SUMMARY] Window=5 epochs | Variables=35 | TRDDCP=1 PSR=60 DOPPLER=4 | Time=26.8 ms
[ OPT EFFECT] cost 6.326e+07 -> 1.272e+07 | |Δpos_solve|=6.9735 m | FGO-SPP gap=4.7957 m
[1;32mCURRENT POS | [31.40315049, 121.26361330, 20.976]| VEL:[0.57, 0.91, -0.02][0m 
Ingested new data for time frame 14650210230.04 with 31 observations.
  Systems: G=9 R=6 E=8 C=8 | L1=31 L2=15 Dual=15
[DOPPLER FACTOR] Added 4 .
[  PSR   FACTOR] Added 60 | weight(1/m): min=0.736 max=0.996 mean=0.9
[POST-FIT RESIDUALS] epoch#75 (weighted, at solved states)
  DOPPLER n=12   |r| mean=0.3589 max=1.713
  PSR     n=60   |r| mean=2.12e+05 max=1.168e+06
[0m[INFO] [1788687979.951029177]: Latest ENU sigma [m]: E=1.3575 N=1.3521 U=4.1923[0m
Adjusted MaxTRNum : 110604289. 
[ OPT SUMMARY] Window=5 epochs | Variables=35 | TRDDCP=1 PSR=60 DOPPLER=4 | Time=14.9 ms
[ OPT EFFECT] cost 6.335e+07 -> 1.272e+07 | |Δpos_solve|=5.4664 m | FGO-SPP gap=1.7535 m
[1;32mCURRENT POS | [31.40314841, 121.26360272, 20.416]| VEL:[1.01, 0.54, -0.41][0m 
Ingested new data for time frame 14650210240.04 with 32 observations.
  Systems: G=9 R=6 E=9 C=8 | L1=32 L2=15 Dual=15
[DOPPLER FACTOR] Added 4 .
[  PSR   FACTOR] Added 60 | weight(1/m): min=0.787 max=0.991 mean=0.92
[POST-FIT RESIDUALS] epoch#76 (weighted, at solved states)
  DOPPLER n=12   |r| mean=0.3155 max=2.31
  PSR     n=60   |r| mean=2.154e+05 max=1.162e+06
[0m[INFO] [1788687980.964523612]: Latest ENU sigma [m]: E=1.3615 N=1.2191 U=3.6072[0m
Adjusted MaxTRNum : 365416961. 
[ OPT SUMMARY] Window=5 epochs | Variables=35 | TRDDCP=1 PSR=60 DOPPLER=4 | Time=15.1 ms
[ OPT EFFECT] cost 6.473e+07 -> 1.293e+07 | |Δpos_solve|=6.9846 m | FGO-SPP gap=4.3568 m
[1;32mCURRENT POS | [31.40314435, 121.26358992, 21.033]| VEL:[0.99, 0.62, -0.13][0m 
Ingested new data for time frame 14650210250.04 with 32 observations.
  Systems: G=9 R=6 E=9 C=8 | L1=32 L2=15 Dual=15
[DOPPLER FACTOR] Added 4 .
[  PSR   FACTOR] Added 60 | weight(1/m): min=0.742 max=0.992 mean=0.899
[POST-FIT RESIDUALS] epoch#77 (weighted, at solved states)
  DOPPLER n=12   |r| mean=0.3609 max=1.616
  PSR     n=60   |r| mean=2.103e+05 max=1.163e+06
[0m[INFO] [1788687981.977138375]: Latest ENU sigma [m]: E=1.3998 N=1.1446 U=3.9375[0m
Adjusted MaxTRNum : 813472765. 
[ OPT SUMMARY] Window=5 epochs | Variables=35 | TRDDCP=1 PSR=60 DOPPLER=4 | Time=22.5 ms
[ OPT EFFECT] cost 6.324e+07 -> 1.262e+07 | |Δpos_solve|=5.5791 m | FGO-SPP gap=1.6012 m
[1;32mCURRENT POS | [31.40314297, 121.26357991, 20.357]| VEL:[0.93, 0.55, -0.37][0m 
Ingested new data for time frame 14650210260.04 with 32 observations.
  Systems: G=9 R=6 E=9 C=8 | L1=32 L2=15 Dual=15
[DOPPLER FACTOR] Added 4 .
[  PSR   FACTOR] Added 60 | weight(1/m): min=0.728 max=0.996 mean=0.906
[POST-FIT RESIDUALS] epoch#78 (weighted, at solved states)
  DOPPLER n=12   |r| mean=0.3762 max=1.727
  PSR     n=60   |r| mean=2.117e+05 max=1.168e+06
[0m[INFO] [1788687982.968808820]: Latest ENU sigma [m]: E=1.3748 N=1.1366 U=3.7192[0m
Adjusted MaxTRNum : 1673374441. 
[ OPT SUMMARY] Window=5 epochs | Variables=35 | TRDDCP=1 PSR=60 DOPPLER=4 | Time=24.3 ms
[ OPT EFFECT] cost 6.374e+07 -> 1.27e+07 | |Δpos_solve|=5.7661 m | FGO-SPP gap=1.9128 m
[1;32mCURRENT POS | [31.40314232, 121.26356797, 19.932]| VEL:[0.81, 0.46, -0.24][0m 
Ingested new data for time frame 14650210270.04 with 31 observations.
  Systems: G=9 R=6 E=8 C=8 | L1=31 L2=15 Dual=15
[DOPPLER FACTOR] Added 4 .
[  PSR   FACTOR] Added 60 | weight(1/m): min=0.707 max=0.989 mean=0.896
[POST-FIT RESIDUALS] epoch#79 (weighted, at solved states)
  DOPPLER n=12   |r| mean=0.4032 max=1.589
  PSR     n=60   |r| mean=2.099e+05 max=1.16e+06
[0m[INFO] [1788687983.964585115]: Latest ENU sigma [m]: E=1.4048 N=1.1888 U=3.7796[0m
Adjusted MaxTRNum : 60. 
[ OPT SUMMARY] Window=5 epochs | Variables=35 | TRDDCP=1 PSR=60 DOPPLER=4 | Time=14.2 ms
[ OPT EFFECT] cost 6.308e+07 -> 1.259e+07 | |Δpos_solve|=6.2656 m | FGO-SPP gap=3.7604 m
[1;32mCURRENT POS | [31.40314062, 121.26355790, 20.551]| VEL:[0.65, 0.98, -0.12][0m 
Ingested new data for time frame 14650210280.04 with 31 observations.
  Systems: G=9 R=6 E=8 C=8 | L1=31 L2=15 Dual=15
[DOPPLER FACTOR] Added 4 .
[  PSR   FACTOR] Added 60 | weight(1/m): min=0.755 max=0.988 mean=0.913
[POST-FIT RESIDUALS] epoch#80 (weighted, at solved states)
  DOPPLER n=12   |r| mean=0.4456 max=2.312
  PSR     n=60   |r| mean=2.132e+05 max=1.159e+06
[0m[INFO] [1788687984.972666265]: Latest ENU sigma [m]: E=1.3406 N=1.4052 U=4.4031[0m
Adjusted MaxTRNum : 121. 
[ OPT SUMMARY] Window=5 epochs | Variables=35 | TRDDCP=1 PSR=60 DOPPLER=4 | Time=24.7 ms
[ OPT EFFECT] cost 6.425e+07 -> 1.279e+07 | |Δpos_solve|=7.9476 m | FGO-SPP gap=5.2993 m
[1;32mCURRENT POS | [31.40313704, 121.26354625, 20.651]| VEL:[0.59, 0.68, -0.30][0m 
Ingested new data for time frame 14650210290.04 with 31 observations.
  Systems: G=9 R=6 E=8 C=8 | L1=31 L2=15 Dual=15
[DOPPLER FACTOR] Added 4 .
[  PSR   FACTOR] Added 60 | weight(1/m): min=0.697 max=0.978 mean=0.897
[POST-FIT RESIDUALS] epoch#81 (weighted, at solved states)
  DOPPLER n=12   |r| mean=0.4088 max=2.197
  PSR     n=60   |r| mean=2.099e+05 max=1.148e+06
[0m[INFO] [1788687985.959776846]: Latest ENU sigma [m]: E=1.0174 N=1.0758 U=3.0962[0m
Adjusted MaxTRNum : 431. 
[ OPT SUMMARY] Window=5 epochs | Variables=35 | TRDDCP=1 PSR=60 DOPPLER=4 | Time=14.0 ms
[ OPT EFFECT] cost 6.318e+07 -> 1.259e+07 | |Δpos_solve|=7.0379 m | FGO-SPP gap=4.8968 m
[1;32mCURRENT POS | [31.40313435, 121.26353665, 20.604]| VEL:[0.77, 0.67, -0.22][0m 
Ingested new data for time frame 14650210300.04 with 31 observations.
  Systems: G=9 R=6 E=8 C=8 | L1=31 L2=15 Dual=15
[DOPPLER FACTOR] Added 4 .
[  PSR   FACTOR] Added 60 | weight(1/m): min=0.709 max=0.991 mean=0.901
[POST-FIT RESIDUALS] epoch#82 (weighted, at solved states)
  DOPPLER n=12   |r| mean=0.3405 max=1.701
  PSR     n=60   |r| mean=2.109e+05 max=1.163e+06
[0m[INFO] [1788687986.964893894]: Latest ENU sigma [m]: E=1.3243 N=1.3208 U=3.8865[0m
Adjusted MaxTRNum : 1553. 
[ OPT SUMMARY] Window=5 epochs | Variables=35 | TRDDCP=1 PSR=60 DOPPLER=4 | Time=13.9 ms
[ OPT EFFECT] cost 6.346e+07 -> 1.266e+07 | |Δpos_solve|=5.6266 m | FGO-SPP gap=2.9180 m
[1;32mCURRENT POS | [31.40313119, 121.26352521, 21.094]| VEL:[0.91, 0.27, -0.50][0m 
Ingested new data for time frame 14650210310.04 with 31 observations.
  Systems: G=9 R=6 E=8 C=8 | L1=31 L2=15 Dual=15
[DOPPLER FACTOR] Added 4 .
[  PSR   FACTOR] Added 60 | weight(1/m): min=0.756 max=0.989 mean=0.904
[POST-FIT RESIDUALS] epoch#83 (weighted, at solved states)
  DOPPLER n=12   |r| mean=0.3368 max=1.383
  PSR     n=60   |r| mean=2.127e+05 max=1.16e+06
[0m[INFO] [1788687987.973733788]: Latest ENU sigma [m]: E=1.3713 N=1.4042 U=4.5554[0m
Adjusted MaxTRNum : 4384. 
[ OPT SUMMARY] Window=5 epochs | Variables=35 | TRDDCP=1 PSR=60 DOPPLER=4 | Time=17.7 ms
[ OPT EFFECT] cost 6.367e+07 -> 1.276e+07 | |Δpos_solve|=6.1389 m | FGO-SPP gap=3.5133 m
[1;32mCURRENT POS | [31.40313083, 121.26351281, 20.486]| VEL:[0.60, 0.85, 0.14][0m 
Ingested new data for time frame 14650210320.04 with 31 observations.
  Systems: G=9 R=6 E=8 C=8 | L1=31 L2=15 Dual=15
[DOPPLER FACTOR] Added 4 .
[  PSR   FACTOR] Added 60 | weight(1/m): min=0.748 max=0.992 mean=0.905
[POST-FIT RESIDUALS] epoch#84 (weighted, at solved states)
  DOPPLER n=12   |r| mean=0.3248 max=1.524
  PSR     n=60   |r| mean=2.131e+05 max=1.164e+06
[0m[INFO] [1788687988.960296225]: Latest ENU sigma [m]: E=1.4031 N=1.1521 U=3.9602[0m
Adjusted MaxTRNum : 14954. 
[ OPT SUMMARY] Window=5 epochs | Variables=35 | TRDDCP=1 PSR=60 DOPPLER=4 | Time=14.7 ms
[ OPT EFFECT] cost 6.372e+07 -> 1.279e+07 | |Δpos_solve|=5.0728 m | FGO-SPP gap=1.7884 m
[1;32mCURRENT POS | [31.40312720, 121.26350354, 20.170]| VEL:[0.88, 0.62, -0.29][0m 
Ingested new data for time frame 14650210330.04 with 31 observations.
  Systems: G=9 R=6 E=8 C=8 | L1=31 L2=15 Dual=15
[DOPPLER FACTOR] Added 4 .
[  PSR   FACTOR] Added 60 | weight(1/m): min=0.69 max=0.99 mean=0.896
[POST-FIT RESIDUALS] epoch#85 (weighted, at solved states)
  DOPPLER n=12   |r| mean=0.3037 max=1.832
  PSR     n=60   |r| mean=2.085e+05 max=1.163e+06
[0m[INFO] [1788687989.963612918]: Latest ENU sigma [m]: E=1.3861 N=1.2262 U=3.7446[0m
Adjusted MaxTRNum : 50993. 
[ OPT SUMMARY] Window=5 epochs | Variables=35 | TRDDCP=1 PSR=60 DOPPLER=4 | Time=14.7 ms
[ OPT EFFECT] cost 6.311e+07 -> 1.251e+07 | |Δpos_solve|=5.7707 m | FGO-SPP gap=2.2138 m
[1;32mCURRENT POS | [31.40312753, 121.26349165, 20.328]| VEL:[0.92, 0.68, -0.10][0m 
Ingested new data for time frame 14650210340.04 with 32 observations.
  Systems: G=9 R=7 E=8 C=8 | L1=32 L2=15 Dual=15
[DOPPLER FACTOR] Added 4 .
[  PSR   FACTOR] Added 60 | weight(1/m): min=0.737 max=0.996 mean=0.905
[POST-FIT RESIDUALS] epoch#86 (weighted, at solved states)
  DOPPLER n=12   |r| mean=0.4644 max=1.525
  PSR     n=60   |r| mean=2.116e+05 max=1.169e+06
[0m[INFO] [1788687990.960850401]: Latest ENU sigma [m]: E=1.4460 N=1.1646 U=3.6888[0m
Adjusted MaxTRNum : 182595. 
[ OPT SUMMARY] Window=5 epochs | Variables=35 | TRDDCP=1 PSR=60 DOPPLER=4 | Time=14.0 ms
[ OPT EFFECT] cost 6.374e+07 -> 1.27e+07 | |Δpos_solve|=7.5496 m | FGO-SPP gap=5.7488 m
[1;32mCURRENT POS | [31.40312481, 121.26348014, 21.005]| VEL:[0.69, 0.84, -0.09][0m 
Ingested new data for time frame 14650210350.04 with 32 observations.
  Systems: G=9 R=7 E=8 C=8 | L1=32 L2=15 Dual=15
[DOPPLER FACTOR] Added 4 .
[  PSR   FACTOR] Added 60 | weight(1/m): min=0.756 max=0.988 mean=0.91
[POST-FIT RESIDUALS] epoch#87 (weighted, at solved states)
  DOPPLER n=12   |r| mean=0.5182 max=2.037
  PSR     n=60   |r| mean=2.126e+05 max=1.16e+06
[0m[INFO] [1788687991.958382025]: Latest ENU sigma [m]: E=1.4451 N=1.1611 U=3.7147[0m
Adjusted MaxTRNum : 664290. 
[ OPT SUMMARY] Window=5 epochs | Variables=35 | TRDDCP=1 PSR=60 DOPPLER=4 | Time=13.7 ms
[ OPT EFFECT] cost 6.412e+07 -> 1.276e+07 | |Δpos_solve|=9.8245 m | FGO-SPP gap=7.6487 m
[1;32mCURRENT POS | [31.40312152, 121.26347166, 20.673]| VEL:[0.78, 1.03, 0.03][0m 
Ingested new data for time frame 14650210360.04 with 33 observations.
  Systems: G=9 R=7 E=9 C=8 | L1=31 L2=15 Dual=14
[DOPPLER FACTOR] Added 4 .
[  PSR   FACTOR] Added 60 | weight(1/m): min=0.748 max=0.992 mean=0.898
[POST-FIT RESIDUALS] epoch#88 (weighted, at solved states)
  DOPPLER n=12   |r| mean=0.2752 max=1.518
  PSR     n=60   |r| mean=2.108e+05 max=1.165e+06
[0m[INFO] [1788687992.954534386]: Latest ENU sigma [m]: E=1.3337 N=1.2923 U=3.7054[0m
Adjusted MaxTRNum : 2332136. 
[ OPT SUMMARY] Window=5 epochs | Variables=35 | TRDDCP=1 PSR=60 DOPPLER=4 | Time=14.2 ms
[ OPT EFFECT] cost 6.329e+07 -> 1.265e+07 | |Δpos_solve|=6.0332 m | FGO-SPP gap=2.2507 m
[1;32mCURRENT POS | [31.40311853, 121.26346307, 20.250]| VEL:[0.92, 0.67, -0.38][0m 
Ingested new data for time frame 14650210370.04 with 33 observations.
  Systems: G=9 R=7 E=9 C=8 | L1=32 L2=15 Dual=15
[DOPPLER FACTOR] Added 4 .
[  PSR   FACTOR] Added 60 | weight(1/m): min=0.721 max=0.941 mean=0.872
[POST-FIT RESIDUALS] epoch#89 (weighted, at solved states)
  DOPPLER n=12   |r| mean=0.4006 max=2.257
  PSR     n=60   |r| mean=2.044e+05 max=1.105e+06
[0m[INFO] [1788687993.976389814]: Latest ENU sigma [m]: E=1.4078 N=1.5352 U=4.9711[0m
Adjusted MaxTRNum : 7517448. 
[ OPT SUMMARY] Window=5 epochs | Variables=35 | TRDDCP=1 PSR=60 DOPPLER=4 | Time=15.5 ms
[ OPT EFFECT] cost 6.143e+07 -> 1.226e+07 | |Δpos_solve|=7.9602 m | FGO-SPP gap=6.6256 m
[1;32mCURRENT POS | [31.40312006, 121.26344975, 20.154]| VEL:[0.91, 0.49, -0.36][0m 
Ingested new data for time frame 14650210380.04 with 32 observations.
  Systems: G=9 R=7 E=8 C=8 | L1=32 L2=15 Dual=15
[DOPPLER FACTOR] Added 4 .
[  PSR   FACTOR] Added 60 | weight(1/m): min=0.518 max=0.909 mean=0.677
[POST-FIT RESIDUALS] epoch#90 (weighted, at solved states)
  DOPPLER n=12   |r| mean=0.3403 max=1.76
  PSR     n=60   |r| mean=1.582e+05 max=1.068e+06
[0m[INFO] [1788687994.964600679]: Latest ENU sigma [m]: E=1.1538 N=1.5642 U=3.6717[0m
Adjusted MaxTRNum : 26143171. 
[ OPT SUMMARY] Window=5 epochs | Variables=35 | TRDDCP=1 PSR=60 DOPPLER=4 | Time=14.4 ms
[ OPT EFFECT] cost 4.771e+07 -> 9.489e+06 | |Δpos_solve|=7.5076 m | FGO-SPP gap=6.2527 m
[1;32mCURRENT POS | [31.40311800, 121.26343783, 20.181]| VEL:[0.66, 0.58, -0.15][0m 
Ingested new data for time frame 14650210390.04 with 32 observations.
  Systems: G=9 R=7 E=8 C=8 | L1=32 L2=15 Dual=15
[DOPPLER FACTOR] Added 4 .
[  PSR   FACTOR] Added 60 | weight(1/m): min=0.672 max=0.963 mean=0.867
[POST-FIT RESIDUALS] epoch#91 (weighted, at solved states)
  DOPPLER n=12   |r| mean=0.3157 max=2.01
  PSR     n=60   |r| mean=2.031e+05 max=1.131e+06
[0m[INFO] [1788687995.981427767]: Latest ENU sigma [m]: E=1.3739 N=1.3178 U=3.8750[0m
Adjusted MaxTRNum : 53869477. 
[ OPT SUMMARY] Window=5 epochs | Variables=35 | TRDDCP=1 PSR=60 DOPPLER=4 | Time=24.3 ms
[ OPT EFFECT] cost 6.11e+07 -> 1.218e+07 | |Δpos_solve|=6.9721 m | FGO-SPP gap=3.6275 m
[1;32mCURRENT POS | [31.40311557, 121.26342913, 20.630]| VEL:[0.96, 0.46, -0.12][0m 
Ingested new data for time frame 14650210400.04 with 32 observations.
  Systems: G=9 R=7 E=8 C=8 | L1=32 L2=15 Dual=15
[DOPPLER FACTOR] Added 4 .
[  PSR   FACTOR] Added 60 | weight(1/m): min=0.743 max=0.991 mean=0.902
[POST-FIT RESIDUALS] epoch#92 (weighted, at solved states)
  DOPPLER n=12   |r| mean=0.3821 max=1.711
  PSR     n=60   |r| mean=2.116e+05 max=1.164e+06
[0m[INFO] [1788687996.974526028]: Latest ENU sigma [m]: E=1.3842 N=1.4401 U=4.6016[0m
Adjusted MaxTRNum : 181276975. 
[ OPT SUMMARY] Window=5 epochs | Variables=35 | TRDDCP=1 PSR=60 DOPPLER=4 | Time=14.9 ms
[ OPT EFFECT] cost 6.358e+07 -> 1.269e+07 | |Δpos_solve|=7.6426 m | FGO-SPP gap=4.7659 m
[1;32mCURRENT POS | [31.40311266, 121.26341855, 20.800]| VEL:[0.92, 0.60, -0.22][0m 
Ingested new data for time frame 14650210410.04 with 33 observations.
  Systems: G=9 R=7 E=9 C=8 | L1=31 L2=15 Dual=15
[DOPPLER FACTOR] Added 4 .
[  PSR   FACTOR] Added 60 | weight(1/m): min=0.689 max=0.965 mean=0.878
[POST-FIT RESIDUALS] epoch#93 (weighted, at solved states)
  DOPPLER n=12   |r| mean=0.3928 max=1.903
  PSR     n=60   |r| mean=2.045e+05 max=1.134e+06
[0m[INFO] [1788687997.968299458]: Latest ENU sigma [m]: E=1.4874 N=1.3698 U=3.9821[0m
Adjusted MaxTRNum : 447656250. 
[ OPT SUMMARY] Window=5 epochs | Variables=35 | TRDDCP=1 PSR=60 DOPPLER=4 | Time=20.2 ms
[ OPT EFFECT] cost 6.19e+07 -> 1.227e+07 | |Δpos_solve|=5.8024 m | FGO-SPP gap=3.0280 m
[1;32mCURRENT POS | [31.40311202, 121.26340695, 20.994]| VEL:[0.81, 0.59, -0.25][0m 
Ingested new data for time frame 14650210420.04 with 32 observations.
  Systems: G=9 R=6 E=9 C=8 | L1=31 L2=15 Dual=15
[DOPPLER FACTOR] Added 4 .
[  PSR   FACTOR] Added 60 | weight(1/m): min=0.755 max=0.98 mean=0.91
[POST-FIT RESIDUALS] epoch#94 (weighted, at solved states)
  DOPPLER n=12   |r| mean=0.4893 max=2.347
  PSR     n=60   |r| mean=2.133e+05 max=1.152e+06
[0m[INFO] [1788687998.963399045]: Latest ENU sigma [m]: E=1.4012 N=1.4684 U=4.8782[0m
Adjusted MaxTRNum : 1519431308. 
[ OPT SUMMARY] Window=5 epochs | Variables=35 | TRDDCP=1 PSR=60 DOPPLER=4 | Time=14.7 ms
[ OPT EFFECT] cost 6.42e+07 -> 1.28e+07 | |Δpos_solve|=9.7426 m | FGO-SPP gap=7.9516 m
[1;32mCURRENT POS | [31.40310954, 121.26339626, 20.821]| VEL:[0.63, 0.92, -0.08][0m 
Ingested new data for time frame 14650210430.04 with 32 observations.
  Systems: G=9 R=6 E=9 C=8 | L1=31 L2=15 Dual=15
[DOPPLER FACTOR] Added 4 .
[  PSR   FACTOR] Added 60 | weight(1/m): min=0.702 max=0.958 mean=0.845
[POST-FIT RESIDUALS] epoch#95 (weighted, at solved states)
  DOPPLER n=12   |r| mean=0.3634 max=1.086
  PSR     n=60   |r| mean=1.986e+05 max=1.126e+06
[0m[INFO] [1788687999.963101156]: Latest ENU sigma [m]: E=1.4731 N=1.2368 U=3.6477[0m
Adjusted MaxTRNum : 60. 
[ OPT SUMMARY] Window=5 epochs | Variables=35 | TRDDCP=1 PSR=60 DOPPLER=4 | Time=15.9 ms
[ OPT EFFECT] cost 5.962e+07 -> 1.191e+07 | |Δpos_solve|=6.3261 m | FGO-SPP gap=3.0821 m
[1;32mCURRENT POS | [31.40310698, 121.26338490, 21.005]| VEL:[0.69, 0.76, -0.03][0m 
Ingested new data for time frame 14650210440.04 with 32 observations.
  Systems: G=9 R=6 E=9 C=8 | L1=31 L2=15 Dual=15
[DOPPLER FACTOR] Added 4 .
[  PSR   FACTOR] Added 60 | weight(1/m): min=0.713 max=0.936 mean=0.866
[POST-FIT RESIDUALS] epoch#96 (weighted, at solved states)
  DOPPLER n=12   |r| mean=0.4386 max=2.303
  PSR     n=60   |r| mean=2.038e+05 max=1.1e+06
[0m[INFO] [1788688000.959354323]: Latest ENU sigma [m]: E=1.4257 N=1.3771 U=4.1961[0m
Adjusted MaxTRNum : 210. 
[ OPT SUMMARY] Window=5 epochs | Variables=35 | TRDDCP=1 PSR=60 DOPPLER=4 | Time=14.3 ms
[ OPT EFFECT] cost 6.105e+07 -> 1.223e+07 | |Δpos_solve|=8.1203 m | FGO-SPP gap=5.5791 m
[1;32mCURRENT POS | [31.40310490, 121.26337456, 20.665]| VEL:[0.86, 0.45, -0.27][0m 
Ingested new data for time frame 14650210450.04 with 32 observations.
  Systems: G=9 R=6 E=9 C=8 | L1=31 L2=15 Dual=15
[DOPPLER FACTOR] Added 4 .
[  PSR   FACTOR] Added 60 | weight(1/m): min=0.759 max=0.978 mean=0.9
[POST-FIT RESIDUALS] epoch#97 (weighted, at solved states)
  DOPPLER n=12   |r| mean=0.4604 max=2.468
  PSR     n=60   |r| mean=2.122e+05 max=1.15e+06
[0m[INFO] [1788688001.974930286]: Latest ENU sigma [m]: E=1.4211 N=1.4427 U=4.9829[0m
Adjusted MaxTRNum : 447. 
[ OPT SUMMARY] Window=5 epochs | Variables=35 | TRDDCP=1 PSR=60 DOPPLER=4 | Time=23.5 ms
[ OPT EFFECT] cost 6.347e+07 -> 1.273e+07 | |Δpos_solve|=8.0577 m | FGO-SPP gap=6.8377 m
[1;32mCURRENT POS | [31.40310260, 121.26336598, 20.910]| VEL:[0.62, 0.76, -0.18][0m 
Ingested new data for time frame 14650210460.04 with 33 observations.
  Systems: G=10 R=6 E=9 C=8 | L1=31 L2=16 Dual=15
[DOPPLER FACTOR] Added 4 .
[  PSR   FACTOR] Added 60 | weight(1/m): min=0.741 max=1 mean=0.924
[POST-FIT RESIDUALS] epoch#98 (weighted, at solved states)
  DOPPLER n=12   |r| mean=0.437 max=2.082
  PSR     n=60   |r| mean=2.17e+05 max=1.155e+06
[0m[INFO] [1788688002.964834604]: Latest ENU sigma [m]: E=1.4306 N=1.6515 U=4.1800[0m
Adjusted MaxTRNum : 1306. 
[ OPT SUMMARY] Window=5 epochs | Variables=35 | TRDDCP=1 PSR=60 DOPPLER=4 | Time=17.1 ms
[ OPT EFFECT] cost 6.521e+07 -> 1.302e+07 | |Δpos_solve|=4.2393 m | FGO-SPP gap=2.7621 m
[1;32mCURRENT POS | [31.40310184, 121.26335354, 20.905]| VEL:[0.69, 0.73, 0.00][0m 
Ingested new data for time frame 14650210470.04 with 33 observations.
  Systems: G=10 R=7 E=8 C=8 | L1=32 L2=16 Dual=15
[DOPPLER FACTOR] Added 4 .
[  PSR   FACTOR] Added 60 | weight(1/m): min=0.723 max=1 mean=0.895
[POST-FIT RESIDUALS] epoch#99 (weighted, at solved states)
  DOPPLER n=12   |r| mean=0.3451 max=1.49
  PSR     n=60   |r| mean=2.087e+05 max=1.152e+06
[0m[INFO] [1788688003.974796989]: Latest ENU sigma [m]: E=1.4020 N=1.4158 U=4.4727[0m
Adjusted MaxTRNum : 4319. 
[ OPT SUMMARY] Window=5 epochs | Variables=35 | TRDDCP=1 PSR=60 DOPPLER=4 | Time=15.1 ms
[ OPT EFFECT] cost 6.313e+07 -> 1.252e+07 | |Δpos_solve|=5.1002 m | FGO-SPP gap=2.3049 m
[1;32mCURRENT POS | [31.40309947, 121.26334289, 20.946]| VEL:[0.81, 0.59, -0.23][0m 
Ingested new data for time frame 14650210480.04 with 33 observations.
  Systems: G=10 R=6 E=9 C=8 | L1=31 L2=16 Dual=15
[DOPPLER FACTOR] Added 4 .
[  PSR   FACTOR] Added 60 | weight(1/m): min=0.733 max=1 mean=0.915
[POST-FIT RESIDUALS] epoch#100 (weighted, at solved states)
  DOPPLER n=12   |r| mean=0.3807 max=2.248
  PSR     n=60   |r| mean=2.123e+05 max=1.151e+06
[0m[INFO] [1788688004.975838544]: Latest ENU sigma [m]: E=1.1675 N=1.5605 U=3.6332[0m
Adjusted MaxTRNum : 8975. 
[ OPT SUMMARY] Window=5 epochs | Variables=35 | TRDDCP=1 PSR=60 DOPPLER=4 | Time=24.1 ms
[ OPT EFFECT] cost 6.459e+07 -> 1.274e+07 | |Δpos_solve|=6.2710 m | FGO-SPP gap=2.9882 m
[1;32mCURRENT POS | [31.40309664, 121.26333187, 20.724]| VEL:[0.74, 0.66, -0.21][0m 
Ingested new data for time frame 14650210490.04 with 33 observations.
  Systems: G=10 R=6 E=9 C=8 | L1=33 L2=15 Dual=15
[DOPPLER FACTOR] Added 4 .
[  PSR   FACTOR] Added 60 | weight(1/m): min=0.757 max=1 mean=0.872
  [POST-FIT] DOPPLER epoch 0->1                         |r|=1.417
  [POST-FIT] DOPPLER epoch 1->2                         |r|=0.5038
  [POST-FIT] DOPPLER epoch 2->3                         |r|=0.04099
  [POST-FIT] DOPPLER epoch 3->4                         |r|=0.0172
  [POST-FIT] PSR     sat 88 w=0.828180                  |r|=9.739e+05
  [POST-FIT] PSR     sat 53 w=0.866761                  |r|=1.019e+06
  [POST-FIT] PSR     sat 103 w=0.910688                 |r|=1.071e+06
  [POST-FIT] PSR     sat 5 w=0.913745                   |r|=1.075e+06
  [POST-FIT] PSR     sat 5 w=0.913745                   |r|=1.075e+06
  [POST-FIT] PSR     sat 20 w=0.769480                  |r|=9.049e+05
  [POST-FIT] PSR     sat 20 w=0.769480                  |r|=9.049e+05
  [POST-FIT] PSR     sat 118 w=0.908209                 |r|=1.068e+06
  [POST-FIT] PSR     sat 92 w=0.757358                  |r|=8.906e+05
  [POST-FIT] PSR     sat 39 w=0.886234                  |r|=1.042e+06
  [POST-FIT] PSR     sat 119 w=0.828646                 |r|=9.745e+05
  [POST-FIT] PSR     sat 15 w=0.877782                  |r|=1.032e+06
  [POST-FIT] PSR     sat 20 w=1.000000                  |r|=0.4719
  [POST-FIT] PSR     sat 106 w=1.000000                 |r|=0.49
  [POST-FIT] PSR     sat 88 w=0.828180                  |r|=0.1891
  [POST-FIT] PSR     sat 53 w=0.866761                  |r|=1.241
  [POST-FIT] PSR     sat 29 w=1.000000                  |r|=0.3847
  [POST-FIT] PSR     sat 103 w=0.910688                 |r|=0.3517
  [POST-FIT] PSR     sat 5 w=0.913745                   |r|=2.641
  [POST-FIT] PSR     sat 5 w=0.913745                   |r|=1.374
  [POST-FIT] PSR     sat 20 w=0.769480                  |r|=2.356
  [POST-FIT] PSR     sat 118 w=0.908209                 |r|=0.1869
  [POST-FIT] PSR     sat 92 w=0.757358                  |r|=0.2068
  [POST-FIT] PSR     sat 39 w=0.886234                  |r|=1.094
  [POST-FIT] PSR     sat 5 w=1.000000                   |r|=3.404
  [POST-FIT] PSR     sat 20 w=1.000000                  |r|=1.871
  [POST-FIT] PSR     sat 88 w=0.828180                  |r|=0.3187
  [POST-FIT] PSR     sat 53 w=0.866761                  |r|=0.7289
  [POST-FIT] PSR     sat 103 w=0.910688                 |r|=0.2781
  [POST-FIT] PSR     sat 5 w=0.913745                   |r|=0.9669
  [POST-FIT] PSR     sat 20 w=0.769480                  |r|=1.282
  [POST-FIT] PSR     sat 118 w=0.908209                 |r|=0.5029
  [POST-FIT] PSR     sat 92 w=0.757358                  |r|=0.3485
  [POST-FIT] PSR     sat 39 w=0.886234                  |r|=0.7128
  [POST-FIT] PSR     sat 119 w=0.828646                 |r|=0.8568
  [POST-FIT] PSR     sat 15 w=0.877782                  |r|=0.4025
  [POST-FIT] PSR     sat 5 w=1.000000                   |r|=2.057
  [POST-FIT] PSR     sat 88 w=0.828180                  |r|=0.3213
  [POST-FIT] PSR     sat 53 w=0.866761                  |r|=0.6393
  [POST-FIT] PSR     sat 103 w=0.910688                 |r|=0.3756
  [POST-FIT] PSR     sat 21 w=1.000000                  |r|=0.4341
  [POST-FIT] PSR     sat 5 w=0.913745                   |r|=2.145
  [POST-FIT] PSR     sat 20 w=0.769480                  |r|=0.3073
  [POST-FIT] PSR     sat 20 w=0.769480                  |r|=2.441
  [POST-FIT] PSR     sat 118 w=0.908209                 |r|=0.5398
  [POST-FIT] PSR     sat 92 w=0.757358                  |r|=0.3513
  [POST-FIT] PSR     sat 39 w=0.886234                  |r|=0.6253
  [POST-FIT] PSR     sat 119 w=0.828646                 |r|=1.023
  [POST-FIT] PSR     sat 15 w=1.000000                  |r|=0.5466
  [POST-FIT] PSR     sat 88 w=0.828180                  |r|=0.2941
  [POST-FIT] PSR     sat 53 w=0.866761                  |r|=0.7878
  [POST-FIT] PSR     sat 103 w=0.910688                 |r|=0.5712
  [POST-FIT] PSR     sat 5 w=0.913745                   |r|=1.268
  [POST-FIT] PSR     sat 5 w=0.913745                   |r|=2.622
  [POST-FIT] PSR     sat 20 w=0.769480                  |r|=0.298
  [POST-FIT] PSR     sat 20 w=0.769480                  |r|=2.37
  [POST-FIT] PSR     sat 118 w=0.908209                 |r|=0.06
  [POST-FIT] PSR     sat 92 w=0.757358                  |r|=0.3216
  [POST-FIT] PSR     sat 39 w=0.886234                  |r|=0.7705
  [POST-FIT] PSR     sat 119 w=0.828646                 |r|=0.6935
[POST-FIT RESIDUALS] epoch#101 (weighted, at solved states) --- detail ---
  DOPPLER n=12   |r| mean=0.3327 max=1.417
  PSR     n=60   |r| mean=2.005e+05 max=1.075e+06
[0m[INFO] [1788688005.964052835]: Latest ENU sigma [m]: E=1.4326 N=1.3106 U=3.6571[0m
Adjusted MaxTRNum : 30005. 
[ OPT SUMMARY] Window=5 epochs | Variables=35 | TRDDCP=1 PSR=60 DOPPLER=4 | Time=15.0 ms
[ OPT EFFECT] cost 6.154e+07 -> 1.203e+07 | |Δpos_solve|=5.7606 m | FGO-SPP gap=2.8598 m
[1;32mCURRENT POS | [31.40309605, 121.26331946, 20.992]| VEL:[0.85, 0.66, -0.08][0m 
Ingested new data for time frame 14650210500.04 with 32 observations.
  Systems: G=9 R=6 E=9 C=8 | L1=32 L2=15 Dual=15
[DOPPLER FACTOR] Added 4 .
[  PSR   FACTOR] Added 60 | weight(1/m): min=0.737 max=1 mean=0.916
[POST-FIT RESIDUALS] epoch#102 (weighted, at solved states)
  DOPPLER n=12   |r| mean=0.4047 max=1.539
  PSR     n=60   |r| mean=2.209e+05 max=1.176e+06
[0m[INFO] [1788688006.953048933]: Latest ENU sigma [m]: E=1.2011 N=1.3428 U=3.0986[0m
Adjusted MaxTRNum : 96525. 
[ OPT SUMMARY] Window=5 epochs | Variables=35 | TRDDCP=1 PSR=60 DOPPLER=4 | Time=15.5 ms
[ OPT EFFECT] cost 6.462e+07 -> 1.326e+07 | |Δpos_solve|=7.2904 m | FGO-SPP gap=4.0800 m
[1;32mCURRENT POS | [31.40309431, 121.26330880, 20.632]| VEL:[0.76, 0.84, 0.00][0m 
Ingested new data for time frame 14650210510.04 with 32 observations.
  Systems: G=10 R=6 E=8 C=8 | L1=30 L2=16 Dual=15
[DOPPLER FACTOR] Added 4 .
[  PSR   FACTOR] Added 60 | weight(1/m): min=0.767 max=1 mean=0.9
[POST-FIT RESIDUALS] epoch#103 (weighted, at solved states)
  DOPPLER n=12   |r| mean=0.3798 max=1.846
  PSR     n=60   |r| mean=2.122e+05 max=1.176e+06
[0m[INFO] [1788688007.953512308]: Latest ENU sigma [m]: E=1.2866 N=1.1453 U=3.4794[0m
Adjusted MaxTRNum : 334368. 
[ OPT SUMMARY] Window=5 epochs | Variables=35 | TRDDCP=1 PSR=60 DOPPLER=4 | Time=14.4 ms
[ OPT EFFECT] cost 6.356e+07 -> 1.273e+07 | |Δpos_solve|=6.6690 m | FGO-SPP gap=2.7196 m
[1;32mCURRENT POS | [31.40309379, 121.26329880, 20.705]| VEL:[0.72, 0.63, -0.29][0m 
Ingested new data for time frame 14650210520.04 with 33 observations.
  Systems: G=10 R=6 E=9 C=8 | L1=30 L2=16 Dual=15
[DOPPLER FACTOR] Added 4 .
[  PSR   FACTOR] Added 60 | weight(1/m): min=0.745 max=1 mean=0.918
[POST-FIT RESIDUALS] epoch#104 (weighted, at solved states)
  DOPPLER n=12   |r| mean=0.3718 max=1.93
  PSR     n=60   |r| mean=2.173e+05 max=1.176e+06
[0m[INFO] [1788688008.976529962]: Latest ENU sigma [m]: E=1.3368 N=1.3151 U=3.9196[0m
Adjusted MaxTRNum : 885048. 
[ OPT SUMMARY] Window=5 epochs | Variables=35 | TRDDCP=1 PSR=60 DOPPLER=4 | Time=18.9 ms
[ OPT EFFECT] cost 6.48e+07 -> 1.304e+07 | |Δpos_solve|=5.8761 m | FGO-SPP gap=2.1547 m
[1;32mCURRENT POS | [31.40309046, 121.26328902, 20.378]| VEL:[0.68, 0.45, -0.25][0m 
Ingested new data for time frame 14650210530.04 with 33 observations.
  Systems: G=10 R=6 E=9 C=8 | L1=30 L2=16 Dual=15
[DOPPLER FACTOR] Added 4 .
[  PSR   FACTOR] Added 60 | weight(1/m): min=0.728 max=1 mean=0.905
[POST-FIT RESIDUALS] epoch#105 (weighted, at solved states)
  DOPPLER n=12   |r| mean=0.3527 max=1.979
  PSR     n=60   |r| mean=2.148e+05 max=1.177e+06
[0m[INFO] [1788688009.975590354]: Latest ENU sigma [m]: E=1.3803 N=1.3855 U=4.4350[0m
Adjusted MaxTRNum : 1853919. 
[ OPT SUMMARY] Window=5 epochs | Variables=35 | TRDDCP=1 PSR=60 DOPPLER=4 | Time=23.9 ms
[ OPT EFFECT] cost 6.387e+07 -> 1.289e+07 | |Δpos_solve|=5.8695 m | FGO-SPP gap=2.9602 m
[1;32mCURRENT POS | [31.40309126, 121.26327650, 20.095]| VEL:[0.61, 0.90, 0.15][0m 
Ingested new data for time frame 14650210540.04 with 33 observations.
  Systems: G=10 R=6 E=9 C=8 | L1=30 L2=16 Dual=15
[DOPPLER FACTOR] Added 4 .
[  PSR   FACTOR] Added 60 | weight(1/m): min=0.73 max=1 mean=0.905
[POST-FIT RESIDUALS] epoch#106 (weighted, at solved states)
  DOPPLER n=12   |r| mean=0.4099 max=2.348
  PSR     n=60   |r| mean=2.202e+05 max=1.177e+06
[0m[INFO] [1788688010.977925520]: Latest ENU sigma [m]: E=1.3629 N=1.4445 U=4.5949[0m
Adjusted MaxTRNum : 4058714. 
[ OPT SUMMARY] Window=5 epochs | Variables=35 | TRDDCP=1 PSR=60 DOPPLER=4 | Time=22.8 ms
[ OPT EFFECT] cost 6.388e+07 -> 1.321e+07 | |Δpos_solve|=7.7782 m | FGO-SPP gap=6.1605 m
[1;32mCURRENT POS | [31.40308758, 121.26326722, 20.351]| VEL:[0.99, 0.43, -0.26][0m 
Ingested new data for time frame 14650210550.04 with 32 observations.
  Systems: G=9 R=6 E=9 C=8 | L1=32 L2=15 Dual=15
[DOPPLER FACTOR] Added 4 .
[  PSR   FACTOR] Added 60 | weight(1/m): min=0.714 max=1 mean=0.908
[POST-FIT RESIDUALS] epoch#107 (weighted, at solved states)
  DOPPLER n=12   |r| mean=0.4993 max=2.837
  PSR     n=60   |r| mean=2.102e+05 max=1.146e+06
[0m[INFO] [1788688011.981897670]: Latest ENU sigma [m]: E=1.3624 N=1.5742 U=4.5366[0m
Adjusted MaxTRNum : 7924234. 
[ OPT SUMMARY] Window=5 epochs | Variables=35 | TRDDCP=1 PSR=60 DOPPLER=4 | Time=25.6 ms
[ OPT EFFECT] cost 6.414e+07 -> 1.261e+07 | |Δpos_solve|=7.6776 m | FGO-SPP gap=6.0994 m
[1;32mCURRENT POS | [31.40308549, 121.26325779, 20.963]| VEL:[0.94, 0.31, -0.26][0m 
Ingested new data for time frame 14650210560.04 with 32 observations.
  Systems: G=9 R=6 E=9 C=8 | L1=31 L2=15 Dual=15
[DOPPLER FACTOR] Added 4 .
[  PSR   FACTOR] Added 60 | weight(1/m): min=0.75 max=1 mean=0.913
[POST-FIT RESIDUALS] epoch#108 (weighted, at solved states)
  DOPPLER n=12   |r| mean=0.2765 max=1.493
  PSR     n=60   |r| mean=2.137e+05 max=1.16e+06
[0m[INFO] [1788688012.970547910]: Latest ENU sigma [m]: E=1.3783 N=1.2129 U=3.6416[0m
Adjusted MaxTRNum : 16093977. 
[ OPT SUMMARY] Window=5 epochs | Variables=35 | TRDDCP=1 PSR=60 DOPPLER=4 | Time=24.6 ms
[ OPT EFFECT] cost 6.45e+07 -> 1.282e+07 | |Δpos_solve|=5.1988 m | FGO-SPP gap=1.9582 m
[1;32mCURRENT POS | [31.40308249, 121.26324715, 20.873]| VEL:[0.68, 0.54, -0.19][0m 
Ingested new data for time frame 14650210570.04 with 32 observations.
  Systems: G=9 R=6 E=9 C=8 | L1=32 L2=15 Dual=15
[DOPPLER FACTOR] Added 4 .
[  PSR   FACTOR] Added 60 | weight(1/m): min=0.756 max=1 mean=0.908
[POST-FIT RESIDUALS] epoch#109 (weighted, at solved states)
  DOPPLER n=12   |r| mean=0.3532 max=1.769
  PSR     n=60   |r| mean=2.135e+05 max=1.177e+06
[0m[INFO] [1788688013.968396476]: Latest ENU sigma [m]: E=1.4118 N=1.3462 U=4.2325[0m
Adjusted MaxTRNum : 54073899. 
[ OPT SUMMARY] Window=5 epochs | Variables=35 | TRDDCP=1 PSR=60 DOPPLER=4 | Time=14.9 ms
[ OPT EFFECT] cost 6.416e+07 -> 1.281e+07 | |Δpos_solve|=6.7456 m | FGO-SPP gap=4.7844 m
[1;32mCURRENT POS | [31.40308269, 121.26323507, 20.471]| VEL:[0.79, 0.73, -0.20][0m 
Ingested new data for time frame 14650210580.04 with 32 observations.
  Systems: G=9 R=6 E=9 C=8 | L1=32 L2=15 Dual=15
[DOPPLER FACTOR] Added 4 .
[  PSR   FACTOR] Added 60 | weight(1/m): min=0.753 max=0.979 mean=0.896
[POST-FIT RESIDUALS] epoch#110 (weighted, at solved states)
  DOPPLER n=12   |r| mean=0.2879 max=1.061
  PSR     n=60   |r| mean=2.116e+05 max=1.153e+06
[0m[INFO] [1788688014.982788215]: Latest ENU sigma [m]: E=1.3901 N=1.4002 U=4.5818[0m
Adjusted MaxTRNum : 114084398. 
[ OPT SUMMARY] Window=5 epochs | Variables=35 | TRDDCP=1 PSR=60 DOPPLER=4 | Time=23.7 ms
[ OPT EFFECT] cost 6.333e+07 -> 1.27e+07 | |Δpos_solve|=5.2190 m | FGO-SPP gap=1.1911 m
[1;32mCURRENT POS | [31.40308246, 121.26322478, 20.296]| VEL:[0.99, 0.46, -0.33][0m 
Ingested new data for time frame 14650210590.04 with 31 observations.
  Systems: G=9 R=6 E=8 C=8 | L1=31 L2=16 Dual=16
[DOPPLER FACTOR] Added 4 .
[  PSR   FACTOR] Added 60 | weight(1/m): min=0.757 max=0.985 mean=0.9
[POST-FIT RESIDUALS] epoch#111 (weighted, at solved states)
  DOPPLER n=12   |r| mean=0.3139 max=1.096
  PSR     n=60   |r| mean=2.127e+05 max=1.16e+06
[0m[INFO] [1788688015.965430985]: Latest ENU sigma [m]: E=1.3818 N=1.1748 U=3.8039[0m
Adjusted MaxTRNum : 375757506. 
[ OPT SUMMARY] Window=5 epochs | Variables=35 | TRDDCP=1 PSR=60 DOPPLER=4 | Time=15.2 ms
[ OPT EFFECT] cost 6.362e+07 -> 1.276e+07 | |Δpos_solve|=5.5234 m | FGO-SPP gap=2.2936 m
[1;32mCURRENT POS | [31.40308115, 121.26321312, 20.745]| VEL:[0.70, 0.55, -0.20][0m 
Ingested new data for time frame 14650210600.04 with 31 observations.
  Systems: G=9 R=6 E=8 C=8 | L1=31 L2=15 Dual=15
[DOPPLER FACTOR] Added 4 .
[  PSR   FACTOR] Added 60 | weight(1/m): min=0.763 max=0.987 mean=0.904
[POST-FIT RESIDUALS] epoch#112 (weighted, at solved states)
  DOPPLER n=12   |r| mean=0.3369 max=1.698
  PSR     n=60   |r| mean=2.137e+05 max=1.163e+06
[0m[INFO] [1788688016.974226264]: Latest ENU sigma [m]: E=1.3596 N=1.3340 U=4.1732[0m
Adjusted MaxTRNum : 823447029. 
[ OPT SUMMARY] Window=5 epochs | Variables=35 | TRDDCP=1 PSR=60 DOPPLER=4 | Time=22.8 ms
[ OPT EFFECT] cost 6.391e+07 -> 1.282e+07 | |Δpos_solve|=5.9477 m | FGO-SPP gap=3.2120 m
[1;32mCURRENT POS | [31.40307841, 121.26320461, 19.619]| VEL:[0.91, 0.82, 0.07][0m 
Ingested new data for time frame 14650210610.04 with 30 observations.
  Systems: G=9 R=6 E=8 C=7 | L1=30 L2=15 Dual=15
[DOPPLER FACTOR] Added 4 .
[  PSR   FACTOR] Added 60 | weight(1/m): min=0.771 max=0.973 mean=0.893
[POST-FIT RESIDUALS] epoch#113 (weighted, at solved states)
  DOPPLER n=12   |r| mean=0.3735 max=1.482
  PSR     n=60   |r| mean=2.104e+05 max=1.146e+06
[0m[INFO] [1788688017.979375189]: Latest ENU sigma [m]: E=1.3957 N=1.3859 U=4.5140[0m
Adjusted MaxTRNum : 60. 
[ OPT SUMMARY] Window=5 epochs | Variables=35 | TRDDCP=1 PSR=60 DOPPLER=4 | Time=15.2 ms
[ OPT EFFECT] cost 6.311e+07 -> 1.262e+07 | |Δpos_solve|=5.8800 m | FGO-SPP gap=2.6718 m
[1;32mCURRENT POS | [31.40307598, 121.26319299, 20.240]| VEL:[0.87, 0.50, -0.08][0m 
Ingested new data for time frame 14650210620.04 with 32 observations.
  Systems: G=10 R=6 E=8 C=8 | L1=31 L2=15 Dual=15
[DOPPLER FACTOR] Added 4 .
[  PSR   FACTOR] Added 60 | weight(1/m): min=0.788 max=0.996 mean=0.915
[POST-FIT RESIDUALS] epoch#114 (weighted, at solved states)
  DOPPLER n=12   |r| mean=0.4513 max=2.521
  PSR     n=60   |r| mean=2.155e+05 max=1.173e+06
[0m[INFO] [1788688018.963890777]: Latest ENU sigma [m]: E=1.3799 N=1.3977 U=4.8721[0m
Adjusted MaxTRNum : 210. 
[ OPT SUMMARY] Window=5 epochs | Variables=35 | TRDDCP=1 PSR=60 DOPPLER=4 | Time=14.3 ms
[ OPT EFFECT] cost 6.468e+07 -> 1.293e+07 | |Δpos_solve|=8.4011 m | FGO-SPP gap=6.8738 m
[1;32mCURRENT POS | [31.40307398, 121.26318393, 20.288]| VEL:[0.93, 0.60, -0.33][0m 
Ingested new data for time frame 14650210630.04 with 32 observations.
  Systems: G=10 R=6 E=8 C=8 | L1=32 L2=15 Dual=15
[DOPPLER FACTOR] Added 4 .
[  PSR   FACTOR] Added 60 | weight(1/m): min=0.755 max=1 mean=0.89
[POST-FIT RESIDUALS] epoch#115 (weighted, at solved states)
  DOPPLER n=12   |r| mean=0.2463 max=1.728
  PSR     n=60   |r| mean=2.088e+05 max=1.152e+06
[0m[INFO] [1788688019.965836909]: Latest ENU sigma [m]: E=1.4103 N=1.2947 U=3.6537[0m
Adjusted MaxTRNum : 765. 
[ OPT SUMMARY] Window=5 epochs | Variables=35 | TRDDCP=1 PSR=60 DOPPLER=4 | Time=13.7 ms
[ OPT EFFECT] cost 6.292e+07 -> 1.253e+07 | |Δpos_solve|=5.3942 m | FGO-SPP gap=1.9565 m
[1;32mCURRENT POS | [31.40307172, 121.26317437, 20.090]| VEL:[0.67, 0.49, 0.03][0m 
Ingested new data for time frame 14650210640.04 with 34 observations.
  Systems: G=11 R=6 E=9 C=8 | L1=33 L2=15 Dual=15
[DOPPLER FACTOR] Added 4 .
[  PSR   FACTOR] Added 60 | weight(1/m): min=0.562 max=1 mean=0.755
[POST-FIT RESIDUALS] epoch#116 (weighted, at solved states)
  DOPPLER n=12   |r| mean=0.2904 max=1.755
  PSR     n=60   |r| mean=1.762e+05 max=1.108e+06
[0m[INFO] [1788688020.967473976]: Latest ENU sigma [m]: E=1.2738 N=1.4553 U=3.2383[0m
Adjusted MaxTRNum : 2764. 
[ OPT SUMMARY] Window=5 epochs | Variables=35 | TRDDCP=1 PSR=60 DOPPLER=4 | Time=13.8 ms
[ OPT EFFECT] cost 5.338e+07 -> 1.057e+07 | |Δpos_solve|=6.2201 m | FGO-SPP gap=2.5931 m
[1;32mCURRENT POS | [31.40306881, 121.26316382, 20.136]| VEL:[0.70, 0.77, -0.19][0m 
Ingested new data for time frame 14650210650.04 with 33 observations.
  Systems: G=10 R=6 E=9 C=8 | L1=33 L2=15 Dual=15
[DOPPLER FACTOR] Added 4 .
[  PSR   FACTOR] Added 60 | weight(1/m): min=0.758 max=1 mean=0.896
[POST-FIT RESIDUALS] epoch#117 (weighted, at solved states)
  DOPPLER n=12   |r| mean=0.3248 max=1.752
  PSR     n=60   |r| mean=2.105e+05 max=1.173e+06
[0m[INFO] [1788688021.966384608]: Latest ENU sigma [m]: E=1.3893 N=1.2985 U=3.6802[0m
Adjusted MaxTRNum : 9185. 
[ OPT SUMMARY] Window=5 epochs | Variables=35 | TRDDCP=1 PSR=60 DOPPLER=4 | Time=15.0 ms
[ OPT EFFECT] cost 6.336e+07 -> 1.263e+07 | |Δpos_solve|=5.1869 m | FGO-SPP gap=2.3826 m
[1;32mCURRENT POS | [31.40306962, 121.26315167, 20.756]| VEL:[1.01, 0.53, -0.57][0m 
Ingested new data for time frame 14650210660.04 with 32 observations.
  Systems: G=9 R=6 E=9 C=8 | L1=30 L2=15 Dual=15
[DOPPLER FACTOR] Added 4 .
[  PSR   FACTOR] Added 60 | weight(1/m): min=0.735 max=1 mean=0.904
[POST-FIT RESIDUALS] epoch#118 (weighted, at solved states)
  DOPPLER n=12   |r| mean=0.7404 max=3.226
  PSR     n=60   |r| mean=2.112e+05 max=1.164e+06
[0m[INFO] [1788688022.972021789]: Latest ENU sigma [m]: E=1.3779 N=1.5572 U=4.7593[0m
Adjusted MaxTRNum : 23794. 
[ OPT SUMMARY] Window=5 epochs | Variables=35 | TRDDCP=1 PSR=60 DOPPLER=4 | Time=19.3 ms
[ OPT EFFECT] cost 6.393e+07 -> 1.267e+07 | |Δpos_solve|=12.7611 m | FGO-SPP gap=11.6597 m
[1;32mCURRENT POS | [31.40306629, 121.26314075, 20.594]| VEL:[0.86, 0.60, -0.28][0m 
Ingested new data for time frame 14650210670.04 with 32 observations.
  Systems: G=9 R=6 E=9 C=8 | L1=32 L2=15 Dual=15
[DOPPLER FACTOR] Added 4 .
[  PSR   FACTOR] Added 60 | weight(1/m): min=0.749 max=1 mean=0.914
[POST-FIT RESIDUALS] epoch#119 (weighted, at solved states)
  DOPPLER n=12   |r| mean=0.4575 max=2.535
  PSR     n=60   |r| mean=2.174e+05 max=1.178e+06
[0m[INFO] [1788688023.966086866]: Latest ENU sigma [m]: E=1.4257 N=1.3056 U=4.1944[0m
Adjusted MaxTRNum : 76871. 
[ OPT SUMMARY] Window=5 epochs | Variables=35 | TRDDCP=1 PSR=60 DOPPLER=4 | Time=15.5 ms
[ OPT EFFECT] cost 6.463e+07 -> 1.304e+07 | |Δpos_solve|=7.1609 m | FGO-SPP gap=5.6276 m
[1;32mCURRENT POS | [31.40306728, 121.26313014, 20.516]| VEL:[0.80, 0.98, -0.12][0m 
Ingested new data for time frame 14650210680.04 with 32 observations.
  Systems: G=9 R=6 E=9 C=8 | L1=32 L2=15 Dual=15
[DOPPLER FACTOR] Added 4 .
[  PSR   FACTOR] Added 60 | weight(1/m): min=0.673 max=1 mean=0.885
[POST-FIT RESIDUALS] epoch#120 (weighted, at solved states)
  DOPPLER n=12   |r| mean=0.4051 max=1.853
  PSR     n=60   |r| mean=2.06e+05 max=1.147e+06
[0m[INFO] [1788688024.985750090]: Latest ENU sigma [m]: E=1.3459 N=1.6008 U=4.4233[0m
Adjusted MaxTRNum : 135513. 
[ OPT SUMMARY] Window=5 epochs | Variables=35 | TRDDCP=1 PSR=60 DOPPLER=4 | Time=28.4 ms
[ OPT EFFECT] cost 6.258e+07 -> 1.236e+07 | |Δpos_solve|=7.4032 m | FGO-SPP gap=5.5413 m
[1;32mCURRENT POS | [31.40306420, 121.26311642, 20.232]| VEL:[0.85, 0.63, -0.22][0m 
Ingested new data for time frame 14650210690.04 with 31 observations.
  Systems: G=9 R=6 E=8 C=8 | L1=31 L2=15 Dual=15
[DOPPLER FACTOR] Added 4 .
[  PSR   FACTOR] Added 60 | weight(1/m): min=0.745 max=1 mean=0.908
[POST-FIT RESIDUALS] epoch#121 (weighted, at solved states)
  DOPPLER n=12   |r| mean=0.3915 max=1.975
  PSR     n=60   |r| mean=2.124e+05 max=1.168e+06
[0m[INFO] [1788688025.970273204]: Latest ENU sigma [m]: E=1.3493 N=1.3949 U=4.5241[0m
Adjusted MaxTRNum : 451506. 
[ OPT SUMMARY] Window=5 epochs | Variables=35 | TRDDCP=1 PSR=60 DOPPLER=4 | Time=15.0 ms
[ OPT EFFECT] cost 6.423e+07 -> 1.275e+07 | |Δpos_solve|=7.3045 m | FGO-SPP gap=4.7559 m
[1;32mCURRENT POS | [31.40305981, 121.26310599, 20.124]| VEL:[0.92, 0.45, -0.42][0m 
Ingested new data for time frame 14650210700.04 with 31 observations.
  Systems: G=9 R=6 E=8 C=8 | L1=31 L2=15 Dual=15
[DOPPLER FACTOR] Added 4 .
[  PSR   FACTOR] Added 60 | weight(1/m): min=0.743 max=1 mean=0.901
[POST-FIT RESIDUALS] epoch#122 (weighted, at solved states)
  DOPPLER n=12   |r| mean=0.3823 max=1.886
  PSR     n=60   |r| mean=2.139e+05 max=1.179e+06
[0m[INFO] [1788688026.969120327]: Latest ENU sigma [m]: E=1.3565 N=1.1654 U=3.8385[0m
Adjusted MaxTRNum : 1501325. 
[ OPT SUMMARY] Window=5 epochs | Variables=35 | TRDDCP=1 PSR=60 DOPPLER=4 | Time=15.0 ms
[ OPT EFFECT] cost 6.373e+07 -> 1.283e+07 | |Δpos_solve|=6.3813 m | FGO-SPP gap=3.8371 m
[1;32mCURRENT POS | [31.40306067, 121.26309264, 20.726]| VEL:[0.66, 0.64, -0.24][0m 
Ingested new data for time frame 14650210710.04 with 33 observations.
  Systems: G=10 R=6 E=9 C=8 | L1=33 L2=15 Dual=15
[DOPPLER FACTOR] Added 4 .
[  PSR   FACTOR] Added 60 | weight(1/m): min=0.712 max=1 mean=0.897
[POST-FIT RESIDUALS] epoch#123 (weighted, at solved states)
  DOPPLER n=12   |r| mean=0.3508 max=1.886
  PSR     n=60   |r| mean=2.136e+05 max=1.179e+06
[0m[INFO] [1788688027.961646700]: Latest ENU sigma [m]: E=1.3671 N=1.2334 U=3.6066[0m
Adjusted MaxTRNum : 4302787. 
[ OPT SUMMARY] Window=5 epochs | Variables=35 | TRDDCP=1 PSR=60 DOPPLER=4 | Time=17.4 ms
[ OPT EFFECT] cost 6.35e+07 -> 1.282e+07 | |Δpos_solve|=6.2504 m | FGO-SPP gap=3.4094 m
[1;32mCURRENT POS | [31.40305486, 121.26308542, 20.762]| VEL:[0.73, 0.62, -0.26][0m 
Ingested new data for time frame 14650210720.04 with 33 observations.
  Systems: G=10 R=6 E=9 C=8 | L1=33 L2=15 Dual=15
[DOPPLER FACTOR] Added 4 .
[  PSR   FACTOR] Added 60 | weight(1/m): min=0.73 max=0.992 mean=0.891
[POST-FIT RESIDUALS] epoch#124 (weighted, at solved states)
  DOPPLER n=12   |r| mean=0.4082 max=1.907
  PSR     n=60   |r| mean=2.102e+05 max=1.169e+06
[0m[INFO] [1788688028.966992163]: Latest ENU sigma [m]: E=1.3732 N=1.4132 U=4.5993[0m
Adjusted MaxTRNum : 13643834. 
[ OPT SUMMARY] Window=5 epochs | Variables=35 | TRDDCP=1 PSR=60 DOPPLER=4 | Time=15.8 ms
[ OPT EFFECT] cost 6.305e+07 -> 1.261e+07 | |Δpos_solve|=7.7544 m | FGO-SPP gap=5.9555 m
[1;32mCURRENT POS | [31.40305134, 121.26307519, 20.695]| VEL:[0.90, 0.59, -0.53][0m 
Ingested new data for time frame 14650210730.04 with 33 observations.
  Systems: G=10 R=6 E=9 C=8 | L1=32 L2=15 Dual=14
[DOPPLER FACTOR] Added 4 .
[  PSR   FACTOR] Added 60 | weight(1/m): min=0.69 max=0.983 mean=0.892
[POST-FIT RESIDUALS] epoch#125 (weighted, at solved states)
  DOPPLER n=12   |r| mean=0.6041 max=2.845
  PSR     n=60   |r| mean=2.091e+05 max=1.159e+06
[0m[INFO] [1788688029.972042499]: Latest ENU sigma [m]: E=1.4127 N=1.6661 U=4.7072[0m
Adjusted MaxTRNum : 37705500. 
[ OPT SUMMARY] Window=5 epochs | Variables=35 | TRDDCP=1 PSR=60 DOPPLER=4 | Time=18.1 ms
[ OPT EFFECT] cost 6.314e+07 -> 1.254e+07 | |Δpos_solve|=11.1161 m | FGO-SPP gap=9.7407 m
[1;32mCURRENT POS | [31.40304905, 121.26306140, 20.398]| VEL:[0.75, 0.51, -0.25][0m 
Ingested new data for time frame 14650210740.04 with 32 observations.
  Systems: G=9 R=6 E=9 C=8 | L1=32 L2=15 Dual=15
[DOPPLER FACTOR] Added 4 .
[  PSR   FACTOR] Added 60 | weight(1/m): min=0.705 max=0.975 mean=0.905
[POST-FIT RESIDUALS] epoch#126 (weighted, at solved states)
  DOPPLER n=12   |r| mean=0.6197 max=2.16
  PSR     n=60   |r| mean=2.105e+05 max=1.15e+06
[0m[INFO] [1788688030.975502858]: Latest ENU sigma [m]: E=1.4257 N=1.4652 U=4.9775[0m
Adjusted MaxTRNum : 109148417. 
[ OPT SUMMARY] Window=5 epochs | Variables=35 | TRDDCP=1 PSR=60 DOPPLER=4 | Time=17.3 ms
[ OPT EFFECT] cost 6.407e+07 -> 1.263e+07 | |Δpos_solve|=11.5844 m | FGO-SPP gap=10.3853 m
[1;32mCURRENT POS | [31.40304653, 121.26305139, 20.243]| VEL:[0.88, 0.85, -0.09][0m 
Ingested new data for time frame 14650210750.04 with 32 observations.
  Systems: G=9 R=6 E=9 C=8 | L1=32 L2=15 Dual=15
[DOPPLER FACTOR] Added 4 .
[  PSR   FACTOR] Added 60 | weight(1/m): min=0.662 max=0.984 mean=0.829
[POST-FIT RESIDUALS] epoch#127 (weighted, at solved states)
  DOPPLER n=12   |r| mean=1565 max=4534
  PSR     n=60   |r| mean=3.947e+05 max=1.196e+07
[0m[INFO] [1788688031.979123387]: Latest ENU sigma [m]: E=1.6878 N=1.4402 U=5.1985[0m
Adjusted MaxTRNum : 211582688. 
[ OPT SUMMARY] Window=5 epochs | Variables=35 | TRDDCP=1 PSR=60 DOPPLER=4 | Time=25.8 ms
[ OPT EFFECT] cost 7.065e+07 -> 2.369e+07 | |Δpos_solve|=24.9756 m | FGO-SPP gap=24.7732 m
[1;32mCURRENT POS | [31.40304220, 121.26303944, 20.010]| VEL:[0.92, 0.53, -0.46][0m 
Ingested new data for time frame 14650210760.04 with 32 observations.
  Systems: G=9 R=6 E=9 C=8 | L1=32 L2=15 Dual=15
[DOPPLER FACTOR] Added 4 .
[  PSR   FACTOR] Added 60 | weight(1/m): min=0.718 max=0.978 mean=0.925
[POST-FIT RESIDUALS] epoch#128 (weighted, at solved states)
  DOPPLER n=12   |r| mean=6.167e+04 max=1.913e+05
  PSR     n=60   |r| mean=4.309e+05 max=1.246e+07
[0m[INFO] [1788688032.987372715]: Latest ENU sigma [m]: E=1.4945 N=1.2595 U=6.0008[0m
Adjusted MaxTRNum : 329686624. 
[ OPT SUMMARY] Window=5 epochs | Variables=35 | TRDDCP=1 PSR=60 DOPPLER=4 | Time=32.1 ms
[ OPT EFFECT] cost 7.908e+07 -> 2.632e+07 | |Δpos_solve|=34.7612 m | FGO-SPP gap=34.3673 m
[1;32mCURRENT POS | [31.40303603, 121.26303131, 20.340]| VEL:[0.83, 0.49, -0.45][0m 
Ingested new data for time frame 14650210770.04 with 31 observations.
  Systems: G=9 R=6 E=8 C=8 | L1=31 L2=15 Dual=15
[DOPPLER FACTOR] Added 4 .
[  PSR   FACTOR] Added 60 | weight(1/m): min=0.8 max=0.963 mean=0.892
[POST-FIT RESIDUALS] epoch#129 (weighted, at solved states)
  DOPPLER n=12   |r| mean=0.8333 max=3.048
  PSR     n=60   |r| mean=2.102e+05 max=1.137e+06
[0m[INFO] [1788688033.975593622]: Latest ENU sigma [m]: E=1.4407 N=1.8910 U=5.7181[0m
Adjusted MaxTRNum : 735993070. 
[ OPT SUMMARY] Window=5 epochs | Variables=35 | TRDDCP=1 PSR=60 DOPPLER=4 | Time=22.4 ms
[ OPT EFFECT] cost 6.313e+07 -> 1.261e+07 | |Δpos_solve|=20.2879 m | FGO-SPP gap=19.4989 m
[1;32mCURRENT POS | [31.40303319, 121.26302169, 19.988]| VEL:[0.52, 0.58, -0.23][0m 
Ingested new data for time frame 14650210780.04 with 32 observations.
  Systems: G=10 R=6 E=8 C=8 | L1=32 L2=15 Dual=15
[DOPPLER FACTOR] Added 4 .
[  PSR   FACTOR] Added 60 | weight(1/m): min=0.731 max=0.966 mean=0.884
[POST-FIT RESIDUALS] epoch#130 (weighted, at solved states)
  DOPPLER n=12   |r| mean=0.4456 max=2.17
  PSR     n=60   |r| mean=2.083e+05 max=1.139e+06
[0m[INFO] [1788688034.988141327]: Latest ENU sigma [m]: E=1.3398 N=1.6445 U=4.5193[0m
Adjusted MaxTRNum : 1380389096. 
[ OPT SUMMARY] Window=5 epochs | Variables=35 | TRDDCP=1 PSR=60 DOPPLER=4 | Time=26.7 ms
[ OPT EFFECT] cost 6.26e+07 -> 1.25e+07 | |Δpos_solve|=8.8921 m | FGO-SPP gap=7.2071 m
[1;32mCURRENT POS | [31.40302889, 121.26301444, 19.883]| VEL:[0.31, 0.62, -0.31][0m 
Ingested new data for time frame 14650210790.04 with 32 observations.
  Systems: G=10 R=6 E=8 C=8 | L1=32 L2=15 Dual=15
[DOPPLER FACTOR] Added 4 .
[  PSR   FACTOR] Added 60 | weight(1/m): min=0.733 max=0.975 mean=0.853
[POST-FIT RESIDUALS] epoch#131 (weighted, at solved states)
  DOPPLER n=12   |r| mean=0.3659 max=1.475
  PSR     n=60   |r| mean=2.007e+05 max=1.15e+06
[0m[INFO] [1788688035.986971901]: Latest ENU sigma [m]: E=1.4353 N=1.1952 U=4.3507[0m
Adjusted MaxTRNum : 2009975076. 
[ OPT SUMMARY] Window=5 epochs | Variables=35 | TRDDCP=1 PSR=60 DOPPLER=4 | Time=34.3 ms
[ OPT EFFECT] cost 6.042e+07 -> 1.204e+07 | |Δpos_solve|=5.2697 m | FGO-SPP gap=2.8021 m
[1;32mCURRENT POS | [31.40302476, 121.26301252, 19.729]| VEL:[0.17, 0.31, -0.61][0m 
Ingested new data for time frame 14650210800.04 with 32 observations.
  Systems: G=10 R=6 E=8 C=8 | L1=31 L2=15 Dual=14
[DOPPLER FACTOR] Added 4 .
[  PSR   FACTOR] Added 60 | weight(1/m): min=0.763 max=0.992 mean=0.89
[POST-FIT RESIDUALS] epoch#132 (weighted, at solved states)
  DOPPLER n=12   |r| mean=0.3731 max=1.335
  PSR     n=60   |r| mean=2.099e+05 max=1.171e+06
[0m[INFO] [1788688036.964091954]: Latest ENU sigma [m]: E=1.3691 N=1.4010 U=4.5226[0m
Adjusted MaxTRNum : 60. 
[ OPT SUMMARY] Window=5 epochs | Variables=35 | TRDDCP=1 PSR=60 DOPPLER=4 | Time=15.8 ms
[ OPT EFFECT] cost 6.301e+07 -> 1.26e+07 | |Δpos_solve|=5.4807 m | FGO-SPP gap=3.7979 m
[1;32mCURRENT POS | [31.40301744, 121.26301291, 20.138]| VEL:[-0.46, 0.36, -0.78][0m 
Ingested new data for time frame 14650210810.04 with 33 observations.
  Systems: G=10 R=6 E=8 C=9 | L1=32 L2=16 Dual=15
[DOPPLER FACTOR] Added 4 .
[  PSR   FACTOR] Added 60 | weight(1/m): min=0.721 max=0.991 mean=0.886
[POST-FIT RESIDUALS] epoch#133 (weighted, at solved states)
  DOPPLER n=12   |r| mean=0.2893 max=0.7971
  PSR     n=60   |r| mean=2.094e+05 max=1.17e+06
[0m[INFO] [1788688037.976131170]: Latest ENU sigma [m]: E=1.3562 N=1.4150 U=4.4857[0m
Adjusted MaxTRNum : 135. 
[ OPT SUMMARY] Window=5 epochs | Variables=35 | TRDDCP=1 PSR=60 DOPPLER=4 | Time=22.1 ms
[ OPT EFFECT] cost 6.276e+07 -> 1.256e+07 | |Δpos_solve|=4.9485 m | FGO-SPP gap=3.9031 m
[1;32mCURRENT POS | [31.40300991, 121.26301595, 19.886]| VEL:[-0.67, -0.08, -0.61][0m 
Ingested new data for time frame 14650210820.04 with 31 observations.
  Systems: G=10 R=6 E=8 C=7 | L1=31 L2=15 Dual=15
[DOPPLER FACTOR] Added 4 .
[  PSR   FACTOR] Added 60 | weight(1/m): min=0.766 max=0.994 mean=0.894
[POST-FIT RESIDUALS] epoch#134 (weighted, at solved states)
  DOPPLER n=12   |r| mean=0.3986 max=0.8961
  PSR     n=60   |r| mean=2.11e+05 max=1.173e+06
[0m[INFO] [1788688038.988446766]: Latest ENU sigma [m]: E=1.3468 N=1.2553 U=3.6183[0m
Adjusted MaxTRNum : 477. 
[ OPT SUMMARY] Window=5 epochs | Variables=35 | TRDDCP=1 PSR=60 DOPPLER=4 | Time=14.1 ms
[ OPT EFFECT] cost 6.332e+07 -> 1.266e+07 | |Δpos_solve|=6.8968 m | FGO-SPP gap=6.6599 m
[1;32mCURRENT POS | [31.40300137, 121.26302071, 20.329]| VEL:[-0.71, 0.30, -0.57][0m 
Ingested new data for time frame 14650210830.04 with 31 observations.
  Systems: G=10 R=6 E=8 C=7 | L1=30 L2=16 Dual=15
[DOPPLER FACTOR] Added 4 .
[  PSR   FACTOR] Added 60 | weight(1/m): min=0.705 max=0.952 mean=0.86
[POST-FIT RESIDUALS] epoch#135 (weighted, at solved states)
  DOPPLER n=12   |r| mean=0.2532 max=1.151
  PSR     n=60   |r| mean=2.031e+05 max=1.124e+06
[0m[INFO] [1788688039.974609859]: Latest ENU sigma [m]: E=1.3933 N=1.4262 U=4.4306[0m
Adjusted MaxTRNum : 1727. 
[ OPT SUMMARY] Window=5 epochs | Variables=35 | TRDDCP=1 PSR=60 DOPPLER=4 | Time=13.8 ms
[ OPT EFFECT] cost 6.095e+07 -> 1.219e+07 | |Δpos_solve|=4.6242 m | FGO-SPP gap=3.6226 m
[1;32mCURRENT POS | [31.40299339, 121.26302278, 20.172]| VEL:[-0.35, 0.18, -0.81][0m 
Ingested new data for time frame 14650210840.04 with 32 observations.
  Systems: G=9 R=6 E=8 C=9 | L1=31 L2=17 Dual=16
[DOPPLER FACTOR] Added 4 .
[  PSR   FACTOR] Added 60 | weight(1/m): min=0.738 max=1 mean=0.899
[POST-FIT RESIDUALS] epoch#136 (weighted, at solved states)
  DOPPLER n=12   |r| mean=0.244 max=1.194
  PSR     n=60   |r| mean=2.119e+05 max=1.168e+06
[0m[INFO] [1788688040.973637714]: Latest ENU sigma [m]: E=1.3455 N=1.3786 U=4.4463[0m
Adjusted MaxTRNum : 3764. 
[ OPT SUMMARY] Window=5 epochs | Variables=35 | TRDDCP=1 PSR=60 DOPPLER=4 | Time=22.9 ms
[ OPT EFFECT] cost 6.374e+07 -> 1.272e+07 | |Δpos_solve|=5.0166 m | FGO-SPP gap=3.9803 m
[1;32mCURRENT POS | [31.40298400, 121.26302415, 20.003]| VEL:[-0.67, 0.44, -0.88][0m 
Ingested new data for time frame 14650210850.04 with 33 observations.
  Systems: G=10 R=6 E=8 C=9 | L1=31 L2=18 Dual=16
[DOPPLER FACTOR] Added 4 .
[  PSR   FACTOR] Added 60 | weight(1/m): min=0.701 max=1 mean=0.848
[POST-FIT RESIDUALS] epoch#137 (weighted, at solved states)
  DOPPLER n=12   |r| mean=0.2289 max=1.244
  PSR     n=60   |r| mean=1.991e+05 max=1.165e+06
[0m[INFO] [1788688041.987505743]: Latest ENU sigma [m]: E=1.3687 N=1.4288 U=4.4324[0m
Adjusted MaxTRNum : 7759. 
[ OPT SUMMARY] Window=5 epochs | Variables=35 | TRDDCP=1 PSR=60 DOPPLER=4 | Time=24.3 ms
[ OPT EFFECT] cost 6.011e+07 -> 1.195e+07 | |Δpos_solve|=4.9548 m | FGO-SPP gap=3.8372 m
[1;32mCURRENT POS | [31.40297573, 121.26302750, 20.012]| VEL:[-0.47, 0.48, -0.99][0m 
Ingested new data for time frame 14650210860.04 with 33 observations.
  Systems: G=10 R=6 E=8 C=9 | L1=31 L2=17 Dual=15
[DOPPLER FACTOR] Added 4 .
[  PSR   FACTOR] Added 60 | weight(1/m): min=0.737 max=1 mean=0.896
[POST-FIT RESIDUALS] epoch#138 (weighted, at solved states)
  DOPPLER n=12   |r| mean=0.07898 max=0.2888
  PSR     n=60   |r| mean=2.109e+05 max=1.161e+06
[0m[INFO] [1788688042.979825006]: Latest ENU sigma [m]: E=1.3472 N=1.2693 U=3.5205[0m
Adjusted MaxTRNum : 18373. 
[ OPT SUMMARY] Window=5 epochs | Variables=35 | TRDDCP=1 PSR=60 DOPPLER=4 | Time=21.1 ms
[ OPT EFFECT] cost 6.352e+07 -> 1.265e+07 | |Δpos_solve|=1.6025 m | FGO-SPP gap=3.8297 m
[1;32mCURRENT POS | [31.40296697, 121.26303174, 20.665]| VEL:[-0.47, 0.12, -1.09][0m 
Ingested new data for time frame 14650210870.04 with 32 observations.
  Systems: G=9 R=6 E=8 C=9 | L1=31 L2=16 Dual=15
[DOPPLER FACTOR] Added 4 .
[  PSR   FACTOR] Added 60 | weight(1/m): min=0.631 max=1 mean=0.855
[POST-FIT RESIDUALS] epoch#139 (weighted, at solved states)
  DOPPLER n=12   |r| mean=0.1691 max=0.5749
  PSR     n=60   |r| mean=2.005e+05 max=1.11e+06
[0m[INFO] [1788688043.987380301]: Latest ENU sigma [m]: E=1.3622 N=1.7336 U=4.0015[0m
Adjusted MaxTRNum : 40273. 
[ OPT SUMMARY] Window=5 epochs | Variables=35 | TRDDCP=1 PSR=60 DOPPLER=4 | Time=22.8 ms
[ OPT EFFECT] cost 6.063e+07 -> 1.203e+07 | |Δpos_solve|=3.3743 m | FGO-SPP gap=2.5018 m
[1;32mCURRENT POS | [31.40295601, 121.26303225, 20.484]| VEL:[-0.45, 0.37, -0.85][0m 
Ingested new data for time frame 14650210880.04 with 32 observations.
  Systems: G=9 R=6 E=8 C=9 | L1=31 L2=16 Dual=15
[DOPPLER FACTOR] Added 4 .
[  PSR   FACTOR] Added 60 | weight(1/m): min=0.718 max=1 mean=0.891
[POST-FIT RESIDUALS] epoch#140 (weighted, at solved states)
  DOPPLER n=12   |r| mean=0.1918 max=1.005
  PSR     n=60   |r| mean=2.124e+05 max=1.181e+06
[0m[INFO] [1788688044.973753857]: Latest ENU sigma [m]: E=1.3179 N=1.2671 U=3.5769[0m
Adjusted MaxTRNum : 93921. 
[ OPT SUMMARY] Window=5 epochs | Variables=35 | TRDDCP=1 PSR=60 DOPPLER=4 | Time=21.4 ms
[ OPT EFFECT] cost 6.319e+07 -> 1.274e+07 | |Δpos_solve|=2.6605 m | FGO-SPP gap=3.5171 m
[1;32mCURRENT POS | [31.40294700, 121.26303675, 20.109]| VEL:[-0.70, 0.39, -0.84][0m 
Ingested new data for time frame 14650210890.04 with 32 observations.
  Systems: G=9 R=6 E=8 C=9 | L1=31 L2=16 Dual=15
[DOPPLER FACTOR] Added 4 .
[  PSR   FACTOR] Added 60 | weight(1/m): min=0.719 max=0.983 mean=0.895
[POST-FIT RESIDUALS] epoch#141 (weighted, at solved states)
  DOPPLER n=12   |r| mean=0.2493 max=0.447
  PSR     n=60   |r| mean=2.128e+05 max=1.161e+06
[0m[INFO] [1788688045.972046558]: Latest ENU sigma [m]: E=1.3638 N=1.2645 U=3.5010[0m
Adjusted MaxTRNum : 352638. 
[ OPT SUMMARY] Window=5 epochs | Variables=35 | TRDDCP=1 PSR=60 DOPPLER=4 | Time=13.3 ms
[ OPT EFFECT] cost 6.345e+07 -> 1.277e+07 | |Δpos_solve|=2.0511 m | FGO-SPP gap=3.1169 m
[1;32mCURRENT POS | [31.40293768, 121.26303915, 20.143]| VEL:[-0.67, 0.26, -0.82][0m 
Ingested new data for time frame 14650210900.04 with 32 observations.
  Systems: G=9 R=6 E=8 C=9 | L1=31 L2=16 Dual=15
[DOPPLER FACTOR] Added 4 .
[  PSR   FACTOR] Added 60 | weight(1/m): min=0.72 max=0.984 mean=0.897
[POST-FIT RESIDUALS] epoch#142 (weighted, at solved states)
  DOPPLER n=12   |r| mean=0.1858 max=0.7066
  PSR     n=60   |r| mean=2.115e+05 max=1.163e+06
[0m[INFO] [1788688046.980346951]: Latest ENU sigma [m]: E=1.3251 N=1.2555 U=3.5427[0m
Adjusted MaxTRNum : 735232. 
[ OPT SUMMARY] Window=5 epochs | Variables=35 | TRDDCP=1 PSR=60 DOPPLER=4 | Time=24.0 ms
[ OPT EFFECT] cost 6.364e+07 -> 1.269e+07 | |Δpos_solve|=2.5464 m | FGO-SPP gap=3.5573 m
[1;32mCURRENT POS | [31.40293028, 121.26303962, 20.193]| VEL:[-0.40, 0.07, -0.96][0m 
Ingested new data for time frame 14650210910.04 with 32 observations.
  Systems: G=9 R=6 E=8 C=9 | L1=31 L2=16 Dual=15
[DOPPLER FACTOR] Added 4 .
[  PSR   FACTOR] Added 60 | weight(1/m): min=0.722 max=0.986 mean=0.901
[POST-FIT RESIDUALS] epoch#143 (weighted, at solved states)
  DOPPLER n=12   |r| mean=0.2207 max=0.6405
  PSR     n=60   |r| mean=2.115e+05 max=1.165e+06
[0m[INFO] [1788688047.980396029]: Latest ENU sigma [m]: E=1.3535 N=1.2184 U=3.5299[0m
Adjusted MaxTRNum : 1483819. 
[ OPT SUMMARY] Window=5 epochs | Variables=35 | TRDDCP=1 PSR=60 DOPPLER=4 | Time=24.8 ms
[ OPT EFFECT] cost 6.39e+07 -> 1.269e+07 | |Δpos_solve|=2.9441 m | FGO-SPP gap=2.5901 m
[1;32mCURRENT POS | [31.40292349, 121.26304170, 20.567]| VEL:[-0.54, 0.53, -0.43][0m 
Ingested new data for time frame 14650210920.04 with 32 observations.
  Systems: G=9 R=6 E=8 C=9 | L1=30 L2=16 Dual=15
[DOPPLER FACTOR] Added 4 .
[  PSR   FACTOR] Added 60 | weight(1/m): min=0.705 max=0.979 mean=0.887
[POST-FIT RESIDUALS] epoch#144 (weighted, at solved states)
  DOPPLER n=12   |r| mean=0.1727 max=0.3696
  PSR     n=60   |r| mean=2.073e+05 max=1.157e+06
[0m[INFO] [1788688048.963739260]: Latest ENU sigma [m]: E=1.4155 N=1.2502 U=3.6255[0m
Adjusted MaxTRNum : 4982206. 
[ OPT SUMMARY] Window=5 epochs | Variables=35 | TRDDCP=1 PSR=60 DOPPLER=4 | Time=14.9 ms
[ OPT EFFECT] cost 6.294e+07 -> 1.244e+07 | |Δpos_solve|=2.6692 m | FGO-SPP gap=2.5883 m
[1;32mCURRENT POS | [31.40291360, 121.26304605, 19.871]| VEL:[-0.52, 0.61, -0.89][0m 
Ingested new data for time frame 14650210930.04 with 32 observations.
  Systems: G=9 R=6 E=8 C=9 | L1=30 L2=16 Dual=15
[DOPPLER FACTOR] Added 4 .
[  PSR   FACTOR] Added 60 | weight(1/m): min=0.721 max=0.982 mean=0.898
[POST-FIT RESIDUALS] epoch#145 (weighted, at solved states)
  DOPPLER n=12   |r| mean=0.1727 max=0.6346
  PSR     n=60   |r| mean=2.124e+05 max=1.161e+06
[0m[INFO] [1788688049.976058527]: Latest ENU sigma [m]: E=1.4218 N=1.1748 U=3.5968[0m
Adjusted MaxTRNum : 10147591. 
[ OPT SUMMARY] Window=5 epochs | Variables=35 | TRDDCP=1 PSR=60 DOPPLER=4 | Time=24.5 ms
[ OPT EFFECT] cost 6.37e+07 -> 1.274e+07 | |Δpos_solve|=2.9548 m | FGO-SPP gap=2.0263 m
[1;32mCURRENT POS | [31.40290505, 121.26304947, 20.250]| VEL:[-0.19, -0.30, -1.09][0m 
Ingested new data for time frame 14650210940.04 with 32 observations.
  Systems: G=9 R=6 E=8 C=9 | L1=29 L2=16 Dual=14
[DOPPLER FACTOR] Added 4 .
[  PSR   FACTOR] Added 60 | weight(1/m): min=0.725 max=0.984 mean=0.903
[POST-FIT RESIDUALS] epoch#146 (weighted, at solved states)
  DOPPLER n=12   |r| mean=0.1891 max=0.6256
  PSR     n=60   |r| mean=2.117e+05 max=1.163e+06
[0m[INFO] [1788688050.977413676]: Latest ENU sigma [m]: E=1.3891 N=1.1560 U=3.4699[0m
Adjusted MaxTRNum : 24272937. 
[ OPT SUMMARY] Window=5 epochs | Variables=35 | TRDDCP=1 PSR=60 DOPPLER=4 | Time=20.9 ms
[ OPT EFFECT] cost 6.408e+07 -> 1.27e+07 | |Δpos_solve|=2.6283 m | FGO-SPP gap=2.2476 m
[1;32mCURRENT POS | [31.40289334, 121.26305266, 21.038]| VEL:[-0.68, 0.70, -0.79][0m 
Ingested new data for time frame 14650210950.04 with 33 observations.
  Systems: G=10 R=6 E=8 C=9 | L1=31 L2=16 Dual=15
[DOPPLER FACTOR] Added 4 .
[  PSR   FACTOR] Added 60 | weight(1/m): min=0.733 max=0.978 mean=0.898
[POST-FIT RESIDUALS] epoch#147 (weighted, at solved states)
  DOPPLER n=12   |r| mean=0.2102 max=0.7566
  PSR     n=60   |r| mean=2.152e+05 max=1.156e+06
[0m[INFO] [1788688051.975500700]: Latest ENU sigma [m]: E=1.4225 N=1.1566 U=3.5682[0m
Adjusted MaxTRNum : 52374509. 
[ OPT SUMMARY] Window=5 epochs | Variables=35 | TRDDCP=1 PSR=60 DOPPLER=4 | Time=23.2 ms
[ OPT EFFECT] cost 6.374e+07 -> 1.291e+07 | |Δpos_solve|=4.3015 m | FGO-SPP gap=3.1987 m
[1;32mCURRENT POS | [31.40288452, 121.26305542, 20.447]| VEL:[-0.57, 0.22, -0.74][0m 
Ingested new data for time frame 14650210960.04 with 33 observations.
  Systems: G=10 R=6 E=8 C=9 | L1=31 L2=16 Dual=15
[DOPPLER FACTOR] Added 4 .
[  PSR   FACTOR] Added 60 | weight(1/m): min=0.681 max=1 mean=0.852
[POST-FIT RESIDUALS] epoch#148 (weighted, at solved states)
  DOPPLER n=12   |r| mean=0.2482 max=0.6571
  PSR     n=60   |r| mean=2.039e+05 max=1.159e+06
[0m[INFO] [1788688052.976683648]: Latest ENU sigma [m]: E=1.4859 N=1.3558 U=3.6853[0m
Adjusted MaxTRNum : 110600720. 
[ OPT SUMMARY] Window=5 epochs | Variables=35 | TRDDCP=1 PSR=60 DOPPLER=4 | Time=23.7 ms
[ OPT EFFECT] cost 6.043e+07 -> 1.224e+07 | |Δpos_solve|=1.8422 m | FGO-SPP gap=3.2699 m
[1;32mCURRENT POS | [31.40287572, 121.26305967, 19.831]| VEL:[-0.36, 0.10, -1.27][0m 
Ingested new data for time frame 14650210970.04 with 32 observations.
  Systems: G=9 R=6 E=8 C=9 | L1=30 L2=16 Dual=15
[DOPPLER FACTOR] Added 4 .
[  PSR   FACTOR] Added 60 | weight(1/m): min=0.699 max=1 mean=0.89
[POST-FIT RESIDUALS] epoch#149 (weighted, at solved states)
  DOPPLER n=12   |r| mean=0.2492 max=0.8186
  PSR     n=60   |r| mean=2.09e+05 max=1.166e+06
[0m[INFO] [1788688053.969864296]: Latest ENU sigma [m]: E=1.3785 N=1.2963 U=3.5920[0m
Adjusted MaxTRNum : 344036553. 
[ OPT SUMMARY] Window=5 epochs | Variables=35 | TRDDCP=1 PSR=60 DOPPLER=4 | Time=16.1 ms
[ OPT EFFECT] cost 6.32e+07 -> 1.254e+07 | |Δpos_solve|=3.4473 m | FGO-SPP gap=4.1592 m
[1;32mCURRENT POS | [31.40286532, 121.26306146, 20.856]| VEL:[-0.61, 0.54, -0.52][0m 
Ingested new data for time frame 14650210980.04 with 32 observations.
  Systems: G=9 R=6 E=8 C=9 | L1=30 L2=16 Dual=15
[DOPPLER FACTOR] Added 4 .
[  PSR   FACTOR] Added 60 | weight(1/m): min=0.748 max=1 mean=0.908
[POST-FIT RESIDUALS] epoch#150 (weighted, at solved states)
  DOPPLER n=12   |r| mean=0.2002 max=0.6649
  PSR     n=60   |r| mean=4.417e+05 max=1.469e+07
[0m[INFO] [1788688054.967249243]: Latest ENU sigma [m]: E=1.3142 N=1.2671 U=3.5960[0m
Adjusted MaxTRNum : 826650676. 
[ OPT SUMMARY] Window=5 epochs | Variables=35 | TRDDCP=1 PSR=60 DOPPLER=4 | Time=20.8 ms
[ OPT EFFECT] cost 7.807e+07 -> 2.65e+07 | |Δpos_solve|=2.5283 m | FGO-SPP gap=3.7210 m
[1;32mCURRENT POS | [31.40285804, 121.26306554, 19.731]| VEL:[-0.58, 0.53, -0.93][0m 
Ingested new data for time frame 14650210990.04 with 32 observations.
  Systems: G=9 R=6 E=8 C=9 | L1=30 L2=16 Dual=15
[DOPPLER FACTOR] Added 4 .
[  PSR   FACTOR] Added 60 | weight(1/m): min=0.75 max=1 mean=0.912
[POST-FIT RESIDUALS] epoch#151 (weighted, at solved states)
  DOPPLER n=12   |r| mean=0.1626 max=0.5033
  PSR     n=60   |r| mean=2.164e+05 max=1.153e+06
[0m[INFO] [1788688055.976832632]: Latest ENU sigma [m]: E=1.2967 N=1.2551 U=3.5891[0m
Adjusted MaxTRNum : 60. 
[ OPT SUMMARY] Window=5 epochs | Variables=35 | TRDDCP=1 PSR=60 DOPPLER=4 | Time=13.6 ms
[ OPT EFFECT] cost 6.475e+07 -> 1.298e+07 | |Δpos_solve|=3.0882 m | FGO-SPP gap=4.3969 m
[1;32mCURRENT POS | [31.40284836, 121.26306883, 19.684]| VEL:[-0.44, 0.32, -1.04][0m 
Ingested new data for time frame 14650211000.04 with 32 observations.
  Systems: G=9 R=6 E=8 C=9 | L1=30 L2=16 Dual=15
[DOPPLER FACTOR] Added 4 .
[  PSR   FACTOR] Added 60 | weight(1/m): min=0.738 max=1 mean=0.903
[POST-FIT RESIDUALS] epoch#152 (weighted, at solved states)
  DOPPLER n=12   |r| mean=0.1376 max=0.4699
  PSR     n=60   |r| mean=2.136e+05 max=1.183e+06
[0m[INFO] [1788688056.976881456]: Latest ENU sigma [m]: E=1.3168 N=1.2656 U=3.6064[0m
Adjusted MaxTRNum : 128. 
[ OPT SUMMARY] Window=5 epochs | Variables=35 | TRDDCP=1 PSR=60 DOPPLER=4 | Time=23.3 ms
[ OPT EFFECT] cost 6.413e+07 -> 1.282e+07 | |Δpos_solve|=2.9446 m | FGO-SPP gap=4.1717 m
[1;32mCURRENT POS | [31.40283999, 121.26307259, 19.969]| VEL:[-0.44, 0.06, -0.83][0m 
Ingested new data for time frame 14650211010.04 with 32 observations.
  Systems: G=9 R=6 E=8 C=9 | L1=30 L2=16 Dual=15
[DOPPLER FACTOR] Added 4 .
[  PSR   FACTOR] Added 60 | weight(1/m): min=0.712 max=0.979 mean=0.894
[POST-FIT RESIDUALS] epoch#153 (weighted, at solved states)
  DOPPLER n=12   |r| mean=0.2093 max=0.7421
  PSR     n=60   |r| mean=2.141e+05 max=1.159e+06
[0m[INFO] [1788688057.978024065]: Latest ENU sigma [m]: E=1.4308 N=1.1632 U=3.5218[0m
Adjusted MaxTRNum : 451. 
[ OPT SUMMARY] Window=5 epochs | Variables=35 | TRDDCP=1 PSR=60 DOPPLER=4 | Time=14.2 ms
[ OPT EFFECT] cost 6.351e+07 -> 1.284e+07 | |Δpos_solve|=3.5868 m | FGO-SPP gap=2.6070 m
[1;32mCURRENT POS | [31.40282631, 121.26307727, 20.630]| VEL:[-0.69, 0.53, -0.78][0m 
Ingested new data for time frame 14650211020.04 with 32 observations.
  Systems: G=9 R=6 E=8 C=9 | L1=31 L2=16 Dual=15
[DOPPLER FACTOR] Added 4 .
[  PSR   FACTOR] Added 60 | weight(1/m): min=0.726 max=0.975 mean=0.886
[POST-FIT RESIDUALS] epoch#154 (weighted, at solved states)
  DOPPLER n=12   |r| mean=0.2547 max=0.7386
  PSR     n=60   |r| mean=2.097e+05 max=1.154e+06
[0m[INFO] [1788688058.969619841]: Latest ENU sigma [m]: E=1.4383 N=1.3810 U=4.0006[0m
Adjusted MaxTRNum : 1358. 
[ OPT SUMMARY] Window=5 epochs | Variables=35 | TRDDCP=1 PSR=60 DOPPLER=4 | Time=16.6 ms
[ OPT EFFECT] cost 6.289e+07 -> 1.258e+07 | |Δpos_solve|=4.2274 m | FGO-SPP gap=1.2656 m
[1;32mCURRENT POS | [31.40281843, 121.26307888, 20.790]| VEL:[-0.65, 0.33, -0.89][0m 
Ingested new data for time frame 14650211030.04 with 32 observations.
  Systems: G=9 R=6 E=8 C=9 | L1=31 L2=16 Dual=15
[DOPPLER FACTOR] Added 4 .
[  PSR   FACTOR] Added 60 | weight(1/m): min=0.756 max=0.97 mean=0.873
[POST-FIT RESIDUALS] epoch#155 (weighted, at solved states)
  DOPPLER n=12   |r| mean=0.34 max=0.9854
  PSR     n=60   |r| mean=2.071e+05 max=1.148e+06
[0m[INFO] [1788688059.968649924]: Latest ENU sigma [m]: E=1.4929 N=1.2265 U=3.8847[0m
Adjusted MaxTRNum : 3983. 
[ OPT SUMMARY] Window=5 epochs | Variables=35 | TRDDCP=1 PSR=60 DOPPLER=4 | Time=17.0 ms
[ OPT EFFECT] cost 6.198e+07 -> 1.242e+07 | |Δpos_solve|=5.5045 m | FGO-SPP gap=4.0177 m
[1;32mCURRENT POS | [31.40281129, 121.26307937, 20.126]| VEL:[-0.46, -0.15, -1.08][0m 
Ingested new data for time frame 14650211040.04 with 32 observations.
  Systems: G=9 R=6 E=8 C=9 | L1=30 L2=16 Dual=15
[DOPPLER FACTOR] Added 4 .
[  PSR   FACTOR] Added 60 | weight(1/m): min=0.697 max=0.974 mean=0.888
[POST-FIT RESIDUALS] epoch#156 (weighted, at solved states)
  DOPPLER n=12   |r| mean=0.3245 max=1.319
  PSR     n=60   |r| mean=2.094e+05 max=1.153e+06
[0m[INFO] [1788688060.966129659]: Latest ENU sigma [m]: E=1.4851 N=0.9133 U=3.2692[0m
Adjusted MaxTRNum : 12302. 
[ OPT SUMMARY] Window=5 epochs | Variables=35 | TRDDCP=1 PSR=60 DOPPLER=4 | Time=16.2 ms
[ OPT EFFECT] cost 6.307e+07 -> 1.256e+07 | |Δpos_solve|=5.5528 m | FGO-SPP gap=2.8757 m
[1;32mCURRENT POS | [31.40280407, 121.26308614, 19.666]| VEL:[-0.77, 0.45, -0.59][0m 
Ingested new data for time frame 14650211050.04 with 32 observations.
  Systems: G=9 R=6 E=8 C=9 | L1=29 L2=16 Dual=14
[DOPPLER FACTOR] Added 4 .
[  PSR   FACTOR] Added 60 | weight(1/m): min=0.727 max=0.968 mean=0.893
[POST-FIT RESIDUALS] epoch#157 (weighted, at solved states)
  DOPPLER n=12   |r| mean=0.2783 max=0.9078
  PSR     n=60   |r| mean=2.099e+05 max=1.146e+06
[0m[INFO] [1788688061.967829933]: Latest ENU sigma [m]: E=1.7222 N=1.4296 U=3.4899[0m
Adjusted MaxTRNum : 38553. 
[ OPT SUMMARY] Window=5 epochs | Variables=35 | TRDDCP=1 PSR=60 DOPPLER=4 | Time=16.0 ms
[ OPT EFFECT] cost 6.347e+07 -> 1.259e+07 | |Δpos_solve|=5.6603 m | FGO-SPP gap=2.6666 m
[1;32mCURRENT POS | [31.40279138, 121.26308313, 20.852]| VEL:[-0.85, 0.62, -0.79][0m 
Ingested new data for time frame 14650211060.04 with 32 observations.
  Systems: G=9 R=6 E=8 C=9 | L1=30 L2=16 Dual=15
[DOPPLER FACTOR] Added 4 .
[  PSR   FACTOR] Added 60 | weight(1/m): min=0.768 max=0.981 mean=0.904
[POST-FIT RESIDUALS] epoch#158 (weighted, at solved states)
  DOPPLER n=12   |r| mean=0.3712 max=1.516
  PSR     n=60   |r| mean=2.138e+05 max=1.161e+06
[0m[INFO] [1788688062.975916852]: Latest ENU sigma [m]: E=1.6566 N=1.2095 U=3.4972[0m
Adjusted MaxTRNum : 77218. 
[ OPT SUMMARY] Window=5 epochs | Variables=35 | TRDDCP=1 PSR=60 DOPPLER=4 | Time=25.0 ms
[ OPT EFFECT] cost 6.421e+07 -> 1.283e+07 | |Δpos_solve|=5.3207 m | FGO-SPP gap=2.1569 m
[1;32mCURRENT POS | [31.40278213, 121.26308727, 20.720]| VEL:[-0.52, 0.17, -1.25][0m 
Ingested new data for time frame 14650211070.04 with 34 observations.
  Systems: G=9 R=8 E=8 C=9 | L1=32 L2=16 Dual=15
[DOPPLER FACTOR] Added 4 .
[  PSR   FACTOR] Added 60 | weight(1/m): min=0.693 max=0.975 mean=0.878
[POST-FIT RESIDUALS] epoch#159 (weighted, at solved states)
  DOPPLER n=12   |r| mean=723.3 max=1846
  PSR     n=60   |r| mean=4.069e+05 max=1.19e+07
[0m[INFO] [1788688063.976153982]: Latest ENU sigma [m]: E=2.1700 N=1.3023 U=5.7088[0m
Adjusted MaxTRNum : 120945. 
[ OPT SUMMARY] Window=5 epochs | Variables=35 | TRDDCP=1 PSR=60 DOPPLER=4 | Time=31.9 ms
[ OPT EFFECT] cost 7.43e+07 -> 2.442e+07 | |Δpos_solve|=26.2346 m | FGO-SPP gap=25.3377 m
[1;32mCURRENT POS | [31.40277132, 121.26309353, 20.951]| VEL:[-0.47, 0.23, -0.83][0m 
Ingested new data for time frame 14650211080.04 with 32 observations.
  Systems: G=9 R=6 E=8 C=9 | L1=31 L2=15 Dual=14
[DOPPLER FACTOR] Added 4 .
[  PSR   FACTOR] Added 60 | weight(1/m): min=0.66 max=0.931 mean=0.822
[POST-FIT RESIDUALS] epoch#160 (weighted, at solved states)
  DOPPLER n=12   |r| mean=0.2136 max=0.9821
  PSR     n=60   |r| mean=1.965e+05 max=1.103e+06
[0m[INFO] [1788688064.976482064]: Latest ENU sigma [m]: E=2.3040 N=1.2474 U=5.1137[0m
Adjusted MaxTRNum : 245430. 
[ OPT SUMMARY] Window=5 epochs | Variables=35 | TRDDCP=1 PSR=60 DOPPLER=4 | Time=24.6 ms
[ OPT EFFECT] cost 5.845e+07 -> 1.179e+07 | |Δpos_solve|=4.1923 m | FGO-SPP gap=1.5887 m
[1;32mCURRENT POS | [31.40276449, 121.26309548, 20.952]| VEL:[-0.59, 0.62, -0.75][0m 
Ingested new data for time frame 14650211090.04 with 31 observations.
  Systems: G=9 R=5 E=8 C=9 | L1=29 L2=15 Dual=14
[DOPPLER FACTOR] Added 4 .
[  PSR   FACTOR] Added 60 | weight(1/m): min=0.674 max=0.864 mean=0.763
[POST-FIT RESIDUALS] epoch#161 (weighted, at solved states)
  DOPPLER n=12   |r| mean=0.2334 max=0.7803
  PSR     n=60   |r| mean=3.829e+05 max=1.302e+07
[0m[INFO] [1788688065.959576955]: Latest ENU sigma [m]: E=0.9985 N=1.3166 U=3.2573[0m
Adjusted MaxTRNum : 857769. 
[ OPT SUMMARY] Window=5 epochs | Variables=35 | TRDDCP=1 PSR=60 DOPPLER=4 | Time=14.3 ms
[ OPT EFFECT] cost 6.628e+07 -> 2.298e+07 | |Δpos_solve|=4.9698 m | FGO-SPP gap=5.3215 m
[1;32mCURRENT POS | [31.40275396, 121.26310031, 20.290]| VEL:[-0.43, -0.00, -0.98][0m 
Ingested new data for time frame 14650211100.04 with 32 observations.
  Systems: G=9 R=6 E=8 C=9 | L1=30 L2=15 Dual=14
[DOPPLER FACTOR] Added 4 .
[  PSR   FACTOR] Added 60 | weight(1/m): min=0.535 max=0.735 mean=0.685
[POST-FIT RESIDUALS] epoch#162 (weighted, at solved states)
  DOPPLER n=12   |r| mean=0.2108 max=0.5724
  PSR     n=60   |r| mean=1.638e+05 max=8.707e+05
[0m[INFO] [1788688066.958724882]: Latest ENU sigma [m]: E=1.7025 N=1.6349 U=4.1587[0m
Adjusted MaxTRNum : 2769356. 
[ OPT SUMMARY] Window=5 epochs | Variables=35 | TRDDCP=1 PSR=60 DOPPLER=4 | Time=15.5 ms
[ OPT EFFECT] cost 4.869e+07 -> 9.829e+06 | |Δpos_solve|=1.7485 m | FGO-SPP gap=3.0828 m
[1;32mCURRENT POS | [31.40274443, 121.26310387, 20.313]| VEL:[-0.52, 0.10, -0.94][0m 
Ingested new data for time frame 14650211110.04 with 32 observations.
  Systems: G=9 R=6 E=8 C=9 | L1=30 L2=14 Dual=13
[DOPPLER FACTOR] Added 4 .
[  PSR   FACTOR] Added 60 | weight(1/m): min=0.763 max=0.987 mean=0.903
[POST-FIT RESIDUALS] epoch#163 (weighted, at solved states)
  DOPPLER n=12   |r| mean=0.1719 max=0.6749
  PSR     n=60   |r| mean=2.141e+05 max=1.169e+06
[0m[INFO] [1788688067.960596094]: Latest ENU sigma [m]: E=1.3285 N=1.2746 U=3.5417[0m
Adjusted MaxTRNum : 9134406. 
[ OPT SUMMARY] Window=5 epochs | Variables=35 | TRDDCP=1 PSR=60 DOPPLER=4 | Time=15.2 ms
[ OPT EFFECT] cost 6.419e+07 -> 1.284e+07 | |Δpos_solve|=2.6042 m | FGO-SPP gap=3.8586 m
[1;32mCURRENT POS | [31.40273424, 121.26310663, 20.336]| VEL:[-0.65, 0.48, -0.71][0m 
Ingested new data for time frame 14650211120.04 with 32 observations.
  Systems: G=9 R=6 E=8 C=9 | L1=30 L2=15 Dual=14
[DOPPLER FACTOR] Added 4 .
[  PSR   FACTOR] Added 60 | weight(1/m): min=0.712 max=0.977 mean=0.909
[POST-FIT RESIDUALS] epoch#164 (weighted, at solved states)
  DOPPLER n=12   |r| mean=0.1994 max=0.6191
  PSR     n=60   |r| mean=2.165e+05 max=1.158e+06
[0m[INFO] [1788688068.959498309]: Latest ENU sigma [m]: E=1.2929 N=1.1734 U=3.5166[0m
Adjusted MaxTRNum : 33077656. 
[ OPT SUMMARY] Window=5 epochs | Variables=35 | TRDDCP=1 PSR=60 DOPPLER=4 | Time=13.8 ms
[ OPT EFFECT] cost 6.462e+07 -> 1.299e+07 | |Δpos_solve|=3.3414 m | FGO-SPP gap=2.9743 m
[1;32mCURRENT POS | [31.40272469, 121.26311134, 20.857]| VEL:[-0.72, 0.55, -0.78][0m 
Ingested new data for time frame 14650211130.04 with 33 observations.
  Systems: G=10 R=6 E=8 C=9 | L1=32 L2=16 Dual=15
[DOPPLER FACTOR] Added 4 .
[  PSR   FACTOR] Added 60 | weight(1/m): min=0.71 max=0.981 mean=0.908
[POST-FIT RESIDUALS] epoch#165 (weighted, at solved states)
  DOPPLER n=12   |r| mean=0.1688 max=0.5141
  PSR     n=60   |r| mean=2.172e+05 max=1.162e+06
[0m[INFO] [1788688069.976275230]: Latest ENU sigma [m]: E=1.2830 N=1.1464 U=3.4992[0m
Adjusted MaxTRNum : 129991523. 
[ OPT SUMMARY] Window=5 epochs | Variables=35 | TRDDCP=1 PSR=60 DOPPLER=4 | Time=12.7 ms
[ OPT EFFECT] cost 6.454e+07 -> 1.303e+07 | |Δpos_solve|=3.5875 m | FGO-SPP gap=2.5746 m
[1;32mCURRENT POS | [31.40271514, 121.26311449, 20.661]| VEL:[-0.46, 0.16, -1.07][0m 
Ingested new data for time frame 14650211140.04 with 33 observations.
  Systems: G=10 R=6 E=8 C=9 | L1=31 L2=15 Dual=14
[DOPPLER FACTOR] Added 4 .
[  PSR   FACTOR] Added 60 | weight(1/m): min=0.697 max=0.985 mean=0.898
[POST-FIT RESIDUALS] epoch#166 (weighted, at solved states)
  DOPPLER n=12   |r| mean=0.201 max=0.8331
  PSR     n=60   |r| mean=2.16e+05 max=1.167e+06
[0m[INFO] [1788688070.990412745]: Latest ENU sigma [m]: E=1.2858 N=1.1499 U=3.5065[0m
Adjusted MaxTRNum : 197796523. 
[ OPT SUMMARY] Window=5 epochs | Variables=35 | TRDDCP=1 PSR=60 DOPPLER=4 | Time=32.9 ms
[ OPT EFFECT] cost 6.386e+07 -> 1.296e+07 | |Δpos_solve|=3.8664 m | FGO-SPP gap=2.6754 m
[1;32mCURRENT POS | [31.40270655, 121.26311835, 20.689]| VEL:[-0.30, 0.18, -1.10][0m 
Ingested new data for time frame 14650211150.04 with 33 observations.
  Systems: G=10 R=6 E=8 C=9 | L1=31 L2=16 Dual=15
[DOPPLER FACTOR] Added 4 .
[  PSR   FACTOR] Added 60 | weight(1/m): min=0.739 max=0.987 mean=0.91
[POST-FIT RESIDUALS] epoch#167 (weighted, at solved states)
  DOPPLER n=12   |r| mean=0.1584 max=0.811
  PSR     n=60   |r| mean=2.163e+05 max=1.17e+06
[0m[INFO] [1788688071.970143240]: Latest ENU sigma [m]: E=1.0829 N=1.2787 U=2.9144[0m
Adjusted MaxTRNum : 545961138. 
[ OPT SUMMARY] Window=5 epochs | Variables=35 | TRDDCP=1 PSR=60 DOPPLER=4 | Time=18.1 ms
[ OPT EFFECT] cost 6.472e+07 -> 1.298e+07 | |Δpos_solve|=3.5224 m | FGO-SPP gap=3.4879 m
[1;32mCURRENT POS | [31.40269780, 121.26312054, 20.669]| VEL:[-0.48, 0.38, -0.92][0m 
Ingested new data for time frame 14650211160.04 with 34 observations.
  Systems: G=10 R=6 E=9 C=9 | L1=32 L2=16 Dual=15
[DOPPLER FACTOR] Added 4 .
[  PSR   FACTOR] Added 60 | weight(1/m): min=0.704 max=0.982 mean=0.903
[POST-FIT RESIDUALS] epoch#168 (weighted, at solved states)
  DOPPLER n=12   |r| mean=0.1861 max=0.967
  PSR     n=60   |r| mean=2.13e+05 max=1.164e+06
[0m[INFO] [1788688072.983209999]: Latest ENU sigma [m]: E=1.3064 N=1.2559 U=3.5357[0m
Adjusted MaxTRNum : 1175917397. 
[ OPT SUMMARY] Window=5 epochs | Variables=35 | TRDDCP=1 PSR=60 DOPPLER=4 | Time=23.2 ms
[ OPT EFFECT] cost 6.422e+07 -> 1.278e+07 | |Δpos_solve|=2.9800 m | FGO-SPP gap=2.9242 m
[1;32mCURRENT POS | [31.40268847, 121.26312349, 20.804]| VEL:[-0.75, 0.59, -0.78][0m 
Ingested new data for time frame 14650211170.04 with 33 observations.
  Systems: G=10 R=6 E=8 C=9 | L1=32 L2=15 Dual=14
[DOPPLER FACTOR] Added 4 .
[  PSR   FACTOR] Added 60 | weight(1/m): min=0.692 max=0.985 mean=0.902
[POST-FIT RESIDUALS] epoch#169 (weighted, at solved states)
  DOPPLER n=12   |r| mean=0.2[33m[WARN] [1788688075.986045300]: [FGO Guard] state jumped 8108875 m from SPP init, fallback (solver divergence)[0m
2 max=1.074
  PSR     n=60   |r| mean=2.12e+05 max=1.168e+06
[0m[INFO] [1788688073.977965674]: Latest ENU sigma [m]: E=1.3660 N=1.2750 U=3.5438[0m
Adjusted MaxTRNum : 60. 
[ OPT SUMMARY] Window=5 epochs | Variables=35 | TRDDCP=1 PSR=60 DOPPLER=4 | Time=24.5 ms
[ OPT EFFECT] cost 6.416e+07 -> 1.272e+07 | |Δpos_solve|=3.0305 m | FGO-SPP gap=3.6007 m
[1;32mCURRENT POS | [31.40268003, 121.26312357, 21.252]| VEL:[-0.68, 0.48, -0.90][0m 
Ingested new data for time frame 14650211180.04 with 33 observations.
  Systems: G=10 R=6 E=9 C=8 | L1=32 L2=15 Dual=14
[DOPPLER FACTOR] Added 4 .
[  PSR   FACTOR] Added 60 | weight(1/m): min=0.656 max=0.911 mean=0.849
[POST-FIT RESIDUALS] epoch#170 (weighted, at solved states)
  DOPPLER n=12   |r| mean=0.244 max=0.8221
  PSR     n=60   |r| mean=2.016e+05 max=1.08e+06
[0m[INFO] [1788688074.974222428]: Latest ENU sigma [m]: E=1.3664 N=1.3692 U=3.6285[0m
Adjusted MaxTRNum : 206. 
[ OPT SUMMARY] Window=5 epochs | Variables=35 | TRDDCP=1 PSR=60 DOPPLER=4 | Time=14.5 ms
[ OPT EFFECT] cost 6.038e+07 -> 1.21e+07 | |Δpos_solve|=3.7056 m | FGO-SPP gap=4.7698 m
[1;32mCURRENT POS | [31.40266708, 121.26312935, 21.310]| VEL:[-0.65, 0.41, -0.95][0m 
Ingested new data for time frame 14650211190.04 with 33 observations.
  Systems: G=10 R=6 E=8 C=9 | L1=31 L2=16 Dual=14
[DOPPLER FACTOR] Added 4 .
[  PSR   FACTOR] Added 60 | weight(1/m): min=0.752 max=0.987 mean=0.89
[POST-FIT RESIDUALS] epoch#171 (weighted, at solved states)
  DOPPLER n=12   |r| mean=223.7 max=589
  PSR     n=60   |r| mean=1.448e+06 max=6.719e+06
[0m[INFO] [1788688075.989229623]: Latest ENU sigma [m]: E=82.3065 N=82.7248 U=102.9936[0m
Adjusted MaxTRNum : 451. 
[ OPT SUMMARY] Window=5 epochs | Variables=35 | TRDDCP=1 PSR=60 DOPPLER=4 | Time=22.8 ms
[ OPT EFFECT] cost 7.62e+07 -> 1.745e+07 | |Δpos_solve|=8108875.1948 m | FGO-SPP gap=0.0000 m
[1;32mCURRENT POS | [31.40265968, 121.26313076, 21.015]| VEL:[-0.69, 0.19, -0.85][0m 
Ingested new data for time frame 14650211200.04 with 33 observations.
  Systems: G=10 R=6 E=8 C=9 | L1=32 L2=16 Dual=15
[DOPPLER FACTOR] Added 4 .
[  PSR   FACTOR] Added 60 | weight(1/m): min=0.733 max=0.981 mean=0.884
[POST-FIT RESIDUALS] epoch#172 (weighted, at solved states)
  DOPPLER n=12   |r| mean=0.1822 max=0.6665
  PSR     n=60   |r| mean=2.106e+05 max=1.163e+06
[0m[INFO] [1788688076.971184358]: Latest ENU sigma [m]: E=1.1155 N=1.2967 U=2.9296[0m
Adjusted MaxTRNum : 1482. 
[ OPT SUMMARY] Window=5 epochs | Variables=35 | TRDDCP=1 PSR=60 DOPPLER=4 | Time=15.2 ms
[ OPT EFFECT] cost 6.289e+07 -> 1.264e+07 | |Δpos_solve|=3.6543 m | FGO-SPP gap=3.7058 m
[1;32mCURRENT POS | [31.40264942, 121.26313991, 21.300]| VEL:[-0.67, 0.52, -0.67][0m 
Ingested new data for time frame 14650211210.04 with 33 observations.
  Systems: G=10 R=6 E=8 C=9 | L1=31 L2=15 Dual=13
[DOPPLER FACTOR] Added 4 .
[  PSR   FACTOR] Added 60 | weight(1/m): min=0.449 max=0.899 mean=0.737
[POST-FIT RESIDUALS] epoch#173 (weighted, at solved states)
  DOPPLER n=12   |r| mean=0.1956 max=1.381
  PSR     n=60   |r| mean=1.766e+05 max=1.066e+06
[0m[INFO] [1788688077.991616302]: Latest ENU sigma [m]: E=1.5709 N=1.0641 U=3.7384[0m
Adjusted MaxTRNum : 2162. 
[ OPT SUMMARY] Window=5 epochs | Variables=35 | TRDDCP=1 PSR=60 DOPPLER=4 | Time=34.3 ms
[ OPT EFFECT] cost 5.246e+07 -> 1.06e+07 | |Δpos_solve|=5.3409 m | FGO-SPP gap=4.3816 m
[1;32mCURRENT POS | [31.40264261, 121.26313905, 21.227]| VEL:[-0.63, 0.60, -0.85][0m 
Ingested new data for time frame 14650211220.04 with 33 observations.
  Systems: G=10 R=6 E=8 C=9 | L1=32 L2=16 Dual=15
[DOPPLER FACTOR] Added 4 .
[  PSR   FACTOR] Added 60 | weight(1/m): min=0.728 max=0.959 mean=0.889
[POST-FIT RESIDUALS] epoch#174 (weighted, at solved states)
  DOPPLER n=12   |r| mean=0.1869 max=0.9204
  PSR     n=60   |r| mean=2.106e+05 max=1.138e+06
[0m[INFO] [1788688078.982883660]: Latest ENU sigma [m]: E=1.3019 N=1.1557 U=3.5725[0m
Adjusted MaxTRNum : 3488. 
[ OPT SUMMARY] Window=5 epochs | Variables=35 | TRDDCP=1 PSR=60 DOPPLER=4 | Time=31.0 ms
[ OPT EFFECT] cost 6.326e+07 -> 1.263e+07 | |Δpos_solve|=4.0260 m | FGO-SPP gap=3.0775 m
[1;32mCURRENT POS | [31.40263144, 121.26314040, 21.727]| VEL:[-0.37, 0.06, -0.96][0m 
Ingested new data for time frame 14650211230.04 with 33 observations.
  Systems: G=10 R=6 E=8 C=9 | L1=31 L2=16 Dual=14
[DOPPLER FACTOR] Added 4 .
[  PSR   FACTOR] Added 60 | weight(1/m): min=0.767 max=0.969 mean=0.898
[POST-FIT RESIDUALS] epoch#175 (weighted, at solved states)
  DOPPLER n=12   |r| mean=1.124e+05 max=2.914e+05
  PSR     n=60   |r| mean=5.289e+149 max=3.174e+151
[0m[INFO] [1788688079.979561139]: Latest ENU sigma [m]: E=1.4385 N=1.2561 U=4.8644[0m
Adjusted MaxTRNum : 6300. 
[ OPT SUMMARY] Window=5 epochs | Variables=35 | TRDDCP=1 PSR=60 DOPPLER=4 | Time=27.7 ms
[ OPT EFFECT] cost 3.174e+151 -> 3.174e+151 | |Δpos_solve|=22.8285 m | FGO-SPP gap=22.6438 m
[1;32mCURRENT POS | [31.40262114, 121.26314797, 21.165]| VEL:[-0.69, 0.51, -0.91][0m 
Ingested new data for time frame 14650211240.04 with 33 observations.
  Systems: G=10 R=6 E=8 C=9 | L1=32 L2=16 Dual=15
[DOPPLER FACTOR] Added 4 .
[  PSR   FACTOR] Added 60 | weight(1/m): min=0.649 max=0.958 mean=0.839
[POST-FIT RESIDUALS] epoch#176 (weighted, at solved states)
  DOPPLER n=12   |r| mean=0.3471 max=1.543
  PSR     n=60   |r| mean=2.009e+05 max=1.137e+06
[0m[INFO] [1788688080.992863410]: Latest ENU sigma [m]: E=2.0380 N=0.8704 U=3.1134[0m
Adjusted MaxTRNum : 11854. 
[ OPT SUMMARY] Window=5 epochs | Variables=35 | TRDDCP=1 PSR=60 DOPPLER=4 | Time=26.6 ms
[ OPT EFFECT] cost 5.973e+07 -> 1.205e+07 | |Δpos_solve|=7.5128 m | FGO-SPP gap=6.9276 m
[1;32mCURRENT POS | [31.40261074, 121.26314959, 21.484]| VEL:[-0.79, 0.65, -0.71][0m 
Ingested new data for time frame 14650211250.04 with 33 observations.
  Systems: G=10 R=6 E=8 C=9 | L1=32 L2=15 Dual=14
[DOPPLER FACTOR] Added 4 .
[  PSR   FACTOR] Added 60 | weight(1/m): min=0.696 max=0.957 mean=0.842
[POST-FIT RESIDUALS] epoch#177 (weighted, at solved states)
  DOPPLER n=12   |r| mean=0.3347 max=1.29
  PSR     n=60   |r| mean=1.991e+05 max=1.135e+06
[0m[INFO] [1788688081.979354399]: Latest ENU sigma [m]: E=1.4164 N=0.8748 U=3.0089[0m
Adjusted MaxTRNum : 28048. 
[ OPT SUMMARY] Window=5 epochs | Variables=35 | TRDDCP=1 PSR=60 DOPPLER=4 | Time=21.1 ms
[ OPT EFFECT] cost 5.994e+07 -> 1.195e+07 | |Δpos_solve|=5.7806 m | FGO-SPP gap=1.9853 m
[1;32mCURRENT POS | [31.40260473, 121.26314738, 20.453]| VEL:[-0.60, 0.06, -1.06][0m 
Ingested new data for time frame 14650211260.04 with 33 observations.
  Systems: G=10 R=6 E=8 C=9 | L1=32 L2=15 Dual=14
[DOPPLER FACTOR] Added 4 .
[  PSR   FACTOR] Added 60 | weight(1/m): min=0.46 max=0.987 mean=0.866
[POST-FIT RESIDUALS] epoch#178 (weighted, at solved states)
  DOPPLER n=12   |r| mean=0.2242 max=0.848
  PSR     n=60   |r| mean=2.019e+05 max=1.171e+06
[0m[INFO] [1788688082.976888065]: Latest ENU sigma [m]: E=1.4031 N=1.1777 U=3.6774[0m
Adjusted MaxTRNum : 59742. 
[ OPT SUMMARY] Window=5 epochs | Variables=35 | TRDDCP=1 PSR=60 DOPPLER=4 | Time=23.5 ms
[ OPT EFFECT] cost 6.169e+07 -> 1.212e+07 | |Δpos_solve|=3.4716 m | FGO-SPP gap=1.4240 m
[1;32mCURRENT POS | [31.40259378, 121.26315160, 21.366]| VEL:[-0.33, 0.15, -1.09][0m 
Ingested new data for time frame 14650211270.04 with 33 observations.
  Systems: G=10 R=6 E=8 C=9 | L1=32 L2=16 Dual=15
[DOPPLER FACTOR] Added 4 .
[  PSR   FACTOR] Added 60 | weight(1/m): min=0.699 max=0.988 mean=0.88
[POST-FIT RESIDUALS] epoch#179 (weighted, at solved states)
  DOPPLER n=12   |r| mean=0.2496 max=0.6119
  PSR     n=60   |r| mean=2.083e+05 max=1.173e+06
[0m[INFO] [1788688083.976436560]: Latest ENU sigma [m]: E=1.3270 N=1.1842 U=3.4279[0m
Adjusted MaxTRNum : 131551. 
[ OPT SUMMARY] Window=5 epochs | Variables=35 | TRDDCP=1 PSR=60 DOPPLER=4 | Time=22.7 ms
[ OPT EFFECT] cost 6.266e+07 -> 1.25e+07 | |Δpos_solve|=4.2179 m | FGO-SPP gap=0.6778 m
[1;32mCURRENT POS | [31.40258371, 121.26315695, 22.311]| VEL:[-0.61, 0.41, -0.60][0m 
Ingested new data for time frame 14650211280.04 with 33 observations.
  Systems: G=10 R=6 E=8 C=9 | L1=32 L2=16 Dual=15
[DOPPLER FACTOR] Added 4 .
[  PSR   FACTOR] Added 60 | weight(1/m): min=0.713 max=0.982 mean=0.882
[POST-FIT RESIDUALS] epoch#180 (weighted, at solved states)
  DOPPLER n=12   |r| mean=0.2441 max=0.7963
  PSR     n=60   |r| mean=2.103e+05 max=1.166e+06
[0m[INFO] [1788688084.967662301]: Latest ENU sigma [m]: E=1.3156 N=1.1696 U=3.5278[0m
Adjusted MaxTRNum : 511482. 
[ OPT SUMMARY] Window=5 epochs | Variables=35 | TRDDCP=1 PSR=60 DOPPLER=4 | Time=12.9 ms
[ OPT EFFECT] cost 6.281e+07 -> 1.262e+07 | |Δpos_solve|=3.8196 m | FGO-SPP gap=1.6053 m
[1;32mCURRENT POS | [31.40257654, 121.26316170, 22.232]| VEL:[-0.53, 0.86, -0.77][0m 
Ingested new data for time frame 14650211290.04 with 33 observations.
  Systems: G=10 R=6 E=8 C=9 | L1=32 L2=15 Dual=14
[DOPPLER FACTOR] Added 4 .
[  PSR   FACTOR] Added 60 | weight(1/m): min=0.71 max=0.982 mean=0.886
[POST-FIT RESIDUALS] epoch#181 (weighted, at solved states)
  DOPPLER n=12   |r| mean=0.2673 max=0.8792
  PSR     n=60   |r| mean=2.107e+05 max=1.166e+06
[0m[INFO] [1788688085.985310888]: Latest ENU sigma [m]: E=1.3589 N=1.1743 U=3.5872[0m
Adjusted MaxTRNum : 1051966. 
[ OPT SUMMARY] Window=5 epochs | Variables=35 | TRDDCP=1 PSR=60 DOPPLER=4 | Time=24.3 ms
[ OPT EFFECT] cost 6.315e+07 -> 1.264e+07 | |Δpos_solve|=3.5998 m | FGO-SPP gap=0.9733 m
[1;32mCURRENT POS | [31.40256839, 121.26316279, 22.011]| VEL:[-0.35, 0.20, -1.05][0m 
Ingested new data for time frame 14650211300.04 with 33 observations.
  Systems: G=10 R=6 E=8 C=9 | L1=31 L2=15 Dual=14
[DOPPLER FACTOR] Added 4 .
[  PSR   FACTOR] Added 60 | weight(1/m): min=0.719 max=0.984 mean=0.896
[POST-FIT RESIDUALS] epoch#182 (weighted, at solved states)
  DOPPLER n=12   |r| mean=0.2417 max=0.9606
  PSR     n=60   |r| mean=2.132e+05 max=1.168e+06
[0m[INFO] [1788688086.969082537]: Latest ENU sigma [m]: E=1.2073 N=0.8606 U=3.1314[0m
Adjusted MaxTRNum : 3163766. 
[ OPT SUMMARY] Window=5 epochs | Variables=35 | TRDDCP=1 PSR=60 DOPPLER=4 | Time=16.6 ms
[ OPT EFFECT] cost 6.385e+07 -> 1.279e+07 | |Δpos_solve|=3.7052 m | FGO-SPP gap=0.9468 m
[1;32mCURRENT POS | [31.40255903, 121.26316349, 21.505]| VEL:[-0.56, 0.47, -0.71][0m 
Ingested new data for time frame 14650211310.04 with 33 observations.
  Systems: G=10 R=6 E=8 C=9 | L1=32 L2=15 Dual=14
[DOPPLER FACTOR] Added 4 .
[  PSR   FACTOR] Added 60 | weight(1/m): min=0.72 max=0.961 mean=0.889
[POST-FIT RESIDUALS] epoch#183 (weighted, at solved states)
  DOPPLER n=12   |r| mean=0.2078 max=0.9853
  PSR     n=60   |r| mean=2.104e+05 max=1.141e+06
[0m[INFO] [1788688087.964507149]: Latest ENU sigma [m]: E=1.2378 N=0.8412 U=3.2385[0m
Adjusted MaxTRNum : 11571409. 
[ OPT SUMMARY] Window=5 epochs | Variables=35 | TRDDCP=1 PSR=60 DOPPLER=4 | Time=13.7 ms
[ OPT EFFECT] cost 6.334e+07 -> 1.263e+07 | |Δpos_solve|=3.5384 m | FGO-SPP gap=3.3017 m
[1;32mCURRENT POS | [31.40254848, 121.26316574, 22.484]| VEL:[-0.85, 0.68, -0.80][0m 
Ingested new data for time frame 14650211320.04 with 33 observations.
  Systems: G=10 R=6 E=8 C=9 | L1=32 L2=16 Dual=15
[DOPPLER FACTOR] Added 4 .
[  PSR   FACTOR] Added 60 | weight(1/m): min=0.707 max=0.958 mean=0.867
[POST-FIT RESIDUALS] epoch#184 (weighted, at solved states)
  DOPPLER n=12   |r| mean=0.1751 max=1.02
  PSR     n=60   |r| mean=2.061e+05 max=1.138e+06
[0m[INFO] [1788688088.988482438]: Latest ENU sigma [m]: E=1.0796 N=0.9296 U=2.8195[0m
Adjusted MaxTRNum : 22727774. 
[ OPT SUMMARY] Window=5 epochs | Variables=35 | TRDDCP=1 PSR=60 DOPPLER=4 | Time=25.5 ms
[ OPT EFFECT] cost 6.179e+07 -> 1.237e+07 | |Δpos_solve|=3.5231 m | FGO-SPP gap=2.1276 m
[1;32mCURRENT POS | [31.40254194, 121.26317196, 21.489]| VEL:[-0.88, 0.54, -0.87][0m 
Ingested new data for time frame 14650211330.04 with 33 observations.
  Systems: G=10 R=6 E=8 C=9 | L1=32 L2=15 Dual=14
[DOPPLER FACTOR] Added 4 .
[  PSR   FACTOR] Added 60 | weight(1/m): min=0.711 max=0.987 mean=0.893
[POST-FIT RESIDUALS] epoch#185 (weighted, at solved states)
  DOPPLER n=12   |r| mean=0.2685 max=1.132
  PSR     n=60   |r| mean=2.116e+05 max=1.173e+06
[0m[INFO] [1788688089.966706813]: Latest ENU sigma [m]: E=1.2104 N=0.8789 U=3.0947[0m
Adjusted MaxTRNum : 82927160. 
[ OPT SUMMARY] Window=5 epochs | Variables=35 | TRDDCP=1 PSR=60 DOPPLER=4 | Time=13.7 ms
[ OPT EFFECT] cost 6.362e+07 -> 1.269e+07 | |Δpos_solve|=3.5563 m | FGO-SPP gap=1.7906 m
[1;32mCURRENT POS | [31.40253078, 121.26317318, 22.207]| VEL:[-0.65, 0.06, -1.08][0m 
Ingested new data for time frame 14650211340.04 with 33 observations.
  Systems: G=10 R=6 E=8 C=9 | L1=31 L2=16 Dual=14
[DOPPLER FACTOR] Added 4 .
[  PSR   FACTOR] Added 60 | weight(1/m): min=0.715 max=0.985 mean=0.887
[POST-FIT RESIDUALS] epoch#186 (weighted, at solved states)
  DOPPLER n=12   |r| mean=0.2428 max=0.7918
  PSR     n=60   |r| mean=2.107e+05 max=1.17e+06
[0m[INFO] [1788688090.969910869]: Latest ENU sigma [m]: E=1.3163 N=1.1614 U=3.6239[0m
Adjusted MaxTRNum : 207173562. 
[ OPT SUMMARY] Window=5 epochs | Variables=35 | TRDDCP=1 PSR=60 DOPPLER=4 | Time=20.0 ms
[ OPT EFFECT] cost 6.323e+07 -> 1.264e+07 | |Δpos_solve|=3.7571 m | FGO-SPP gap=1.7008 m
[1;32mCURRENT POS | [31.40252128, 121.26317774, 21.562]| VEL:[-0.60, -0.01, -0.81][0m 
Ingested new data for time frame 14650211350.04 with 33 observations.
  Systems: G=10 R=6 E=8 C=9 | L1=32 L2=16 Dual=15
[DOPPLER FACTOR] Added 4 .
[  PSR   FACTOR] Added 60 | weight(1/m): min=0.735 max=0.988 mean=0.902
[POST-FIT RESIDUALS] epoch#187 (weighted, at solved states)
  DOPPLER n=12   |r| mean=0.254 max=0.9081
  PSR     n=60   |r| mean=2.144e+05 max=1.174e+06
[0m[INFO] [1788688091.973373456]: Latest ENU sigma [m]: E=1.1916 N=0.8642 U=3.0426[0m
Adjusted MaxTRNum : 454304833. 
[ OPT SUMMARY] Window=5 epochs | Variables=35 | TRDDCP=1 PSR=60 DOPPLER=4 | Time=22.8 ms
[ OPT EFFECT] cost 6.434e+07 -> 1.286e+07 | |Δpos_solve|=4.2209 m | FGO-SPP gap=0.9389 m
[1;32mCURRENT POS | [31.40251120, 121.26318163, 21.638]| VEL:[-0.70, 0.44, -0.69][0m 
Ingested new data for time frame 14650211360.04 with 33 observations.
  Systems: G=10 R=6 E=8 C=9 | L1=31 L2=15 Dual=13
[DOPPLER FACTOR] Added 4 .
[  PSR   FACTOR] Added 60 | weight(1/m): min=0.72 max=0.983 mean=0.893
[POST-FIT RESIDUALS] epoch#188 (weighted, at solved states)
  DOPPLER n=12   |r| mean=0.1964 max=0.9907
  PSR     n=60   |r| mean=2.121e+05 max=1.167e+06
[0m[INFO] [1788688092.977491463]: Latest ENU sigma [m]: E=1.2943 N=1.1582 U=3.5542[0m
Adjusted MaxTRNum : 1700225839. 
[ OPT SUMMARY] Window=5 epochs | Variables=35 | TRDDCP=1 PSR=60 DOPPLER=4 | Time=13.4 ms
[ OPT EFFECT] cost 6.365e+07 -> 1.273e+07 | |Δpos_solve|=3.4105 m | FGO-SPP gap=2.0222 m
[1;32mCURRENT POS | [31.40250520, 121.26318152, 21.228]| VEL:[-0.53, 0.68, -0.89][0m 
Ingested new data for time frame 14650211370.04 with 35 observations.
  Systems: G=10 R=7 E=9 C=9 | L1=34 L2=15 Dual=14
[DOPPLER FACTOR] Added 4 .
[  PSR   FACTOR] Added 60 | weight(1/m): min=0.723 max=0.985 mean=0.902
[POST-FIT RESIDUALS] epoch#189 (weighted, at solved states)
  DOPPLER n=12   |r| mean=0.2057 max=1.03
  PSR     n=60   |r| mean=2.146e+05 max=1.171e+06
[0m[INFO] [1788688093.966843020]: Latest ENU sigma [m]: E=1.3365 N=1.1685 U=3.5839[0m
Adjusted MaxTRNum : 60. 
[ OPT SUMMARY] Window=5 epochs | Variables=35 | TRDDCP=1 PSR=60 DOPPLER=4 | Time=13.6 ms
[ OPT EFFECT] cost 6.433e+07 -> 1.287e+07 | |Δpos_solve|=3.4539 m | FGO-SPP gap=2.5463 m
[1;32mCURRENT POS | [31.40249230, 121.26318905, 21.407]| VEL:[-0.62, 0.53, -0.75][0m 
Ingested new data for time frame 14650211380.04 with 34 observations.
  Systems: G=10 R=6 E=9 C=9 | L1=33 L2=15 Dual=14
[DOPPLER FACTOR] Added 4 .
[  PSR   FACTOR] Added 60 | weight(1/m): min=0.698 max=0.975 mean=0.889
[POST-FIT RESIDUALS] epoch#190 (weighted, at solved states)
  DOPPLER n=12   |r| mean=0.2756 max=1.092
  PSR     n=60   |r| mean=2.097e+05 max=1.158e+06
[0m[INFO] [1788688094.991141498]: Latest ENU sigma [m]: E=1.3406 N=1.3236 U=3.6729[0m
Adjusted MaxTRNum : 133. 
[ OPT SUMMARY] Window=5 epochs | Variables=35 | TRDDCP=1 PSR=60 DOPPLER=4 | Time=22.5 ms
[ OPT EFFECT] cost 6.338e+07 -> 1.258e+07 | |Δpos_solve|=4.7779 m | FGO-SPP gap=5.1339 m
[1;32mCURRENT POS | [31.40248549, 121.26319595, 21.973]| VEL:[-0.52, 0.16, -0.57][0m 
Ingested new data for time frame 14650211390.04 with 32 observations.
  Systems: G=10 R=6 E=8 C=8 | L1=32 L2=14 Dual=14
[DOPPLER FACTOR] Added 4 .
[  PSR   FACTOR] Added 60 | weight(1/m): min=0.68 max=0.929 mean=0.836
[POST-FIT RESIDUALS] epoch#191 (weighted, at solved states)
  DOPPLER n=12   |r| mean=0.215 max=1.369
  PSR     n=60   |r| mean=1.996e+05 max=1.103e+06
[0m[INFO] [1788688095.975083096]: Latest ENU sigma [m]: E=1.2065 N=0.9768 U=3.0608[0m
Adjusted MaxTRNum : 510. 
[ OPT SUMMARY] Window=5 epochs | Variables=35 | TRDDCP=1 PSR=60 DOPPLER=4 | Time=13.0 ms
[ OPT EFFECT] cost 5.96e+07 -> 1.198e+07 | |Δpos_solve|=4.7296 m | FGO-SPP gap=3.4488 m
[1;32mCURRENT POS | [31.40247696, 121.26319130, 21.060]| VEL:[-0.88, 0.42, -0.84][0m 
Ingested new data for time frame 14650211400.04 with 32 observations.
  Systems: G=10 R=6 E=8 C=8 | L1=31 L2=15 Dual=15
[DOPPLER FACTOR] Added 4 .
[  PSR   FACTOR] Added 60 | weight(1/m): min=0.72 max=0.976 mean=0.891
[POST-FIT RESIDUALS] epoch#192 (weighted, at solved states)
  DOPPLER n=12   |r| mean=0.1576 max=0.959
  PSR     n=60   |r| mean=2.125e+05 max=1.16e+06
[0m[INFO] [1788688096.969065398]: Latest ENU sigma [m]: E=1.2805 N=1.1566 U=3.5547[0m
Adjusted MaxTRNum : 1823. 
[ OPT SUMMARY] Window=5 epochs | Variables=35 | TRDDCP=1 PSR=60 DOPPLER=4 | Time=14.0 ms
[ OPT EFFECT] cost 6.356e+07 -> 1.275e+07 | |Δpos_solve|=3.3949 m | FGO-SPP gap=2.5608 m
[1;32mCURRENT POS | [31.40246902, 121.26319779, 22.563]| VEL:[-0.65, 0.47, -0.83][0m 
Ingested new data for time frame 14650211410.04 with 33 observations.
  Systems: G=10 R=6 E=8 C=9 | L1=31 L2=15 Dual=14
[DOPPLER FACTOR] Added 4 .
[  PSR   FACTOR] Added 60 | weight(1/m): min=0.395 max=0.861 mean=0.777
[POST-FIT RESIDUALS] epoch#193 (weighted, at solved states)
  DOPPLER n=12   |r| mean=0.1524 max=0.8344
  PSR     n=60   |r| mean=1.862e+05 max=1.024e+06
[0m[INFO] [1788688097.983976148]: Latest ENU sigma [m]: E=1.5258 N=1.3506 U=4.1293[0m
Adjusted MaxTRNum : 4383. 
[ OPT SUMMARY] Window=5 epochs | Variables=35 | TRDDCP=1 PSR=60 DOPPLER=4 | Time=20.8 ms
[ OPT EFFECT] cost 5.54e+07 -> 1.117e+07 | |Δpos_solve|=3.2979 m | FGO-SPP gap=2.3716 m
[1;32mCURRENT POS | [31.40246233, 121.26320259, 22.971]| VEL:[-0.47, 0.07, -0.93][0m 
Ingested new data for time frame 14650211420.04 with 32 observations.
  Systems: G=9 R=6 E=8 C=9 | L1=31 L2=15 Dual=14
[DOPPLER FACTOR] Added 4 .
[  PSR   FACTOR] Added 60 | weight(1/m): min=0.448 max=0.963 mean=0.887
[POST-FIT RESIDUALS] epoch#194 (weighted, at solved states)
  DOPPLER n=12   |r| mean=0.22 max=0.6661
  PSR     n=60   |r| mean=2.126e+05 max=1.144e+06
[0m[INFO] [1788688098.974547124]: Latest ENU sigma [m]: E=1.3794 N=1.1904 U=3.8490[0m
Adjusted MaxTRNum : 14197. 
[ OPT SUMMARY] Window=5 epochs | Variables=35 | TRDDCP=1 PSR=60 DOPPLER=4 | Time=15.4 ms
[ OPT EFFECT] cost 6.326e+07 -> 1.276e+07 | |Δpos_solve|=2.8076 m | FGO-SPP gap=1.9694 m
[1;32mCURRENT POS | [31.40245487, 121.26320436, 24.757]| VEL:[-0.60, 0.15, -0.72][0m 
Ingested new data for time frame 14650211430.04 with 34 observations.
  Systems: G=10 R=6 E=9 C=9 | L1=32 L2=17 Dual=15
[DOPPLER FACTOR] Added 4 .
[  PSR   FACTOR] Added 60 | weight(1/m): min=0.456 max=0.986 mean=0.892
[POST-FIT RESIDUALS] epoch#195 (weighted, at solved states)
  DOPPLER n=12   |r| mean=0.1543 max=0.6081
  PSR     n=60   |r| mean=2.139e+05 max=1.172e+06
[0m[INFO] [1788688099.974889992]: Latest ENU sigma [m]: E=1.3357 N=1.1720 U=3.5822[0m
Adjusted MaxTRNum : 30056. 
[ OPT SUMMARY] Window=5 epochs | Variables=35 | TRDDCP=1 PSR=60 DOPPLER=4 | Time=23.6 ms
[ OPT EFFECT] cost 6.364e+07 -> 1.283e+07 | |Δpos_solve|=3.0250 m | FGO-SPP gap=1.6968 m
[1;32mCURRENT POS | [31.40244676, 121.26320766, 23.481]| VEL:[-0.62, -0.05, -0.56][0m 
Ingested new data for time frame 14650211440.04 with 33 observations.
  Systems: G=10 R=6 E=8 C=9 | L1=31 L2=17 Dual=15
[DOPPLER FACTOR] Added 4 .
[  PSR   FACTOR] Added 60 | weight(1/m): min=0.472 max=0.976 mean=0.903
[POST-FIT RESIDUALS] epoch#196 (weighted, at solved states)
  DOPPLER n=12   |r| mean=0.1584 max=0.799
  PSR     n=60   |r| mean=2.072e+05 max=1.161e+06
[0m[INFO] [1788688100.980582010]: Latest ENU sigma [m]: E=1.3371 N=1.1613 U=3.5752[0m
Adjusted MaxTRNum : 108011. 
[ OPT SUMMARY] Window=5 epochs | Variables=35 | TRDDCP=1 PSR=60 DOPPLER=4 | Time=13.9 ms
[ OPT EFFECT] cost 6.441e+07 -> 1.243e+07 | |Δpos_solve|=3.0352 m | FGO-SPP gap=2.3316 m
[1;32mCURRENT POS | [31.40244195, 121.26321887, 23.494]| VEL:[-0.48, 0.02, -0.45][0m 
Ingested new data for time frame 14650211450.04 with 33 observations.
  Systems: G=10 R=6 E=8 C=9 | L1=31 L2=16 Dual=14
[DOPPLER FACTOR] Added 4 .
[  PSR   FACTOR] Added 60 | weight(1/m): min=0.714 max=1 mean=0.87
[POST-FIT RESIDUALS] epoch#197 (weighted, at solved states)
  DOPPLER n=12   |r| mean=0.1865 max=0.6802
  PSR     n=60   |r| mean=2.066e+05 max=1.166e+06
[0m[INFO] [1788688101.980623603]: Latest ENU sigma [m]: E=1.3885 N=1.3932 U=4.1826[0m
Adjusted MaxTRNum : 255536. 
[ OPT SUMMARY] Window=5 epochs | Variables=35 | TRDDCP=1 PSR=60 DOPPLER=4 | Time=21.1 ms
[ OPT EFFECT] cost 6.209e+07 -> 1.239e+07 | |Δpos_solve|=3.5222 m | FGO-SPP gap=1.9638 m
[1;32mCURRENT POS | [31.40243684, 121.26321804, 24.024]| VEL:[-0.67, 0.33, -0.59][0m 
Ingested new data for time frame 14650211460.04 with 34 observations.
  Systems: G=10 R=6 E=9 C=9 | L1=32 L2=16 Dual=14
[DOPPLER FACTOR] Added 4 .
[  PSR   FACTOR] Added 60 | weight(1/m): min=0.776 max=1 mean=0.903
[POST-FIT RESIDUALS] epoch#198 (weighted, at solved states)
  DOPPLER n=12   |r| mean=0.5252 max=2.744
  PSR     n=60   |r| mean=2.145e+05 max=1.169e+06
[0m[INFO] [1788688102.975035532]: Latest ENU sigma [m]: E=1.2695 N=1.1454 U=3.6538[0m
Adjusted MaxTRNum : 548902. 
[ OPT SUMMARY] Window=5 epochs | Variables=35 | TRDDCP=1 PSR=60 DOPPLER=4 | Time=23.3 ms
[ OPT EFFECT] cost 6.444e+07 -> 1.287e+07 | |Δpos_solve|=9.1268 m | FGO-SPP gap=8.6685 m
[1;32mCURRENT POS | [31.40242545, 121.26322574, 23.927]| VEL:[-0.74, 0.19, -0.33][0m 
Ingested new data for time frame 14650211470.04 with 33 observations.
  Systems: G=10 R=6 E=8 C=9 | L1=30 L2=16 Dual=13
[DOPPLER FACTOR] Added 4 .
[  PSR   FACTOR] Added 60 | weight(1/m): min=0.78 max=1 mean=0.909
[POST-FIT RESIDUALS] epoch#199 (weighted, at solved states)
  DOPPLER n=12   |r| mean=0.2156 max=0.7063
  PSR     n=60   |r| mean=2.154e+05 max=1.15e+06
[0m[INFO] [1788688103.974091520]: Latest ENU sigma [m]: E=1.3564 N=1.4104 U=4.6056[0m
Adjusted MaxTRNum : 1496103. 
[ OPT SUMMARY] Window=5 epochs | Variables=35 | TRDDCP=1 PSR=60 DOPPLER=4 | Time=18.3 ms
[ OPT EFFECT] cost 6.49e+07 -> 1.292e+07 | |Δpos_solve|=3.6519 m | FGO-SPP gap=3.0199 m
[1;32mCURRENT POS | [31.40242638, 121.26323840, 23.416]| VEL:[-0.73, -0.39, -0.44][0m 
Ingested new data for time frame 14650211480.04 with 31 observations.
  Systems: G=9 R=6 E=8 C=8 | L1=29 L2=16 Dual=14
[DOPPLER FACTOR] Added 4 .
[  PSR   FACTOR] Added 60 | weight(1/m): min=0.703 max=1 mean=0.875
[POST-FIT RESIDUALS] epoch#200 (weighted, at solved states)
  DOPPLER n=12   |r| mean=0.4503 max=1.938
  PSR     n=60   |r| mean=2.067e+05 max=1.168e+06
[0m[INFO] [1788688104.981330599]: Latest ENU sigma [m]: E=1.5589 N=1.1444 U=3.4626[0m
Adjusted MaxTRNum : 2826379. 
[ OPT SUMMARY] Window=5 epochs | Variables=35 | TRDDCP=1 PSR=60 DOPPLER=4 | Time=26.5 ms
[ OPT EFFECT] cost 6.246e+07 -> 1.24e+07 | |Δpos_solve|=7.0599 m | FGO-SPP gap=7.0662 m
[1;32mCURRENT POS | [31.40242421, 121.26324360, 23.271]| VEL:[-0.77, -0.62, -0.03][0m 
Ingested new data for time frame 14650211490.04 with 33 observations.
  Systems: G=10 R=6 E=8 C=9 | L1=30 L2=17 Dual=14
[DOPPLER FACTOR] Added 4 .
[  PSR   FACTOR] Added 60 | weight(1/m): min=0.772 max=1 mean=0.891
  [POST-FIT] DOPPLER epoch 0->1                         |r|=0.3157
  [POST-FIT] DOPPLER epoch 1->2                         |r|=0.3191
  [POST-FIT] DOPPLER epoch 2->3                         |r|=0.1748
  [POST-FIT] DOPPLER epoch 3->4                         |r|=0.2687
  [POST-FIT] PSR     sat 20 w=1.000000                  |r|=1.19e+06
  [POST-FIT] PSR     sat 20 w=0.946534                  |r|=1.126e+06
  [POST-FIT] PSR     sat 92 w=0.818235                  |r|=9.735e+05
  [POST-FIT] PSR     sat 39 w=0.963931                  |r|=1.147e+06
  [POST-FIT] PSR     sat 88 w=0.772398                  |r|=9.189e+05
  [POST-FIT] PSR     sat 118 w=0.939542                 |r|=1.118e+06
  [POST-FIT] PSR     sat 103 w=0.888118                 |r|=1.057e+06
  [POST-FIT] PSR     sat 53 w=0.788544                  |r|=9.381e+05
  [POST-FIT] PSR     sat 5 w=0.881345                   |r|=1.049e+06
  [POST-FIT] PSR     sat 5 w=0.881345                   |r|=1.049e+06
  [POST-FIT] PSR     sat 15 w=0.917189                  |r|=1.091e+06
  [POST-FIT] PSR     sat 106 w=0.921792                 |r|=1.097e+06
  [POST-FIT] PSR     sat 20 w=0.946534                  |r|=2.109
  [POST-FIT] PSR     sat 20 w=0.946534                  |r|=1.735
  [POST-FIT] PSR     sat 92 w=0.818235                  |r|=0.3401
  [POST-FIT] PSR     sat 39 w=0.963931                  |r|=0.09994
  [POST-FIT] PSR     sat 88 w=0.772398                  |r|=0.3603
  [POST-FIT] PSR     sat 118 w=0.939542                 |r|=0.4942
  [POST-FIT] PSR     sat 103 w=0.888118                 |r|=0.1225
  [POST-FIT] PSR     sat 53 w=0.788544                  |r|=0.1222
  [POST-FIT] PSR     sat 5 w=0.881345                   |r|=1.219
  [POST-FIT] PSR     sat 5 w=0.881345                   |r|=3.048
  [POST-FIT] PSR     sat 15 w=0.917189                  |r|=0.07067
  [POST-FIT] PSR     sat 106 w=0.921792                 |r|=0.6218
  [POST-FIT] PSR     sat 20 w=1.000000                  |r|=0.7307
  [POST-FIT] PSR     sat 20 w=0.946534                  |r|=2.997
  [POST-FIT] PSR     sat 92 w=0.818235                  |r|=0.3728
  [POST-FIT] PSR     sat 39 w=0.963931                  |r|=0.1185
  [POST-FIT] PSR     sat 88 w=0.772398                  |r|=0.395
  [POST-FIT] PSR     sat 118 w=0.939542                 |r|=0.6039
  [POST-FIT] PSR     sat 103 w=0.888118                 |r|=0.1665
  [POST-FIT] PSR     sat 53 w=0.788544                  |r|=0.1449
  [POST-FIT] PSR     sat 5 w=0.881345                   |r|=1.966
  [POST-FIT] PSR     sat 5 w=0.881345                   |r|=2.28
  [POST-FIT] PSR     sat 15 w=0.917189                  |r|=0.3062
  [POST-FIT] PSR     sat 106 w=0.921792                 |r|=0.776
  [POST-FIT] PSR     sat 20 w=0.946534                  |r|=3.209
  [POST-FIT] PSR     sat 20 w=0.946534                  |r|=0.6176
  [POST-FIT] PSR     sat 92 w=0.818235                  |r|=0.3163
  [POST-FIT] PSR     sat 39 w=0.963931                  |r|=0.5369
  [POST-FIT] PSR     sat 88 w=0.772398                  |r|=0.335
  [POST-FIT] PSR     sat 118 w=0.939542                 |r|=1.092
  [POST-FIT] PSR     sat 103 w=0.888118                 |r|=0.07808
  [POST-FIT] PSR     sat 53 w=0.788544                  |r|=0.6564
  [POST-FIT] PSR     sat 5 w=0.881345                   |r|=0.4453
  [POST-FIT] PSR     sat 5 w=0.881345                   |r|=3.773
  [POST-FIT] PSR     sat 15 w=0.917189                  |r|=1.358
  [POST-FIT] PSR     sat 106 w=0.921792                 |r|=1.279
  [POST-FIT] PSR     sat 20 w=0.946534                  |r|=1.895
  [POST-FIT] PSR     sat 20 w=0.946534                  |r|=2.003
  [POST-FIT] PSR     sat 92 w=0.818235                  |r|=0.4051
  [POST-FIT] PSR     sat 39 w=0.963931                  |r|=0.05521
  [POST-FIT] PSR     sat 88 w=0.772398                  |r|=0.4291
  [POST-FIT] PSR     sat 118 w=0.939542                 |r|=0.7106
  [POST-FIT] PSR     sat 103 w=0.888118                 |r|=0.1057
  [POST-FIT] PSR     sat 53 w=0.788544                  |r|=0.06748
  [POST-FIT] PSR     sat 5 w=0.881345                   |r|=3.186
  [POST-FIT] PSR     sat 5 w=0.881345                   |r|=1.011
  [POST-FIT] PSR     sat 15 w=0.917189                  |r|=0.01398
  [POST-FIT] PSR     sat 106 w=0.921792                 |r|=0.8261
[POST-FIT RESIDUALS] epoch#201 (weighted, at solved states) --- detail ---
  DOPPLER n=12   |r| mean=0.3911 max=0.8665
  PSR     n=60   |r| mean=2.125e+05 max=1.19e+06
[0m[INFO] [1788688105.975576391]: Latest ENU sigma [m]: E=1.7054 N=1.3051 U=3.8292[0m
Adjusted MaxTRNum : 6248216. 
[ OPT SUMMARY] Window=5 epochs | Variables=35 | TRDDCP=1 PSR=60 DOPPLER=4 | Time=22.6 ms
[ OPT EFFECT] cost 6.359e+07 -> 1.275e+07 | |Δpos_solve|=6.6895 m | FGO-SPP gap=7.3164 m
[1;32mCURRENT POS | [31.40242425, 121.26325823, 24.191]| VEL:[-1.21, -0.49, 0.42][0m 
Ingested new data for time frame 14650211500.04 with 32 observations.
  Systems: G=9 R=6 E=8 C=9 | L1=30 L2=16 Dual=14
[DOPPLER FACTOR] Added 4 .
[  PSR   FACTOR] Added 60 | weight(1/m): min=0.658 max=1 mean=0.825
[POST-FIT RESIDUALS] epoch#202 (weighted, at solved states)
  DOPPLER n=12   |r| mean=0.3695 max=0.8343
  PSR     n=60   |r| mean=1.955e+05 max=1.134e+06
[0m[INFO] [1788688106.970499613]: Latest ENU sigma [m]: E=1.8320 N=1.2158 U=3.8933[0m
Adjusted MaxTRNum : 20835112. 
[ OPT SUMMARY] Window=5 epochs | Variables=35 | TRDDCP=1 PSR=60 DOPPLER=4 | Time=15.0 ms
[ OPT EFFECT] cost 5.888e+07 -> 1.173e+07 | |Δpos_solve|=5.5367 m | FGO-SPP gap=6.4628 m
[1;32mCURRENT POS | [31.40242346, 121.26326555, 23.128]| VEL:[-0.90, -0.57, 0.10][0m 
Ingested new data for time frame 14650211510.04 with 33 observations.
  Systems: G=10 R=6 E=8 C=9 | L1=30 L2=17 Dual=14
[DOPPLER FACTOR] Added 4 .
[  PSR   FACTOR] Added 60 | weight(1/m): min=0.793 max=1 mean=0.918
[POST-FIT RESIDUALS] epoch#203 (weighted, at solved states)
  DOPPLER n=12   |r| mean=0.5134 max=2
  PSR     n=60   |r| mean=2.208e+05 max=1.19e+06
[0m[INFO] [1788688107.979331321]: Latest ENU sigma [m]: E=1.3529 N=1.2564 U=3.7102[0m
Adjusted MaxTRNum : 59789601. 
[ OPT SUMMARY] Window=5 epochs | Variables=35 | TRDDCP=1 PSR=60 DOPPLER=4 | Time=17.4 ms
[ OPT EFFECT] cost 6.557e+07 -> 1.325e+07 | |Δpos_solve|=8.9109 m | FGO-SPP gap=9.0874 m
[1;32mCURRENT POS | [31.40242453, 121.26327304, 22.630]| VEL:[-0.62, -0.40, 0.20][0m 
Ingested new data for time frame 14650211520.04 with 32 observations.
  Systems: G=9 R=6 E=8 C=9 | L1=29 L2=17 Dual=15
[DOPPLER FACTOR] Added 4 .
[  PSR   FACTOR] Added 60 | weight(1/m): min=0.714 max=0.98 mean=0.891
[POST-FIT RESIDUALS] epoch#204 (weighted, at solved states)
  DOPPLER n=12   |r| mean=0.3791 max=1.496
  PSR     n=60   |r| mean=2.121e+05 max=1.166e+06
[0m[INFO] [1788688108.966219622]: Latest ENU sigma [m]: E=1.3574 N=1.2665 U=3.7599[0m
Adjusted MaxTRNum : 165244435. 
[ OPT SUMMARY] Window=5 epochs | Variables=35 | TRDDCP=1 PSR=60 DOPPLER=4 | Time=18.1 ms
[ OPT EFFECT] cost 6.364e+07 -> 1.272e+07 | |Δpos_solve|=7.2308 m | FGO-SPP gap=7.3393 m
[1;32mCURRENT POS | [31.40242635, 121.26328211, 21.444]| VEL:[-0.87, -0.63, 0.33][0m 
Ingested new data for time frame 14650211530.04 with 32 observations.
  Systems: G=9 R=6 E=8 C=9 | L1=29 L2=16 Dual=14
[DOPPLER FACTOR] Added 4 .
[  PSR   FACTOR] Added 60 | weight(1/m): min=0.748 max=1 mean=0.896
[POST-FIT RESIDUALS] epoch#205 (weighted, at solved states)
  DOPPLER n=12   |r| mean=0.2473 max=0.9423
  PSR     n=60   |r| mean=2.128e+05 max=1.176e+06
[0m[INFO] [1788688109.976771992]: Latest ENU sigma [m]: E=1.3996 N=1.2069 U=3.7328[0m
Adjusted MaxTRNum : 302936281. 
[ OPT SUMMARY] Window=5 epochs | Variables=35 | TRDDCP=1 PSR=60 DOPPLER=4 | Time=27.3 ms
[ OPT EFFECT] cost 6.399e+07 -> 1.277e+07 | |Δpos_solve|=4.6885 m | FGO-SPP gap=3.9613 m
[1;32mCURRENT POS | [31.40242834, 121.26329240, 21.491]| VEL:[-0.69, -0.66, 0.24][0m 
Ingested new data for time frame 14650211540.04 with 32 observations.
  Systems: G=9 R=6 E=8 C=9 | L1=29 L2=16 Dual=14
[DOPPLER FACTOR] Added 4 .
[  PSR   FACTOR] Added 60 | weight(1/m): min=0.728 max=1 mean=0.895
[POST-FIT RESIDUALS] epoch#206 (weighted, at solved states)
  DOPPLER n=12   |r| mean=0.2262 max=0.8594
  PSR     n=60   |r| mean=2.124e+05 max=1.178e+06
[0m[INFO] [1788688110.960154326]: Latest ENU sigma [m]: E=1.4201 N=1.1606 U=3.5197[0m
Adjusted MaxTRNum : 907973126. 
[ OPT SUMMARY] Window=5 epochs | Variables=35 | TRDDCP=1 PSR=60 DOPPLER=4 | Time=16.7 ms
[ OPT EFFECT] cost 6.394e+07 -> 1.274e+07 | |Δpos_solve|=3.9494 m | FGO-SPP gap=2.7288 m
[1;32mCURRENT POS | [31.40242618, 121.26330820, 21.986]| VEL:[-0.86, -0.45, 0.27][0m 
Ingested new data for time frame 14650211550.04 with 31 observations.
  Systems: G=8 R=6 E=8 C=9 | L1=29 L2=15 Dual=14
[DOPPLER FACTOR] Added 4 .
[  PSR   FACTOR] Added 60 | weight(1/m): min=0.756 max=1 mean=0.897
[POST-FIT RESIDUALS] epoch#207 (weighted, at solved states)
  DOPPLER n=12   |r| mean=0.2296 max=0.8203
  PSR     n=60   |r| mean=2.134e+05 max=1.179e+06
[0m[INFO] [1788688111.965882571]: Latest ENU sigma [m]: E=1.3907 N=1.1782 U=3.4609[0m
Adjusted MaxTRNum : 60. 
[ OPT SUMMARY] Window=5 epochs | Variables=35 | TRDDCP=1 PSR=60 DOPPLER=4 | Time=16.3 ms
[ OPT EFFECT] cost 6.411e+07 -> 1.28e+07 | |Δpos_solve|=3.5815 m | FGO-SPP gap=2.0885 m
[1;32mCURRENT POS | [31.40242797, 121.26331418, 21.236]| VEL:[-1.04, -0.11, 0.56][0m 
Ingested new data for time frame 14650211560.04 with 30 observations.
  Systems: G=8 R=6 E=8 C=8 | L1=29 L2=15 Dual=14
[DOPPLER FACTOR] Added 4 .
[  PSR   FACTOR] Added 60 | weight(1/m): min=0.763 max=1 mean=0.894
[POST-FIT RESIDUALS] epoch#208 (weighted, at solved states)
  DOPPLER n=12   |r| mean=0.1911 max=0.8768
  PSR     n=60   |r| mean=2.126e+05 max=1.166e+06
[0m[INFO] [1788688112.967721455]: Latest ENU sigma [m]: E=1.4208 N=1.1776 U=3.5518[0m
Adjusted MaxTRNum : 111. 
[ OPT SUMMARY] Window=5 epochs | Variables=35 | TRDDCP=1 PSR=60 DOPPLER=4 | Time=26.8 ms
[ OPT EFFECT] cost 6.388e+07 -> 1.276e+07 | |Δpos_solve|=3.1921 m | FGO-SPP gap=2.0330 m
[1;32mCURRENT POS | [31.40243216, 121.26332842, 21.591]| VEL:[-0.71, -0.63, 0.06][0m 
Ingested new data for time frame 14650211570.04 with 30 observations.
  Systems: G=8 R=6 E=8 C=8 | L1=29 L2=15 Dual=14
[DOPPLER FACTOR] Added 4 .
[  PSR   FACTOR] Added 60 | weight(1/m): min=0.765 max=1 mean=0.902
[POST-FIT RESIDUALS] epoch#209 (weighted, at solved states)
  DOPPLER n=12   |r| mean=0.4 max=2.625
  PSR     n=60   |r| mean=2.168e+05 max=1.191e+06
[0m[INFO] [1788688113.960321777]: Latest ENU sigma [m]: E=1.3182 N=1.3192 U=3.5873[0m
Adjusted MaxTRNum : 264. 
[ OPT SUMMARY] Window=5 epochs | Variables=35 | TRDDCP=1 PSR=60 DOPPLER=4 | Time=21.0 ms
[ OPT EFFECT] cost 6.449e+07 -> 1.301e+07 | |Δpos_solve|=9.1033 m | FGO-SPP gap=9.4492 m
[1;32mCURRENT POS | [31.40243453, 121.26333916, 22.004]| VEL:[-0.75, -0.71, 0.22][0m 
Ingested new data for time frame 14650211580.04 with 31 observations.
  Systems: G=8 R=6 E=9 C=8 | L1=29 L2=15 Dual=14
[DOPPLER FACTOR] Added 4 .
[  PSR   FACTOR] Added 60 | weight(1/m): min=0.71 max=0.968 mean=0.867
[POST-FIT RESIDUALS] epoch#210 (weighted, at solved states)
  DOPPLER n=12   |r| mean=0.3318 max=1.605
  PSR     n=60   |r| mean=2.062e+05 max=1.153e+06
[0m[INFO] [1788688114.969110813]: Latest ENU sigma [m]: E=1.3026 N=1.1591 U=3.4267[0m
Adjusted MaxTRNum : 824. 
[ OPT SUMMARY] Window=5 epochs | Variables=35 | TRDDCP=1 PSR=60 DOPPLER=4 | Time=16.0 ms
[ OPT EFFECT] cost 6.199e+07 -> 1.237e+07 | |Δpos_solve|=6.4396 m | FGO-SPP gap=6.7479 m
[1;32mCURRENT POS | [31.40243528, 121.26334938, 21.283]| VEL:[-0.74, -0.69, 0.03][0m 
Ingested new data for time frame 14650211590.04 with 31 observations.
  Systems: G=8 R=6 E=9 C=8 | L1=29 L2=14 Dual=13
[DOPPLER FACTOR] Added 4 .
[  PSR   FACTOR] Added 60 | weight(1/m): min=0.776 max=0.986 mean=0.902
[POST-FIT RESIDUALS] epoch#211 (weighted, at solved states)
  DOPPLER n=12   |r| mean=0.3806 max=2.111
  PSR     n=60   |r| mean=2.147e+05 max=1.174e+06
[0m[INFO] [1788688115.989734789]: Latest ENU sigma [m]: E=1.3776 N=1.2542 U=3.6800[0m
Adjusted MaxTRNum : 1454. 
[ OPT SUMMARY] Window=5 epochs | Variables=35 | TRDDCP=1 PSR=60 DOPPLER=4 | Time=28.3 ms
[ OPT EFFECT] cost 6.448e+07 -> 1.288e+07 | |Δpos_solve|=7.5652 m | FGO-SPP gap=7.5954 m
[1;32mCURRENT POS | [31.40244021, 121.26335951, 21.868]| VEL:[-0.91, -0.82, 0.20][0m 
Ingested new data for time frame 14650211600.04 with 29 observations.
  Systems: G=8 R=5 E=8 C=8 | L1=27 L2=15 Dual=14
[DOPPLER FACTOR] Added 4 .
[  PSR   FACTOR] Added 60 | weight(1/m): min=0.736 max=0.973 mean=0.884
[POST-FIT RESIDUALS] epoch#212 (weighted, at solved states)
  DOPPLER n=12   |r| mean=0.2328 max=0.8797
  PSR     n=60   |r| mean=2.096e+05 max=1.159e+06
[0m[INFO] [1788688116.964555533]: Latest ENU sigma [m]: E=1.3627 N=1.1875 U=3.7087[0m
Adjusted MaxTRNum : 3157. 
[ OPT SUMMARY] Window=5 epochs | Variables=35 | TRDDCP=1 PSR=60 DOPPLER=4 | Time=23.0 ms
[ OPT EFFECT] cost 6.318e+07 -> 1.258e+07 | |Δpos_solve|=4.0850 m | FGO-SPP gap=3.0106 m
[1;32mCURRENT POS | [31.40244427, 121.26336641, 22.865]| VEL:[-0.69, -0.80, -0.00][0m 
Ingested new data for time frame 14650211610.04 with 30 observations.
  Systems: G=8 R=5 E=9 C=8 | L1=28 L2=15 Dual=14
[DOPPLER FACTOR] Added 4 .
[  PSR   FACTOR] Added 60 | weight(1/m): min=0.709 max=0.987 mean=0.904
[POST-FIT RESIDUALS] epoch#213 (weighted, at solved states)
  DOPPLER n=12   |r| mean=0.3423 max=1.487
  PSR     n=60   |r| mean=2.162e+05 max=1.175e+06
[0m[INFO] [1788688117.962081732]: Latest ENU sigma [m]: E=1.2850 N=1.1556 U=3.5772[0m
Adjusted MaxTRNum : 10426. 
[ OPT SUMMARY] Window=5 epochs | Variables=35 | TRDDCP=1 PSR=60 DOPPLER=4 | Time=15.1 ms
[ OPT EFFECT] cost 6.462e+07 -> 1.297e+07 | |Δpos_solve|=3.8595 m | FGO-SPP gap=3.2791 m
[1;32mCURRENT POS | [31.40244838, 121.26338098, 22.062]| VEL:[-1.03, -0.32, 0.54][0m 
Ingested new data for time frame 14650211620.04 with 30 observations.
  Systems: G=8 R=5 E=9 C=8 | L1=28 L2=14 Dual=13
[DOPPLER FACTOR] Added 4 .
[  PSR   FACTOR] Added 60 | weight(1/m): min=0.693 max=0.981 mean=0.896
[POST-FIT RESIDUALS] epoch#214 (weighted, at solved states)
  DOPPLER n=12   |r| mean=0.3859 max=1.227
  PSR     n=60   |r| mean=2.141e+05 max=1.169e+06
[0m[INFO] [1788688118.970153868]: Latest ENU sigma [m]: E=1.3291 N=1.3201 U=3.5968[0m
Adjusted MaxTRNum : 35382. 
[ OPT SUMMARY] Window=5 epochs | Variables=35 | TRDDCP=1 PSR=60 DOPPLER=4 | Time=14.7 ms
[ OPT EFFECT] cost 6.405e+07 -> 1.284e+07 | |Δpos_solve|=5.9485 m | FGO-SPP gap=5.5058 m
[1;32mCURRENT POS | [31.40245378, 121.26338858, 23.654]| VEL:[-0.90, -0.54, 0.23][0m 
Ingested new data for time frame 14650211630.04 with 30 observations.
  Systems: G=8 R=5 E=9 C=8 | L1=29 L2=15 Dual=14
[DOPPLER FACTOR] Added 4 .
[  PSR   FACTOR] Added 60 | weight(1/m): min=0.465 max=0.986 mean=0.87
[POST-FIT RESIDUALS] epoch#215 (weighted, at solved states)
  DOPPLER n=12   |r| mean=0.1983 max=0.8685
  PSR     n=60   |r| mean=2.111e+05 max=1.174e+06
[0m[INFO] [1788688119.973901327]: Latest ENU sigma [m]: E=1.3128 N=1.5446 U=3.6332[0m
Adjusted MaxTRNum : 78560. 
[ OPT SUMMARY] Window=5 epochs | Variables=35 | TRDDCP=1 PSR=60 DOPPLER=4 | Time=22.5 ms
[ OPT EFFECT] cost 6.225e+07 -> 1.267e+07 | |Δpos_solve|=3.8333 m | FGO-SPP gap=3.2246 m
[1;32mCURRENT POS | [31.40245044, 121.26340322, 22.197]| VEL:[-0.71, -0.64, 0.33][0m 
Ingested new data for time frame 14650211640.04 with 31 observations.
  Systems: G=9 R=5 E=9 C=8 | L1=29 L2=15 Dual=14
[DOPPLER FACTOR] Added 4 .
[  PSR   FACTOR] Added 60 | weight(1/m): min=0.672 max=1 mean=0.892
[POST-FIT RESIDUALS] epoch#216 (weighted, at solved states)
  DOPPLER n=12   |r| mean=0.3901 max=1.03
  PSR     n=60   |r| mean=2.134e+05 max=1.175e+06
[0m[INFO] [1788688120.968700746]: Latest ENU sigma [m]: E=1.2979 N=1.5652 U=3.5040[0m
Adjusted MaxTRNum : 145499. 
[ OPT SUMMARY] Window=5 epochs | Variables=35 | TRDDCP=1 PSR=60 DOPPLER=4 | Time=27.0 ms
[ OPT EFFECT] cost 6.382e+07 -> 1.28e+07 | |Δpos_solve|=5.9386 m | FGO-SPP gap=3.9304 m
[1;32mCURRENT POS | [31.40245469, 121.26341181, 22.548]| VEL:[-0.54, -0.93, -0.02][0m 
Ingested new data for time frame 14650211650.04 with 31 observations.
  Systems: G=9 R=5 E=9 C=8 | L1=30 L2=15 Dual=14
[DOPPLER FACTOR] Added 4 .
[  PSR   FACTOR] Added 60 | weight(1/m): min=0.698 max=0.983 mean=0.881
[POST-FIT RESIDUALS] epoch#217 (weighted, at solved states)
  DOPPLER n=12   |r| mean=0.4113 max=1.169
  PSR     n=60   |r| mean=2.084e+05 max=1.172e+06
[0m[INFO] [1788688121.967695154]: Latest ENU sigma [m]: E=1.3632 N=1.3483 U=3.6380[0m
Adjusted MaxTRNum : 486799. 
[ OPT SUMMARY] Window=5 epochs | Variables=35 | TRDDCP=1 PSR=60 DOPPLER=4 | Time=14.9 ms
[ OPT EFFECT] cost 6.302e+07 -> 1.25e+07 | |Δpos_solve|=2.3190 m | FGO-SPP gap=3.5798 m
[1;32mCURRENT POS | [31.40245682, 121.26342077, 21.949]| VEL:[-0.91, -0.66, 0.33][0m 
Ingested new data for time frame 14650211660.04 with 30 observations.
  Systems: G=9 R=5 E=8 C=8 | L1=29 L2=14 Dual=13
[DOPPLER FACTOR] Added 4 .
[  PSR   FACTOR] Added 60 | weight(1/m): min=0.7 max=0.981 mean=0.861
[POST-FIT RESIDUALS] epoch#218 (weighted, at solved states)
  DOPPLER n=12   |r| mean=0.24 max=0.6405
  PSR     n=60   |r| mean=2.036e+05 max=1.169e+06
[0m[INFO] [1788688122.960000948]: Latest ENU sigma [m]: E=1.3920 N=1.1954 U=3.6174[0m
Adjusted MaxTRNum : 1280586. 
[ OPT SUMMARY] Window=5 epochs | Variables=35 | TRDDCP=1 PSR=60 DOPPLER=4 | Time=19.0 ms
[ OPT EFFECT] cost 6.159e+07 -> 1.221e+07 | |Δpos_solve|=3.2048 m | FGO-SPP gap=3.1330 m
[1;32mCURRENT POS | [31.40245841, 121.26343224, 23.493]| VEL:[-0.74, -0.83, 0.06][0m 
Ingested new data for time frame 14650211670.04 with 30 observations.
  Systems: G=9 R=5 E=8 C=8 | L1=28 L2=15 Dual=13
[DOPPLER FACTOR] Added 4 .
[  PSR   FACTOR] Added 60 | weight(1/m): min=0.704 max=0.983 mean=0.873
[POST-FIT RESIDUALS] epoch#219 (weighted, at solved states)
  DOPPLER n=12   |r| mean=0.3794 max=0.6958
  PSR     n=60   |r| mean=2.087e+05 max=1.172e+06
[0m[INFO] [1788688123.976034624]: Latest ENU sigma [m]: E=1.4001 N=1.2507 U=3.6560[0m
Adjusted MaxTRNum : 3212188. 
[ OPT SUMMARY] Window=5 epochs | Variables=35 | TRDDCP=1 PSR=60 DOPPLER=4 | Time=19.9 ms
[ OPT EFFECT] cost 6.248e+07 -> 1.252e+07 | |Δpos_solve|=4.9650 m | FGO-SPP gap=4.4148 m
[1;32mCURRENT POS | [31.40245817, 121.26344383, 22.904]| VEL:[-0.82, -1.04, 0.05][0m 
Ingested new data for time frame 14650211680.04 with 31 observations.
  Systems: G=9 R=5 E=9 C=8 | L1=29 L2=15 Dual=13
[DOPPLER FACTOR] Added 4 .
[  PSR   FACTOR] Added 60 | weight(1/m): min=0.72 max=0.987 mean=0.891
[POST-FIT RESIDUALS] epoch#220 (weighted, at solved states)
  DOPPLER n=12   |r| mean=0.3625 max=0.8537
  PSR     n=60   |r| mean=2.114e+05 max=1.177e+06
[0m[INFO] [1788688124.975341385]: Latest ENU sigma [m]: E=1.3473 N=1.3261 U=3.6179[0m
Adjusted MaxTRNum : 6378810. 
[ OPT SUMMARY] Window=5 epochs | Variables=35 | TRDDCP=1 PSR=60 DOPPLER=4 | Time=25.2 ms
[ OPT EFFECT] cost 6.372e+07 -> 1.268e+07 | |Δpos_solve|=6.8043 m | FGO-SPP gap=5.9953 m
[1;32mCURRENT POS | [31.40245636, 121.26346204, 22.308]| VEL:[-0.68, -0.98, -0.06][0m 
Ingested new data for time frame 14650211690.04 with 29 observations.
  Systems: G=8 R=5 E=8 C=8 | L1=28 L2=15 Dual=14
[DOPPLER FACTOR] Added 4 .
[  PSR   FACTOR] Added 60 | weight(1/m): min=0.65 max=0.944 mean=0.83
[POST-FIT RESIDUALS] epoch#221 (weighted, at solved states)
  DOPPLER n=12   |r| mean=0.2651 max=1.077
  PSR     n=60   |r| mean=1.979e+05 max=1.125e+06
[0m[INFO] [1788688125.955465931]: Latest ENU sigma [m]: E=1.2485 N=1.4296 U=3.1679[0m
Adjusted MaxTRNum : 22903433. 
[ OPT SUMMARY] Window=5 epochs | Variables=35 | TRDDCP=1 PSR=60 DOPPLER=4 | Time=13.9 ms
[ OPT EFFECT] cost 5.937e+07 -> 1.187e+07 | |Δpos_solve|=4.9902 m | FGO-SPP gap=4.5258 m
[1;32mCURRENT POS | [31.40244983, 121.26347745, 20.576]| VEL:[-0.99, -0.74, 0.03][0m 
Ingested new data for time frame 14650211700.04 with 29 observations.
  Systems: G=8 R=5 E=8 C=8 | L1=27 L2=15 Dual=14
[DOPPLER FACTOR] Added 4 .
[  PSR   FACTOR] Added 60 | weight(1/m): min=0.717 max=1 mean=0.891
[POST-FIT RESIDUALS] epoch#222 (weighted, at solved states)
  DOPPLER n=12   |r| mean=0.6079 max=3.887
  PSR     n=60   |r| mean=2.129e+05 max=1.192e+06
[0m[INFO] [1788688126.963447003]: Latest ENU sigma [m]: E=1.3441 N=1.3229 U=3.7631[0m
Adjusted MaxTRNum : 46637772. 
[ OPT SUMMARY] Window=5 epochs | Variables=35 | TRDDCP=1 PSR=60 DOPPLER=4 | Time=24.6 ms
[ OPT EFFECT] cost 6.378e+07 -> 1.278e+07 | |Δpos_solve|=11.6044 m | FGO-SPP gap=9.8538 m
[1;32mCURRENT POS | [31.40245322, 121.26348861, 21.455]| VEL:[-0.67, -0.55, 0.44][0m 
Ingested new data for time frame 14650211710.04 with 29 observations.
  Systems: G=8 R=5 E=8 C=8 | L1=27 L2=15 Dual=14
[DOPPLER FACTOR] Added 4 .
[  PSR   FACTOR] Added 60 | weight(1/m): min=0.734 max=1 mean=0.886
[POST-FIT RESIDUALS] epoch#223 (weighted, at solved states)
  DOPPLER n=12   |r| mean=0.4458 max=2.798
  PSR     n=60   |r| mean=2.12e+05 max=1.193e+06
[0m[INFO] [1788688127.971633178]: Latest ENU sigma [m]: E=1.3465 N=1.3260 U=3.7403[0m
Adjusted MaxTRNum : 88125110. 
[ OPT SUMMARY] Window=5 epochs | Variables=35 | TRDDCP=1 PSR=60 DOPPLER=4 | Time=26.5 ms
[ OPT EFFECT] cost 6.338e+07 -> 1.272e+07 | |Δpos_solve|=8.2292 m | FGO-SPP gap=6.9347 m
[1;32mCURRENT POS | [31.40245578, 121.26350192, 19.959]| VEL:[-0.62, -0.84, 0.29][0m 
Ingested new data for time frame 14650211720.04 with 28 observations.
  Systems: G=8 R=5 E=8 C=7 | L1=27 L2=14 Dual=14
[DOPPLER FACTOR] Added 4 .
[  PSR   FACTOR] Added 60 | weight(1/m): min=0.771 max=1 mean=0.887
[POST-FIT RESIDUALS] epoch#224 (weighted, at solved states)
  DOPPLER n=12   |r| mean=0.3531 max=2.004
  PSR     n=60   |r| mean=2.127e+05 max=1.193e+06
[0m[INFO] [1788688128.960920024]: Latest ENU sigma [m]: E=1.3442 N=1.3279 U=3.7329[0m
Adjusted MaxTRNum : 267799635. 
[ OPT SUMMARY] Window=5 epochs | Variables=35 | TRDDCP=1 PSR=60 DOPPLER=4 | Time=16.5 ms
[ OPT EFFECT] cost 6.352e+07 -> 1.276e+07 | |Δpos_solve|=7.1243 m | FGO-SPP gap=6.3324 m
[1;32mCURRENT POS | [31.40246085, 121.26350841, 21.079]| VEL:[-0.97, -0.57, 0.31][0m 
Ingested new data for time frame 14650211730.04 with 29 observations.
  Systems: G=8 R=5 E=8 C=8 | L1=28 L2=15 Dual=14
[DOPPLER FACTOR] Added 4 .
[  PSR   FACTOR] Added 60 | weight(1/m): min=0.832 max=0.991 mean=0.923
[POST-FIT RESIDUALS] epoch#225 (weighted, at solved states)
  DOPPLER n=12   |r| mean=0.362 max=1.777
  PSR     n=60   |r| mean=2.201e+05 max=1.182e+06
[0m[INFO] [1788688129.969905404]: Latest ENU sigma [m]: E=1.3144 N=1.3028 U=3.6819[0m
Adjusted MaxTRNum : 506885254. 
[ OPT SUMMARY] Window=5 epochs | Variables=35 | TRDDCP=1 PSR=60 DOPPLER=4 | Time=26.4 ms
[ OPT EFFECT] cost 6.606e+07 -> 1.321e+07 | |Δpos_solve|=6.7166 m | FGO-SPP gap=6.5243 m
[1;32mCURRENT POS | [31.40246130, 121.26351590, 21.237]| VEL:[-1.12, -0.53, 0.14][0m 
Ingested new data for time frame 14650211740.04 with 28 observations.
  Systems: G=8 R=5 E=8 C=7 | L1=27 L2=14 Dual=14
[DOPPLER FACTOR] Added 4 .
[  PSR   FACTOR] Added 60 | weight(1/m): min=0.707 max=0.924 mean=0.862
[POST-FIT RESIDUALS] epoch#226 (weighted, at solved states)
  DOPPLER n=12   |r| mean=0.3346 max=1.51
  PSR     n=60   |r| mean=2.057e+05 max=1.103e+06
[0m[INFO] [1788688130.976148205]: Latest ENU sigma [m]: E=1.3888 N=1.4008 U=3.8736[0m
Adjusted MaxTRNum : 1059417591. 
[ OPT SUMMARY] Window=5 epochs | Variables=35 | TRDDCP=1 PSR=60 DOPPLER=4 | Time=23.9 ms
[ OPT EFFECT] cost 6.173e+07 -> 1.234e+07 | |Δpos_solve|=6.8339 m | FGO-SPP gap=7.0284 m
[1;32mCURRENT POS | [31.40245916, 121.26353021, 21.367]| VEL:[-0.90, -0.39, 0.40][0m 
Ingested new data for time frame 14650211750.04 with 28 observations.
  Systems: G=8 R=5 E=8 C=7 | L1=27 L2=14 Dual=14
[DOPPLER FACTOR] Added 4 .
[  PSR   FACTOR] Added 60 | weight(1/m): min=0.806 max=0.989 mean=0.912
[POST-FIT RESIDUALS] epoch#227 (weighted, at solved states)
  DOPPLER n=12   |r| mean=0.3495 max=1.505
  PSR     n=60   |r| mean=2.175e+05 max=1.18e+06
[0m[INFO] [1788688131.965250908]: Latest ENU sigma [m]: E=1.3268 N=1.3108 U=3.7064[0m
Adjusted MaxTRNum : 60. 
[ OPT SUMMARY] Window=5 epochs | Variables=35 | TRDDCP=1 PSR=60 DOPPLER=4 | Time=16.0 ms
[ OPT EFFECT] cost 6.527e+07 -> 1.305e+07 | |Δpos_solve|=6.8966 m | FGO-SPP gap=7.0732 m
[1;32mCURRENT POS | [31.40246581, 121.26353852, 21.160]| VEL:[-0.91, -0.97, -0.15][0m 
Ingested new data for time frame 14650211760.04 with 28 observations.
  Systems: G=8 R=5 E=8 C=7 | L1=27 L2=14 Dual=14
[DOPPLER FACTOR] Added 4 .
[  PSR   FACTOR] Added 60 | weight(1/m): min=0.801 max=0.986 mean=0.917
[POST-FIT RESIDUALS] epoch#228 (weighted, at solved states)
  DOPPLER n=12   |r| mean=0.3436 max=1.567
  PSR     n=60   |r| mean=2.188e+05 max=1.177e+06
[0m[INFO] [1788688132.962070888]: Latest ENU sigma [m]: E=1.4029 N=1.3083 U=3.7802[0m
Adjusted MaxTRNum : 195. 
[ OPT SUMMARY] Window=5 epochs | Variables=35 | TRDDCP=1 PSR=60 DOPPLER=4 | Time=15.3 ms
[ OPT EFFECT] cost 6.565e+07 -> 1.313e+07 | |Δpos_solve|=7.0356 m | FGO-SPP gap=7.0560 m
[1;32mCURRENT POS | [31.40246350, 121.26355263, 20.960]| VEL:[-0.95, -0.46, 0.38][0m 
Ingested new data for time frame 14650211770.04 with 28 observations.
  Systems: G=8 R=5 E=8 C=7 | L1=27 L2=14 Dual=14
[DOPPLER FACTOR] Added 4 .
[  PSR   FACTOR] Added 60 | weight(1/m): min=0.799 max=0.982 mean=0.915
[POST-FIT RESIDUALS] epoch#229 (weighted, at solved states)
  DOPPLER n=12   |r| mean=0.3001 max=1.401
  PSR     n=60   |r| mean=2.184e+05 max=1.172e+06
[0m[INFO] [1788688133.972425296]: Latest ENU sigma [m]: E=1.3262 N=1.3264 U=3.7472[0m
Adjusted MaxTRNum : 508. 
[ OPT SUMMARY] Window=5 epochs | Variables=35 | TRDDCP=1 PSR=60 DOPPLER=4 | Time=19.2 ms
[ OPT EFFECT] cost 6.551e+07 -> 1.31e+07 | |Δpos_solve|=6.1530 m | FGO-SPP gap=6.6547 m
[1;32mCURRENT POS | [31.40246795, 121.26356379, 20.904]| VEL:[-1.02, -0.43, 0.32][0m 
Ingested new data for time frame 14650211780.04 with 28 observations.
  Systems: G=8 R=5 E=8 C=7 | L1=27 L2=15 Dual=15
[DOPPLER FACTOR] Added 4 .
[  PSR   FACTOR] Added 60 | weight(1/m): min=0.784 max=0.989 mean=0.898
[POST-FIT RESIDUALS] epoch#230 (weighted, at solved states)
  DOPPLER n=12   |r| mean=0.341 max=1.33
  PSR     n=60   |r| mean=2.143e+05 max=1.18e+06
[0m[INFO] [1788688134.957932896]: Latest ENU sigma [m]: E=1.3449 N=1.3895 U=3.7115[0m
Adjusted MaxTRNum : 1412. 
[ OPT SUMMARY] Window=5 epochs | Variables=35 | TRDDCP=1 PSR=60 DOPPLER=4 | Time=18.0 ms
[ OPT EFFECT] cost 6.43e+07 -> 1.286e+07 | |Δpos_solve|=7.1418 m | FGO-SPP gap=7.5749 m
[1;32mCURRENT POS | [31.40247077, 121.26357534, 20.934]| VEL:[-0.79, -0.96, 0.04][0m 
Ingested new data for time frame 14650211790.04 with 28 observations.
  Systems: G=8 R=5 E=8 C=7 | L1=27 L2=14 Dual=14
[DOPPLER FACTOR] Added 4 .
[  PSR   FACTOR] Added 60 | weight(1/m): min=0.804 max=0.988 mean=0.916
[POST-FIT RESIDUALS] epoch#231 (weighted, at solved states)
  DOPPLER n=12   |r| mean=0.3755 max=1.318
  PSR     n=60   |r| mean=2.188e+05 max=1.179e+06
[0m[INFO] [1788688135.969078167]: Latest ENU sigma [m]: E=1.3376 N=1.3535 U=3.8016[0m
Adjusted MaxTRNum : 3006. 
[ OPT SUMMARY] Window=5 epochs | Variables=35 | TRDDCP=1 PSR=60 DOPPLER=4 | Time=23.5 ms
[ OPT EFFECT] cost 6.565e+07 -> 1.313e+07 | |Δpos_solve|=6.4932 m | FGO-SPP gap=6.7132 m
[1;32mCURRENT POS | [31.40247675, 121.26358359, 22.234]| VEL:[-0.60, -0.56, 0.36][0m 
Ingested new data for time frame 14650211800.04 with 28 observations.
  Systems: G=8 R=5 E=8 C=7 | L1=27 L2=14 Dual=14
[DOPPLER FACTOR] Added 4 .
[  PSR   FACTOR] Added 60 | weight(1/m): min=0.794 max=0.986 mean=0.912
[POST-FIT RESIDUALS] epoch#232 (weighted, at solved states)
  DOPPLER n=12   |r| mean=0.4625 max=1.333
  PSR     n=60   |r| mean=2.179e+05 max=1.177e+06
[0m[INFO] [1788688136.967002706]: Latest ENU sigma [m]: E=1.4085 N=1.3155 U=3.7719[0m
Adjusted MaxTRNum : 6236. 
[ OPT SUMMARY] Window=5 epochs | Variables=35 | TRDDCP=1 PSR=60 DOPPLER=4 | Time=24.1 ms
[ OPT EFFECT] cost 6.534e+07 -> 1.307e+07 | |Δpos_solve|=4.7646 m | FGO-SPP gap=4.7885 m
[1;32mCURRENT POS | [31.40248861, 121.26358968, 23.408]| VEL:[-0.85, -0.70, 0.39][0m 
Ingested new data for time frame 14650211810.04 with 28 observations.
  Systems: G=8 R=5 E=8 C=7 | L1=27 L2=14 Dual=14
[DOPPLER FACTOR] Added 4 .
[  PSR   FACTOR] Added 60 | weight(1/m): min=0.837 max=0.992 mean=0.928
[POST-FIT RESIDUALS] epoch#233 (weighted, at solved states)
  DOPPLER n=12   |r| mean=0.6021 max=2.121
  PSR     n=60   |r| mean=2.216e+05 max=1.184e+06
[0m[INFO] [1788688137.964023510]: Latest ENU sigma [m]: E=1.3115 N=1.5588 U=3.6597[0m
Adjusted MaxTRNum : 19965. 
[ OPT SUMMARY] Window=5 epochs | Variables=35 | TRDDCP=1 PSR=60 DOPPLER=4 | Time=15.6 ms
[ OPT EFFECT] cost 6.649e+07 -> 1.33e+07 | |Δpos_solve|=4.2322 m | FGO-SPP gap=4.7736 m
[1;32mCURRENT POS | [31.40248567, 121.26359844, 23.058]| VEL:[-1.02, -0.79, -0.08][0m 
Ingested new data for time frame 14650211820.04 with 28 observations.
  Systems: G=8 R=5 E=8 C=7 | L1=27 L2=14 Dual=14
[DOPPLER FACTOR] Added 4 .
[  PSR   FACTOR] Added 60 | weight(1/m): min=0.718 max=0.977 mean=0.866
[POST-FIT RESIDUALS] epoch#234 (weighted, at solved states)
  DOPPLER n=12   |r| mean=0.3133 max=1.042
  PSR     n=60   |r| mean=2.053e+05 max=1.166e+06
[0m[INFO] [1788688138.976589589]: Latest ENU sigma [m]: E=1.4224 N=1.2624 U=3.8329[0m
Adjusted MaxTRNum : 45081. 
[ OPT SUMMARY] Window=5 epochs | Variables=35 | TRDDCP=1 PSR=60 DOPPLER=4 | Time=22.1 ms
[ OPT EFFECT] cost 6.204e+07 -> 1.232e+07 | |Δpos_solve|=3.1944 m | FGO-SPP gap=2.8715 m
[1;32mCURRENT POS | [31.40248703, 121.26361329, 22.871]| VEL:[-0.64, -0.88, 0.05][0m 
Ingested new data for time frame 14650211830.04 with 28 observations.
  Systems: G=8 R=5 E=8 C=7 | L1=27 L2=14 Dual=14
[DOPPLER FACTOR] Added 4 .
[  PSR   FACTOR] Added 60 | weight(1/m): min=0.71 max=0.989 mean=0.91
[POST-FIT RESIDUALS] epoch#235 (weighted, at solved states)
  DOPPLER n=12   |r| mean=0.3646 max=1.248
  PSR     n=60   |r| mean=2.164e+05 max=1.181e+06
[0m[INFO] [1788688139.964527300]: Latest ENU sigma [m]: E=1.5197 N=1.2172 U=3.6433[0m
Adjusted MaxTRNum : 92422. 
[ OPT SUMMARY] Window=5 epochs | Variables=35 | TRDDCP=1 PSR=60 DOPPLER=4 | Time=24.4 ms
[ OPT EFFECT] cost 6.521e+07 -> 1.298e+07 | |Δpos_solve|=4.6679 m | FGO-SPP gap=4.2059 m
[1;32mCURRENT POS | [31.40249138, 121.26362000, 24.451]| VEL:[-1.07, -0.58, 0.14][0m 
Ingested new data for time frame 14650211840.04 with 28 observations.
  Systems: G=8 R=5 E=8 C=7 | L1=27 L2=14 Dual=14
[DOPPLER FACTOR] Added 4 .
[  PSR   FACTOR] Added 60 | weight(1/m): min=0.8 max=0.975 mean=0.914
[POST-FIT RESIDUALS] epoch#236 (weighted, at solved states)
  DOPPLER n=12   |r| mean=0.4291 max=2.39
  PSR     n=60   |r| mean=2.183e+05 max=1.164e+06
[0m[INFO] [1788688140.967309634]: Latest ENU sigma [m]: E=1.2964 N=1.4262 U=2.9569[0m
Adjusted MaxTRNum : 174877. 
[ OPT SUMMARY] Window=5 epochs | Variables=35 | TRDDCP=1 PSR=60 DOPPLER=4 | Time=26.4 ms
[ OPT EFFECT] cost 6.551e+07 -> 1.31e+07 | |Δpos_solve|=6.3579 m | FGO-SPP gap=6.8597 m
[1;32mCURRENT POS | [31.40249314, 121.26363428, 24.812]| VEL:[-0.91, -0.81, -0.14][0m 
Ingested new data for time frame 14650211850.04 with 28 observations.
  Systems: G=8 R=5 E=8 C=7 | L1=27 L2=14 Dual=14
[DOPPLER FACTOR] Added 4 .
[  PSR   FACTOR] Added 60 | weight(1/m): min=0.672 max=0.982 mean=0.864
[POST-FIT RESIDUALS] epoch#237 (weighted, at solved states)
  DOPPLER n=12   |r| mean=0.2205 max=0.8701
  PSR     n=60   |r| mean=2.063e+05 max=1.173e+06
[0m[INFO] [1788688141.964260596]: Latest ENU sigma [m]: E=1.4245 N=1.2099 U=3.7783[0m
Adjusted MaxTRNum : 724627. 
[ OPT SUMMARY] Window=5 epochs | Variables=35 | TRDDCP=1 PSR=60 DOPPLER=4 | Time=12.1 ms
[ OPT EFFECT] cost 6.19e+07 -> 1.238e+07 | |Δpos_solve|=2.9846 m | FGO-SPP gap=2.4181 m
[1;32mCURRENT POS | [31.40249583, 121.26364568, 23.316]| VEL:[-0.63, -0.80, 0.11][0m 
Ingested new data for time frame 14650211860.04 with 28 observations.
  Systems: G=8 R=5 E=8 C=7 | L1=27 L2=14 Dual=14
[DOPPLER FACTOR] Added 4 .
[  PSR   FACTOR] Added 60 | weight(1/m): min=0.703 max=0.989 mean=0.908
[POST-FIT RESIDUALS] epoch#238 (weighted, at solved states)
  DOPPLER n=12   |r| mean=0.2244 max=1.055
  PSR     n=60   |r| mean=2.17e+05 max=1.182e+06
[0m[INFO] [1788688142.974004632]: Latest ENU sigma [m]: E=1.4866 N=1.2038 U=3.5191[0m
Adjusted MaxTRNum : 1417260. 
[ OPT SUMMARY] Window=5 epochs | Variables=35 | TRDDCP=1 PSR=60 DOPPLER=4 | Time=25.6 ms
[ OPT EFFECT] cost 6.51e+07 -> 1.302e+07 | |Δpos_solve|=4.4439 m | FGO-SPP gap=3.3437 m
[1;32mCURRENT POS | [31.40249942, 121.26365717, 24.706]| VEL:[-0.71, -0.52, 0.39][0m 
Ingested new data for time frame 14650211870.04 with 27 observations.
  Systems: G=8 R=5 E=8 C=6 | L1=26 L2=14 Dual=14
[DOPPLER FACTOR] Added 4 .
[  PSR   FACTOR] Added 60 | weight(1/m): min=0.697 max=0.971 mean=0.892
[POST-FIT RESIDUALS] epoch#239 (weighted, at solved states)
  DOPPLER n=12   |r| mean=0.2531 max=1.04
  PSR     n=60   |r| mean=2.122e+05 max=1.16e+06
[0m[INFO] [1788688143.965423000]: Latest ENU sigma [m]: E=1.5165 N=1.3989 U=3.5881[0m
Adjusted MaxTRNum : 3291572. 
[ OPT SUMMARY] Window=5 epochs | Variables=35 | TRDDCP=1 PSR=60 DOPPLER=4 | Time=21.5 ms
[ OPT EFFECT] cost 6.396e+07 -> 1.273e+07 | |Δpos_solve|=4.2327 m | FGO-SPP gap=2.1375 m
[1;32mCURRENT POS | [31.40249910, 121.26366397, 22.927]| VEL:[-0.88, -0.20, 0.32][0m 
Ingested new data for time frame 14650211880.04 with 26 observations.
  Systems: G=8 R=5 E=7 C=6 | L1=25 L2=14 Dual=14
[DOPPLER FACTOR] Added 4 .
[  PSR   FACTOR] Added 60 | weight(1/m): min=0.756 max=1 mean=0.917
[POST-FIT RESIDUALS] epoch#240 (weighted, at solved states)
  DOPPLER n=12   |r| mean=0.5082 max=1.619
  PSR     n=60   |r| mean=2.196e+05 max=1.195e+06
[0m[INFO] [1788688144.966123494]: Latest ENU sigma [m]: E=1.2944 N=1.5146 U=4.2305[0m
Adjusted MaxTRNum : 6806979. 
[ OPT SUMMARY] Window=5 epochs | Variables=35 | TRDDCP=1 PSR=60 DOPPLER=4 | Time=24.2 ms
[ OPT EFFECT] cost 6.579e+07 -> 1.318e+07 | |Δpos_solve|=7.4236 m | FGO-SPP gap=7.4962 m
[1;32mCURRENT POS | [31.40249930, 121.26367612, 23.951]| VEL:[-1.01, -0.55, 0.11][0m 
Ingested new data for time frame 14650211890.04 with 25 observations.
  Systems: G=8 R=5 E=6 C=6 | L1=25 L2=14 Dual=14
[DOPPLER FACTOR] Added 4 .
[  PSR   FACTOR] Added 60 | weight(1/m): min=0.744 max=0.987 mean=0.89
[POST-FIT RESIDUALS] epoch#241 (weighted, at solved states)
  DOPPLER n=12   |r| mean=0.3358 max=1.959
  PSR     n=60   |r| mean=2.122e+05 max=1.179e+06
[0m[INFO] [1788688145.963315760]: Latest ENU sigma [m]: E=1.3932 N=1.2275 U=3.6421[0m
Adjusted MaxTRNum : 18695562. 
[ OPT SUMMARY] Window=5 epochs | Variables=35 | TRDDCP=1 PSR=60 DOPPLER=4 | Time=18.2 ms
[ OPT EFFECT] cost 6.384e+07 -> 1.273e+07 | |Δpos_solve|=6.8145 m | FGO-SPP gap=6.5725 m
[1;32mCURRENT POS | [31.40249718, 121.26368994, 23.437]| VEL:[-0.50, -0.90, -0.13][0m 
Ingested new data for time frame 14650211900.04 with 26 observations.
  Systems: G=8 R=5 E=6 C=7 | L1=26 L2=14 Dual=14
[DOPPLER FACTOR] Added 4 .
[  PSR   FACTOR] Added 60 | weight(1/m): min=0.684 max=1 mean=0.87
[POST-FIT RESIDUALS] epoch#242 (weighted, at solved states)
  DOPPLER n=12   |r| mean=0.4424 max=1.194
  PSR     n=60   |r| mean=2.097e+05 max=1.195e+06
[0m[INFO] [1788688146.962560022]: Latest ENU sigma [m]: E=1.3387 N=1.6128 U=4.1765[0m
Adjusted MaxTRNum : 41541079. 
[ OPT SUMMARY] Window=5 epochs | Variables=35 | TRDDCP=1 PSR=60 DOPPLER=4 | Time=22.5 ms
[ OPT EFFECT] cost 6.239e+07 -> 1.258e+07 | |Δpos_solve|=6.4959 m | FGO-SPP gap=6.7960 m
[1;32mCURRENT POS | [31.40249910, 121.26370307, 23.620]| VEL:[-0.69, -0.75, -0.12][0m 
Ingested new data for time frame 14650211910.04 with 25 observations.
  Systems: G=8 R=5 E=6 C=6 | L1=25 L2=14 Dual=14
[DOPPLER FACTOR] Added 4 .
[  PSR   FACTOR] Added 60 | weight(1/m): min=0.381 max=0.893 mean=0.681
[POST-FIT RESIDUALS] epoch#243 (weighted, at solved states)
  DOPPLER n=12   |r| mean=0.4176 max=2.572
  PSR     n=60   |r| mean=1.617e+05 max=1.067e+06
[0m[INFO] [1788688147.967357826]: Latest ENU sigma [m]: E=1.4955 N=2.2649 U=4.1480[0m
Adjusted MaxTRNum : 87891715. 
[ OPT SUMMARY] Window=5 epochs | Variables=35 | TRDDCP=1 PSR=60 DOPPLER=4 | Time=23.6 ms
[ OPT EFFECT] cost 4.885e+07 -> 9.702e+06 | |Δpos_solve|=11.5877 m | FGO-SPP gap=10.3343 m
[1;32mCURRENT POS | [31.40249914, 121.26371537, 23.059]| VEL:[-0.93, -0.37, 0.29][0m 
Ingested new data for time frame 14650211920.04 with 25 observations.
  Systems: G=8 R=5 E=6 C=6 | L1=25 L2=14 Dual=14
[DOPPLER FACTOR] Added 4 .
[  PSR   FACTOR] Added 60 | weight(1/m): min=0.62 max=1 mean=0.817
[POST-FIT RESIDUALS] epoch#244 (weighted, at solved states)
  DOPPLER n=12   |r| mean=0.4315 max=2.009
  PSR     n=60   |r| mean=1.948e+05 max=1.1e+06
[0m[INFO] [1788688148.970673349]: Latest ENU sigma [m]: E=1.4078 N=1.4299 U=4.0521[0m
Adjusted MaxTRNum : 167185876. 
[ OPT SUMMARY] Window=5 epochs | Variables=35 | TRDDCP=1 PSR=60 DOPPLER=4 | Time=26.3 ms
[ OPT EFFECT] cost 5.861e+07 -> 1.169e+07 | |Δpos_solve|=8.6652 m | FGO-SPP gap=8.0311 m
[1;32mCURRENT POS | [31.40250144, 121.26372527, 23.271]| VEL:[-0.75, -0.72, 0.31][0m 
Ingested new data for time frame 14650211930.04 with 25 observations.
  Systems: G=8 R=5 E=6 C=6 | L1=25 L2=14 Dual=14
[DOPPLER FACTOR] Added 4 .
[  PSR   FACTOR] Added 60 | weight(1/m): min=0.433 max=1 mean=0.85
[POST-FIT RESIDUALS] epoch#245 (weighted, at solved states)
  DOPPLER n=12   |r| mean=0.3753 max=1.254
  PSR     n=60   |r| mean=2.048e+05 max=1.174e+06
[0m[INFO] [1788688149.964010736]: Latest ENU sigma [m]: E=1.3940 N=1.5110 U=5.0115[0m
Adjusted MaxTRNum : 577594874. 
[ OPT SUMMARY] Window=5 epochs | Variables=35 | TRDDCP=1 PSR=60 DOPPLER=4 | Time=14.5 ms
[ OPT EFFECT] cost 6.101e+07 -> 1.229e+07 | |Δpos_solve|=4.8029 m | FGO-SPP gap=3.0602 m
[1;32mCURRENT POS | [31.40250610, 121.26372733, 21.973]| VEL:[-0.92, -0.59, 0.05][0m 
Ingested new data for time frame 14650211940.04 with 25 observations.
  Systems: G=8 R=5 E=6 C=6 | L1=24 L2=14 Dual=13
[DOPPLER FACTOR] Added 4 .
[  PSR   FACTOR] Added 60 | weight(1/m): min=0.423 max=1 mean=0.863
[POST-FIT RESIDUALS] epoch#246 (weighted, at solved states)
  DOPPLER n=12   |r| mean=0.1381 max=0.4393
  PSR     n=60   |r| mean=2.192e+05 max=1.196e+06
[0m[INFO] [1788688150.960756714]: Latest ENU sigma [m]: E=1.6391 N=1.4720 U=4.5864[0m
Adjusted MaxTRNum : 60. 
[ OPT SUMMARY] Window=5 epochs | Variables=35 | TRDDCP=1 PSR=60 DOPPLER=4 | Time=11.8 ms
[ OPT EFFECT] cost 6.195e+07 -> 1.315e+07 | |Δpos_solve|=1.7289 m | FGO-SPP gap=4.2667 m
[1;32mCURRENT POS | [31.40250648, 121.26373851, 22.267]| VEL:[-1.19, -0.10, 0.32][0m 
Ingested new data for time frame 14650211950.04 with 25 observations.
  Systems: G=8 R=5 E=6 C=6 | L1=25 L2=14 Dual=14
[DOPPLER FACTOR] Added 4 .
[  PSR   FACTOR] Added 60 | weight(1/m): min=0.643 max=0.985 mean=0.896
[POST-FIT RESIDUALS] epoch#247 (weighted, at solved states)
  DOPPLER n=12   |r| mean=0.2067 max=0.6864
  PSR     n=60   |r| mean=2.157e+05 max=1.178e+06
[0m[INFO] [1788688151.957222601]: Latest ENU sigma [m]: E=1.2852 N=1.4522 U=3.8120[0m
Adjusted MaxTRNum : 230. 
[ OPT SUMMARY] Window=5 epochs | Variables=35 | TRDDCP=1 PSR=60 DOPPLER=4 | Time=13.0 ms
[ OPT EFFECT] cost 6.429e+07 -> 1.294e+07 | |Δpos_solve|=3.2972 m | FGO-SPP gap=2.1537 m
[1;32mCURRENT POS | [31.40252775, 121.26374419, 26.259]| VEL:[-1.18, -0.59, 0.44][0m 
Ingested new data for time frame 14650211960.04 with 26 observations.
  Systems: G=8 R=5 E=6 C=7 | L1=26 L2=14 Dual=14
[DOPPLER FACTOR] Added 4 .
[  PSR   FACTOR] Added 60 | weight(1/m): min=0.484 max=1 mean=0.875
[POST-FIT RESIDUALS] epoch#248 (weighted, at solved states)
  DOPPLER n=12   |r| mean=0.3467 max=1.018
  PSR     n=60   |r| mean=2.092e+05 max=1.167e+06
[0m[INFO] [1788688152.966892624]: Latest ENU sigma [m]: E=1.3213 N=1.6452 U=3.7397[0m
Adjusted MaxTRNum : 828. 
[ OPT SUMMARY] Window=5 epochs | Variables=35 | TRDDCP=1 PSR=60 DOPPLER=4 | Time=13.9 ms
[ OPT EFFECT] cost 6.281e+07 -> 1.255e+07 | |Δpos_solve|=4.2513 m | FGO-SPP gap=1.9981 m
[1;32mCURRENT POS | [31.40252774, 121.26375916, 24.395]| VEL:[-0.82, -0.77, 0.27][0m 
Ingested new data for time frame 14650211970.04 with 26 observations.
  Systems: G=8 R=5 E=6 C=7 | L1=26 L2=14 Dual=14
[DOPPLER FACTOR] Added 4 .
[  PSR   FACTOR] Added 60 | weight(1/m): min=0.71 max=0.974 mean=0.848
[POST-FIT RESIDUALS] epoch#249 (weighted, at solved states)
  DOPPLER n=12   |r| mean=0.3844 max=1.979
  PSR     n=60   |r| mean=2.03e+05 max=1.165e+06
[0m[INFO] [1788688153.962144444]: Latest ENU sigma [m]: E=1.2787 N=1.4169 U=3.3985[0m
Adjusted MaxTRNum : 2937. 
[ OPT SUMMARY] Window=5 epochs | Variables=35 | TRDDCP=1 PSR=60 DOPPLER=4 | Time=14.1 ms
[ OPT EFFECT] cost 6.086e+07 -> 1.218e+07 | |Δpos_solve|=5.7055 m | FGO-SPP gap=3.1045 m
[1;32mCURRENT POS | [31.40253242, 121.26376924, 23.176]| VEL:[-1.00, -0.22, 0.53][0m 
Ingested new data for time frame 14650211980.04 with 27 observations.
  Systems: G=9 R=5 E=6 C=7 | L1=27 L2=14 Dual=14
[DOPPLER FACTOR] Added 4 .
[  PSR   FACTOR] Added 60 | weight(1/m): min=0.578 max=1 mean=0.847
[POST-FIT RESIDUALS] epoch#250 (weighted, at solved states)
  DOPPLER n=12   |r| mean=0.3993 max=2.254
  PSR     n=60   |r| mean=2.026e+05 max=1.164e+06
[0m[INFO] [1788688154.964967233]: Latest ENU sigma [m]: E=0.8530 N=1.0521 U=2.9689[0m
Adjusted MaxTRNum : 8680. 
[ OPT SUMMARY] Window=5 epochs | Variables=35 | TRDDCP=1 PSR=60 DOPPLER=4 | Time=16.9 ms
[ OPT EFFECT] cost 6.077e+07 -> 1.216e+07 | |Δpos_solve|=5.8252 m | FGO-SPP gap=3.3094 m
[1;32mCURRENT POS | [31.40253448, 121.26378490, 25.363]| VEL:[-0.85, -0.42, 0.16][0m 
Ingested new data for time frame 14650211990.04 with 27 observations.
  Systems: G=9 R=5 E=6 C=7 | L1=27 L2=15 Dual=15
[DOPPLER FACTOR] Added 4 .
[  PSR   FACTOR] Added 60 | weight(1/m): min=0.658 max=0.991 mean=0.873
[POST-FIT RESIDUALS] epoch#251 (weighted, at solved states)
  DOPPLER n=12   |r| mean=0.4799 max=1.45
  PSR     n=60   |r| mean=2.107e+05 max=1.185e+06
[0m[INFO] [1788688155.964818241]: Latest ENU sigma [m]: E=1.2338 N=1.4389 U=3.3518[0m
Adjusted MaxTRNum : 32910. 
[ OPT SUMMARY] Window=5 epochs | Variables=35 | TRDDCP=1 PSR=60 DOPPLER=4 | Time=13.2 ms
[ OPT EFFECT] cost 6.269e+07 -> 1.264e+07 | |Δpos_solve|=7.2989 m | FGO-SPP gap=3.7908 m
[1;32mCURRENT POS | [31.40252980, 121.26379515, 23.636]| VEL:[-0.86, -0.65, 0.10][0m 
Ingested new data for time frame 14650212000.04 with 28 observations.
  Systems: G=9 R=6 E=6 C=7 | L1=28 L2=15 Dual=15
[DOPPLER FACTOR] Added 4 .
[  PSR   FACTOR] Added 60 | weight(1/m): min=0.67 max=0.988 mean=0.89
[POST-FIT RESIDUALS] epoch#252 (weighted, at solved states)
  DOPPLER n=12   |r| mean=0.3603 max=1.211
  PSR     n=60   |r| mean=2.14e+05 max=1.182e+06
[0m[INFO] [1788688156.966357927]: Latest ENU sigma [m]: E=1.0539 N=1.4781 U=3.0500[0m
Adjusted MaxTRNum : 72288. 
[ OPT SUMMARY] Window=5 epochs | Variables=35 | TRDDCP=1 PSR=60 DOPPLER=4 | Time=22.8 ms
[ OPT EFFECT] cost 6.393e+07 -> 1.284e+07 | |Δpos_solve|=5.7531 m | FGO-SPP gap=3.1081 m
[1;32mCURRENT POS | [31.40252273, 121.26381585, 23.657]| VEL:[-0.83, -0.69, 0.41][0m 
Ingested new data for time frame 14650212010.04 with 28 observations.
  Systems: G=9 R=6 E=6 C=7 | L1=28 L2=15 Dual=15
[DOPPLER FACTOR] Added 4 .
[  PSR   FACTOR] Added 60 | weight(1/m): min=0.725 max=0.981 mean=0.874
[POST-FIT RESIDUALS] epoch#253 (weighted, at solved states)
  DOPPLER n=12   |r| mean=0.3368 max=1.209
  PSR     n=60   |r| mean=2.089e+05 max=1.174e+06
[0m[INFO] [1788688157.962488464]: Latest ENU sigma [m]: E=1.1645 N=1.3235 U=2.8365[0m
Adjusted MaxTRNum : 266854. 
[ OPT SUMMARY] Window=5 epochs | Variables=35 | TRDDCP=1 PSR=60 DOPPLER=4 | Time=13.5 ms
[ OPT EFFECT] cost 6.274e+07 -> 1.254e+07 | |Δpos_solve|=4.7555 m | FGO-SPP gap=3.6207 m
[1;32mCURRENT POS | [31.40253149, 121.26383007, 24.386]| VEL:[-0.71, -0.67, 0.04][0m 
Ingested new data for time frame 14650212020.04 with 28 observations.
  Systems: G=9 R=6 E=6 C=7 | L1=27 L2=15 Dual=15
[DOPPLER FACTOR] Added 4 .
[  PSR   FACTOR] Added 60 | weight(1/m): min=0.72 max=0.985 mean=0.856
[POST-FIT RESIDUALS] epoch#254 (weighted, at solved states)
  DOPPLER n=12   |r| mean=0.5048 max=1.842
  PSR     n=60   |r| mean=2.068e+05 max=1.179e+06
[0m[INFO] [1788688158.956938197]: Latest ENU sigma [m]: E=1.3986 N=1.5202 U=4.8619[0m
Adjusted MaxTRNum : 875744. 
[ OPT SUMMARY] Window=5 epochs | Variables=35 | TRDDCP=1 PSR=60 DOPPLER=4 | Time=15.2 ms
[ OPT EFFECT] cost 6.147e+07 -> 1.241e+07 | |Δpos_solve|=7.2053 m | FGO-SPP gap=6.5025 m
[1;32mCURRENT POS | [31.40250874, 121.26384423, 20.900]| VEL:[-0.72, -0.72, 0.25][0m 
Ingested new data for time frame 14650212030.04 with 27 observations.
  Systems: G=9 R=6 E=6 C=6 | L1=27 L2=15 Dual=15
[DOPPLER FACTOR] Added 4 .
[  PSR   FACTOR] Added 60 | weight(1/m): min=0.773 max=0.978 mean=0.888
[POST-FIT RESIDUALS] epoch#255 (weighted, at solved states)
  DOPPLER n=12   |r| mean=0.2989 max=1.296
  PSR     n=60   |r| mean=2.124e+05 max=1.17e+06
[0m[INFO] [1788688159.966822608]: Latest ENU sigma [m]: E=1.2208 N=1.6022 U=3.7294[0m
Adjusted MaxTRNum : 3259235. 
[ OPT SUMMARY] Window=5 epochs | Variables=35 | TRDDCP=1 PSR=60 DOPPLER=4 | Time=13.4 ms
[ OPT EFFECT] cost 6.375e+07 -> 1.275e+07 | |Δpos_solve|=4.7284 m | FGO-SPP gap=3.4283 m
[1;32mCURRENT POS | [31.40251210, 121.26385484, 19.314]| VEL:[-0.83, -0.80, 0.18][0m 
Ingested new data for time frame 14650212040.04 with 27 observations.
  Systems: G=9 R=6 E=6 C=6 | L1=26 L2=15 Dual=14
[DOPPLER FACTOR] Added 4 .
[  PSR   FACTOR] Added 60 | weight(1/m): min=0.733 max=1 mean=0.896
[POST-FIT RESIDUALS] epoch#256 (weighted, at solved states)
  DOPPLER n=12   |r| mean=1.075 max=4.735
  PSR     n=60   |r| mean=2.153e+05 max=1.197e+06
[0m[INFO] [1788688160.974490806]: Latest ENU sigma [m]: E=0.9187 N=1.2900 U=2.9363[0m
Adjusted MaxTRNum : 7411160. 
[ OPT SUMMARY] Window=5 epochs | Variables=35 | TRDDCP=1 PSR=60 DOPPLER=4 | Time=22.0 ms
[ OPT EFFECT] cost 6.434e+07 -> 1.292e+07 | |Δpos_solve|=14.3803 m | FGO-SPP gap=13.7529 m
[1;32mCURRENT POS | [31.40252211, 121.26386263, 20.064]| VEL:[-0.70, -0.82, 0.09][0m 
Ingested new data for time frame 14650212050.04 with 27 observations.
  Systems: G=9 R=6 E=6 C=6 | L1=27 L2=15 Dual=15
[DOPPLER FACTOR] Added 4 .
[  PSR   FACTOR] Added 60 | weight(1/m): min=0.739 max=1 mean=0.894
[POST-FIT RESIDUALS] epoch#257 (weighted, at solved states)
  DOPPLER n=12   |r| mean=0.6464 max=2.563
  PSR     n=60   |r| mean=2.151e+05 max=1.197e+06
[0m[INFO] [1788688161.964560079]: Latest ENU sigma [m]: E=1.0504 N=1.2207 U=3.0977[0m
Adjusted MaxTRNum : 25229783. 
[ OPT SUMMARY] Window=5 epochs | Variables=35 | TRDDCP=1 PSR=60 DOPPLER=4 | Time=14.7 ms
[ OPT EFFECT] cost 6.423e+07 -> 1.29e+07 | |Δpos_solve|=10.6451 m | FGO-SPP gap=9.3421 m
[1;32mCURRENT POS | [31.40252556, 121.26387904, 20.501]| VEL:[-0.71, -0.52, 0.30][0m 
Ingested new data for time frame 14650212060.04 with 27 observations.
  Systems: G=9 R=6 E=6 C=6 | L1=27 L2=15 Dual=15
[DOPPLER FACTOR] Added 4 .
[  PSR   FACTOR] Added 60 | weight(1/m): min=0.711 max=1 mean=0.886
[POST-FIT RESIDUALS] epoch#258 (weighted, at solved states)
  DOPPLER n=12   |r| mean=0.5581 max=2.542
  PSR     n=60   |r| mean=2.136e+05 max=1.197e+06
[0m[INFO] [1788688162.976145699]: Latest ENU sigma [m]: E=1.0649 N=1.2447 U=3.0497[0m
Adjusted MaxTRNum : 50826902. 
[ OPT SUMMARY] Window=5 epochs | Variables=35 | TRDDCP=1 PSR=60 DOPPLER=4 | Time=24.8 ms
[ OPT EFFECT] cost 6.368e+07 -> 1.282e+07 | |Δpos_solve|=10.8734 m | FGO-SPP gap=9.6288 m
[1;32mCURRENT POS | [31.40252273, 121.26389329, 22.075]| VEL:[-0.81, -0.64, 0.26][0m 
Ingested new data for time frame 14650212070.04 with 27 observations.
  Systems: G=9 R=6 E=6 C=6 | L1=27 L2=15 Dual=15
[DOPPLER FACTOR] Added 4 .
[  PSR   FACTOR] Added 60 | weight(1/m): min=0.746 max=0.99 mean=0.886
[POST-FIT RESIDUALS] epoch#259 (weighted, at solved states)
  DOPPLER n=12   |r| mean=0.3932 max=2.157
  PSR     n=60   |r| mean=2.117e+05 max=1.186e+06
[0m[INFO] [1788688163.965579528]: Latest ENU sigma [m]: E=1.0407 N=1.1200 U=3.1814[0m
Adjusted MaxTRNum : 139436797. 
[ OPT SUMMARY] Window=5 epochs | Variables=35 | TRDDCP=1 PSR=60 DOPPLER=4 | Time=18.2 ms
[ OPT EFFECT] cost 6.365e+07 -> 1.27e+07 | |Δpos_solve|=7.0023 m | FGO-SPP gap=5.7521 m
[1;32mCURRENT POS | [31.40252386, 121.26390049, 19.649]| VEL:[-0.67, -0.95, -0.05][0m 
Ingested new data for time frame 14650212080.04 with 27 observations.
  Systems: G=9 R=6 E=6 C=6 | L1=27 L2=15 Dual=15
[DOPPLER FACTOR] Added 4 .
[  PSR   FACTOR] Added 60 | weight(1/m): min=0.754 max=0.983 mean=0.905
[POST-FIT RESIDUALS] epoch#260 (weighted, at solved states)
  DOPPLER n=12   |r| mean=0.5218 max=3.184
  PSR     n=60   |r| mean=2.164e+05 max=1.177e+06
[0m[INFO] [1788688164.981526099]: Latest ENU sigma [m]: E=1.0027 N=1.1894 U=3.0844[0m
Adjusted MaxTRNum : 295527414. 
[ OPT SUMMARY] Window=5 epochs | Variables=35 | TRDDCP=1 PSR=60 DOPPLER=4 | Time=23.6 ms
[ OPT EFFECT] cost 6.505e+07 -> 1.299e+07 | |Δpos_solve|=10.4934 m | FGO-SPP gap=9.3505 m
[1;32mCURRENT POS | [31.40252564, 121.26391537, 19.660]| VEL:[-0.68, -1.01, -0.03][0m 
Ingested new data for time frame 14650212090.04 with 26 observations.
  Systems: G=8 R=6 E=6 C=6 | L1=26 L2=14 Dual=14
[DOPPLER FACTOR] Added 4 .
[  PSR   FACTOR] Added 60 | weight(1/m): min=0.766 max=0.988 mean=0.905
[POST-FIT RESIDUALS] epoch#261 (weighted, at solved states)
  DOPPLER n=12   |r| mean=0.4883 max=2.998
  PSR     n=60   |r| mean=2.165e+05 max=1.183e+06
[0m[INFO] [1788688165.967194758]: Latest ENU sigma [m]: E=1.1221 N=1.3198 U=3.0410[0m
Adjusted MaxTRNum : 898647100. 
[ OPT SUMMARY] Window=5 epochs | Variables=35 | TRDDCP=1 PSR=60 DOPPLER=4 | Time=16.4 ms
[ OPT EFFECT] cost 6.504e+07 -> 1.299e+07 | |Δpos_solve|=10.4012 m | FGO-SPP gap=8.9650 m
[1;32mCURRENT POS | [31.40253005, 121.26392453, 20.126]| VEL:[-0.75, -0.47, 0.18][0m 
Ingested new data for time frame 14650212100.04 with 27 observations.
  Systems: G=9 R=6 E=6 C=6 | L1=27 L2=15 Dual=15
[DOPPLER FACTOR] Added 4 .
[  PSR   FACTOR] Added 60 | weight(1/m): min=0.754 max=0.98 mean=0.903
[POST-FIT RESIDUALS] epoch#262 (weighted, at solved states)
  DOPPLER n=12   |r| mean=0.4549 max=2.235
  PSR     n=60   |r| mean=2.16e+05 max=1.174e+06
[0m[INFO] [1788688166.978573359]: Latest ENU sigma [m]: E=1.0030 N=1.1066 U=2.9596[0m
Adjusted MaxTRNum : 1747549844. 
[ OPT SUMMARY] Window=5 epochs | Variables=35 | TRDDCP=1 PSR=60 DOPPLER=4 | Time=25.7 ms
[ OPT EFFECT] cost 6.492e+07 -> 1.296e+07 | |Δpos_solve|=9.2313 m | FGO-SPP gap=7.8877 m
[1;32mCURRENT POS | [31.40253098, 121.26393591, 20.050]| VEL:[-0.98, -0.53, 0.20][0m 
Ingested new data for time frame 14650212110.04 with 26 observations.
  Systems: G=8 R=6 E=6 C=6 | L1=26 L2=15 Dual=15
[DOPPLER FACTOR] Added 4 .
[  PSR   FACTOR] Added 60 | weight(1/m): min=0.407 max=0.967 mean=0.81
[POST-FIT RESIDUALS] epoch#263 (weighted, at solved states)
  DOPPLER n=12   |r| mean=0.3151 max=1.402
  PSR     n=60   |r| mean=1.881e+05 max=1.159e+06
[0m[INFO] [1788688167.960829495]: Latest ENU sigma [m]: E=1.1125 N=1.3790 U=3.2558[0m
Adjusted MaxTRNum : 60. 
[ OPT SUMMARY] Window=5 epochs | Variables=35 | TRDDCP=1 PSR=60 DOPPLER=4 | Time=17.6 ms
[ OPT EFFECT] cost 5.826e+07 -> 1.128e+07 | |Δpos_solve|=7.3799 m | FGO-SPP gap=5.9371 m
[1;32mCURRENT POS | [31.40253061, 121.26394827, 20.062]| VEL:[-0.84, -0.59, 0.08][0m 
Ingested new data for time frame 14650212120.04 with 26 observations.
  Systems: G=8 R=6 E=6 C=6 | L1=25 L2=15 Dual=15
[DOPPLER FACTOR] Added 4 .
[  PSR   FACTOR] Added 60 | weight(1/m): min=0.765 max=0.99 mean=0.911
[POST-FIT RESIDUALS] epoch#264 (weighted, at solved states)
  DOPPLER n=12   |r| mean=0.4128 max=2.386
  PSR     n=60   |r| mean=2.177e+05 max=1.186e+06
[0m[INFO] [1788688168.963314213]: Latest ENU sigma [m]: E=1.1243 N=1.5277 U=3.4261[0m
Adjusted MaxTRNum : 171. 
[ OPT SUMMARY] Window=5 epochs | Variables=35 | TRDDCP=1 PSR=60 DOPPLER=4 | Time=17.4 ms
[ OPT EFFECT] cost 6.551e+07 -> 1.306e+07 | |Δpos_solve|=7.8904 m | FGO-SPP gap=7.0318 m
[1;32mCURRENT POS | [31.40253417, 121.26396050, 20.077]| VEL:[-0.70, -0.84, -0.17][0m 
Ingested new data for time frame 14650212130.04 with 26 observations.
  Systems: G=8 R=6 E=6 C=6 | L1=25 L2=15 Dual=14
[DOPPLER FACTOR] Added 4 .
[  PSR   FACTOR] Added 60 | weight(1/m): min=0.775 max=0.971 mean=0.91
[POST-FIT RESIDUALS] epoch#265 (weighted, at solved states)
  DOPPLER n=12   |r| mean=0.357 max=1.931
  PSR     n=60   |r| mean=2.174e+05 max=1.163e+06
[0m[INFO] [1788688169.957970217]: Latest ENU sigma [m]: E=1.2752 N=1.3249 U=3.6957[0m
Adjusted MaxTRNum : 506. 
[ OPT SUMMARY] Window=5 epochs | Variables=35 | TRDDCP=1 PSR=60 DOPPLER=4 | Time=16.9 ms
[ OPT EFFECT] cost 6.54e+07 -> 1.304e+07 | |Δpos_solve|=7.4892 m | FGO-SPP gap=6.9855 m
[1;32mCURRENT POS | [31.40253555, 121.26397270, 21.278]| VEL:[-0.84, -0.64, 0.29][0m 
Ingested new data for time frame 14650212140.04 with 26 observations.
  Systems: G=8 R=6 E=6 C=6 | L1=25 L2=15 Dual=14
[DOPPLER FACTOR] Added 4 .
[  PSR   FACTOR] Added 60 | weight(1/m): min=0.739 max=0.981 mean=0.89
[POST-FIT RESIDUALS] epoch#266 (weighted, at solved states)
  DOPPLER n=12   |r| mean=0.2573 max=1.439
  PSR     n=60   |r| mean=2.126e+05 max=1.175e+06
[0m[INFO] [1788688170.963007590]: Latest ENU sigma [m]: E=1.0876 N=1.3339 U=3.1113[0m
Adjusted MaxTRNum : 1841. 
[ OPT SUMMARY] Window=5 epochs | Variables=35 | TRDDCP=1 PSR=60 DOPPLER=4 | Time=13.7 ms
[ OPT EFFECT] cost 6.399e+07 -> 1.276e+07 | |Δpos_solve|=4.9050 m | FGO-SPP gap=3.7860 m
[1;32mCURRENT POS | [31.40254479, 121.26397821, 21.597]| VEL:[-0.93, -0.68, 0.21][0m 
Ingested new data for time frame 14650212150.04 with 27 observations.
  Systems: G=8 R=6 E=6 C=7 | L1=26 L2=15 Dual=14
[DOPPLER FACTOR] Added 4 .
[  PSR   FACTOR] Added 60 | weight(1/m): min=0.755 max=0.981 mean=0.898
[POST-FIT RESIDUALS] epoch#267 (weighted, at solved states)
  DOPPLER n=12   |r| mean=0.3173 max=1.591
  PSR     n=60   |r| mean=2.157e+05 max=1.176e+06
[0m[INFO] [1788688171.977442246]: Latest ENU sigma [m]: E=1.3218 N=1.2916 U=3.5100[0m
Adjusted MaxTRNum : 3471. 
[ OPT SUMMARY] Window=5 epochs | Variables=35 | TRDDCP=1 PSR=60 DOPPLER=4 | Time=26.5 ms
[ OPT EFFECT] cost 6.462e+07 -> 1.294e+07 | |Δpos_solve|=5.4102 m | FGO-SPP gap=4.3829 m
[1;32mCURRENT POS | [31.40254867, 121.26399157, 21.232]| VEL:[-0.59, -0.91, 0.27][0m 
Ingested new data for time frame 14650212160.04 with 27 observations.
  Systems: G=8 R=6 E=6 C=7 | L1=26 L2=15 Dual=14
[DOPPLER FACTOR] Added 4 .
[  PSR   FACTOR] Added 60 | weight(1/m): min=0.706 max=0.978 mean=0.896
[POST-FIT RESIDUALS] epoch#268 (weighted, at solved states)
  DOPPLER n=12   |r| mean=0.2942 max=1.042
  PSR     n=60   |r| mean=2.153e+05 max=1.173e+06
[0m[INFO] [1788688172.977871504]: Latest ENU sigma [m]: E=1.3418 N=1.4487 U=4.5981[0m
Adjusted MaxTRNum : 8835. 
[ OPT SUMMARY] Window=5 epochs | Variables=35 | TRDDCP=1 PSR=60 DOPPLER=4 | Time=19.6 ms
[ OPT EFFECT] cost 6.444e+07 -> 1.292e+07 | |Δpos_solve|=3.8974 m | FGO-SPP gap=1.4617 m
[1;32mCURRENT POS | [31.40254859, 121.26400492, 21.321]| VEL:[-1.02, -0.51, 0.51][0m 
Ingested new data for time frame 14650212170.04 with 27 observations.
  Systems: G=8 R=6 E=6 C=7 | L1=26 L2=15 Dual=14
[DOPPLER FACTOR] Added 4 .
[  PSR   FACTOR] Added 60 | weight(1/m): min=0.749 max=0.983 mean=0.898
[POST-FIT RESIDUALS] epoch#269 (weighted, at solved states)
  DOPPLER n=12   |r| mean=0.3271 max=1.38
  PSR     n=60   |r| mean=2.144e+05 max=1.178e+06
[0m[INFO] [1788688173.973860953]: Latest ENU sigma [m]: E=1.1607 N=1.3112 U=3.3339[0m
Adjusted MaxTRNum : 17499. 
[ OPT SUMMARY] Window=5 epochs | Variables=35 | TRDDCP=1 PSR=60 DOPPLER=4 | Time=25.2 ms
[ OPT EFFECT] cost 6.457e+07 -> 1.286e+07 | |Δpos_solve|=4.0110 m | FGO-SPP gap=2.9147 m
[1;32mCURRENT POS | [31.40255441, 121.26401361, 21.308]| VEL:[-0.96, -0.55, 0.21][0m 
Ingested new data for time frame 14650212180.04 with 27 observations.
  Systems: G=8 R=6 E=6 C=7 | L1=26 L2=15 Dual=14
[DOPPLER FACTOR] Added 4 .
[  PSR   FACTOR] Added 60 | weight(1/m): min=0.738 max=0.982 mean=0.891
[POST-FIT RESIDUALS] epoch#270 (weighted, at solved states)
  DOPPLER n=12   |r| mean=0.3049 max=1.285
  PSR     n=60   |r| mean=2.143e+05 max=1.177e+06
[0m[INFO] [1788688174.963819485]: Latest ENU sigma [m]: E=1.2681 N=1.3257 U=3.5782[0m
Adjusted MaxTRNum : 51225. 
[ OPT SUMMARY] Window=5 epochs | Variables=35 | TRDDCP=1 PSR=60 DOPPLER=4 | Time=17.1 ms
[ OPT EFFECT] cost 6.411e+07 -> 1.286e+07 | |Δpos_solve|=4.7580 m | FGO-SPP gap=3.6240 m
[1;32mCURRENT POS | [31.40255651, 121.26402639, 20.743]| VEL:[-0.91, -0.86, 0.08][0m 
Ingested new data for time frame 14650212190.04 with 27 observations.
  Systems: G=8 R=6 E=6 C=7 | L1=26 L2=15 Dual=14
[DOPPLER FACTOR] Added 4 .
[  PSR   FACTOR] Added 60 | weight(1/m): min=0.752 max=0.979 mean=0.893
[POST-FIT RESIDUALS] epoch#271 (weighted, at solved states)
  DOPPLER n=12   |r| mean=0.3096 max=1.185
  PSR     n=60   |r| mean=2.151e+05 max=1.174e+06
[0m[INFO] [1788688175.971388363]: Latest ENU sigma [m]: E=1.2795 N=1.3276 U=3.6181[0m
Adjusted MaxTRNum : 98341. 
[ OPT SUMMARY] Window=5 epochs | Variables=35 | TRDDCP=1 PSR=60 DOPPLER=4 | Time=26.0 ms
[ OPT EFFECT] cost 6.425e+07 -> 1.29e+07 | |Δpos_solve|=5.3665 m | FGO-SPP gap=4.2890 m
[1;32mCURRENT POS | [31.40255754, 121.26403999, 21.417]| VEL:[-0.68, -0.79, 0.00][0m 
Ingested new data for time frame 14650212200.04 with 27 observations.
  Systems: G=8 R=6 E=6 C=7 | L1=26 L2=15 Dual=14
[DOPPLER FACTOR] Added 4 .
[  PSR   FACTOR] Added 60 | weight(1/m): min=0.747 max=0.979 mean=0.895
[POST-FIT RESIDUALS] epoch#272 (weighted, at solved states)
  DOPPLER n=12   |r| mean=0.3572 max=0.9913
  PSR     n=60   |r| mean=2.154e+05 max=1.174e+06
[0m[INFO] [1788688176.960211342]: Latest ENU sigma [m]: E=1.2713 N=1.5271 U=3.9451[0m
Adjusted MaxTRNum : 292967. 
[ OPT SUMMARY] Window=5 epochs | Variables=35 | TRDDCP=1 PSR=60 DOPPLER=4 | Time=16.8 ms
[ OPT EFFECT] cost 6.443e+07 -> 1.292e+07 | |Δpos_solve|=5.5570 m | FGO-SPP gap=4.4247 m
[1;32mCURRENT POS | [31.40256288, 121.26405192, 21.756]| VEL:[-1.01, -0.53, 0.17][0m 
Ingested new data for time frame 14650212210.04 with 27 observations.
  Systems: G=8 R=6 E=6 C=7 | L1=26 L2=15 Dual=14
[DOPPLER FACTOR] Added 4 .
[  PSR   FACTOR] Added 60 | weight(1/m): min=0.747 max=0.98 mean=0.901
[POST-FIT RESIDUALS] epoch#273 (weighted, at solved states)
  DOPPLER n=12   |r| mean=0.4504 max=3.108
  PSR     n=60   |r| mean=2.175e+05 max=1.175e+06
[0m[INFO] [1788688177.970249945]: Latest ENU sigma [m]: E=1.2737 N=1.5552 U=4.0322[0m
Adjusted MaxTRNum : 567156. 
[ OPT SUMMARY] Window=5 epochs | Variables=35 | TRDDCP=1 PSR=60 DOPPLER=4 | Time=25.8 ms
[ OPT EFFECT] cost 6.483e+07 -> 1.305e+07 | |Δpos_solve|=10.4352 m | FGO-SPP gap=9.3590 m
[1;32mCURRENT POS | [31.40256418, 121.26406105, 21.777]| VEL:[-0.96, -0.54, 0.32][0m 
Ingested new data for time frame 14650212220.04 with 27 observations.
  Systems: G=8 R=6 E=6 C=7 | L1=26 L2=15 Dual=14
[DOPPLER FACTOR] Added 4 .
[  PSR   FACTOR] Added 60 | weight(1/m): min=0.752 max=0.982 mean=0.899
[POST-FIT RESIDUALS] epoch#274 (weighted, at solved states)
  DOPPLER n=12   |r| mean=0.4153 max=2.646
  PSR     n=60   |r| mean=2.152e+05 max=1.178e+06
[0m[INFO] [1788688178.968118412]: Latest ENU sigma [m]: E=1.3085 N=1.6096 U=4.4688[0m
Adjusted MaxTRNum : 1687396. 
[ OPT SUMMARY] Window=5 epochs | Variables=35 | TRDDCP=1 PSR=60 DOPPLER=4 | Time=16.8 ms
[ OPT EFFECT] cost 6.468e+07 -> 1.291e+07 | |Δpos_solve|=9.6293 m | FGO-SPP gap=8.6406 m
[1;32mCURRENT POS | [31.40256451, 121.26407443, 21.177]| VEL:[-0.77, -0.54, 0.38][0m 
Ingested new data for time frame 14650212230.04 with 27 observations.
  Systems: G=8 R=6 E=6 C=7 | L1=25 L2=15 Dual=14
[DOPPLER FACTOR] Added 4 .
[  PSR   FACTOR] Added 60 | weight(1/m): min=0.743 max=0.981 mean=0.899
[POST-FIT RESIDUALS] epoch#275 (weighted, at solved states)
  DOPPLER n=12   |r| mean=0.356 max=2.342
  PSR     n=60   |r| mean=2.148e+05 max=1.177e+06
[0m[INFO] [1788688179.974983728]: Latest ENU sigma [m]: E=1.3158 N=1.3477 U=4.0107[0m
Adjusted MaxTRNum : 2740373. 
[ OPT SUMMARY] Window=5 epochs | Variables=35 | TRDDCP=1 PSR=60 DOPPLER=4 | Time=30.8 ms
[ OPT EFFECT] cost 6.472e+07 -> 1.289e+07 | |Δpos_solve|=8.3231 m | FGO-SPP gap=7.5092 m
[1;32mCURRENT POS | [31.40256471, 121.26408632, 20.860]| VEL:[-0.76, -0.82, 0.19][0m 
Ingested new data for time frame 14650212240.04 with 27 observations.
  Systems: G=8 R=6 E=6 C=7 | L1=24 L2=15 Dual=14
[DOPPLER FACTOR] Added 4 .
[  PSR   FACTOR] Added 60 | weight(1/m): min=0.751 max=0.979 mean=0.903
[POST-FIT RESIDUALS] epoch#276 (weighted, at solved states)
  DOPPLER n=12   |r| mean=0.2553 max=1.828
  PSR     n=60   |r| mean=2.169e+05 max=1.174e+06
[0m[INFO] [1788688180.965983841]: Latest ENU sigma [m]: E=0.8673 N=1.1536 U=3.2336[0m
Adjusted MaxTRNum : 5451109. 
[ OPT SUMMARY] Window=5 epochs | Variables=35 | TRDDCP=1 PSR=60 DOPPLER=4 | Time=25.1 ms
[ OPT EFFECT] cost 6.501e+07 -> 1.302e+07 | |Δpos_solve|=6.3938 m | FGO-SPP gap=5.2860 m
[1;32mCURRENT POS | [31.40256953, 121.26410175, 22.037]| VEL:[-0.92, -0.70, 0.30][0m 
Ingested new data for time frame 14650212250.04 with 27 observations.
  Systems: G=8 R=6 E=6 C=7 | L1=24 L2=15 Dual=14
[DOPPLER FACTOR] Added 4 .
[  PSR   FACTOR] Added 60 | weight(1/m): min=0.744 max=0.958 mean=0.89
[POST-FIT RESIDUALS] epoch#277 (weighted, at solved states)
  DOPPLER n=12   |r| mean=0.2703 max=1.635
  PSR     n=60   |r| mean=2.136e+05 max=1.15e+06
[0m[INFO] [1788688181.978056829]: Latest ENU sigma [m]: E=1.2350 N=1.5818 U=3.7716[0m
Adjusted MaxTRNum : 10694829. 
[ OPT SUMMARY] Window=5 epochs | Variables=35 | TRDDCP=1 PSR=60 DOPPLER=4 | Time=25.5 ms
[ OPT EFFECT] cost 6.41e+07 -> 1.282e+07 | |Δpos_solve|=5.6428 m | FGO-SPP gap=3.8156 m
[1;32mCURRENT POS | [31.40256788, 121.26411449, 22.986]| VEL:[-0.86, -0.47, 0.26][0m 
Ingested new data for time frame 14650212260.04 with 27 observations.
  Systems: G=8 R=6 E=6 C=7 | L1=25 L2=15 Dual=14
[DOPPLER FACTOR] Added 4 .
[  PSR   FACTOR] Added 60 | weight(1/m): min=0.752 max=0.985 mean=0.902
[POST-FIT RESIDUALS] epoch#278 (weighted, at solved states)
  DOPPLER n=12   |r| mean=0.3125 max=1.568
  PSR     n=60   |r| mean=2.166e+05 max=1.182e+06
[0m[INFO] [1788688182.967711647]: Latest ENU sigma [m]: E=1.2659 N=1.6033 U=4.0470[0m
Adjusted MaxTRNum : 22541862. 
[ OPT SUMMARY] Window=5 epochs | Variables=35 | TRDDCP=1 PSR=60 DOPPLER=4 | Time=23.7 ms
[ OPT EFFECT] cost 6.495e+07 -> 1.3e+07 | |Δpos_solve|=5.2292 m | FGO-SPP gap=3.3691 m
[1;32mCURRENT POS | [31.40257211, 121.26412631, 22.872]| VEL:[-0.92, -0.44, 0.31][0m 
Ingested new data for time frame 14650212270.04 with 27 observations.
  Systems: G=8 R=6 E=6 C=7 | L1=25 L2=15 Dual=14
[DOPPLER FACTOR] Added 4 .
[  PSR   FACTOR] Added 60 | weight(1/m): min=0.747 max=0.982 mean=0.9
[POST-FIT RESIDUALS] epoch#279 (weighted, at solved states)
  DOPPLER n=12   |r| mean=0.3904 max=1.666
  PSR     n=60   |r| mean=2.151e+05 max=1.178e+06
[0m[INFO] [1788688183.964512570]: Latest ENU sigma [m]: E=1.3177 N=1.6151 U=4.3831[0m
Adjusted MaxTRNum : 69620388. 
[ OPT SUMMARY] Window=5 epochs | Variables=35 | TRDDCP=1 PSR=60 DOPPLER=4 | Time=16.2 ms
[ OPT EFFECT] cost 6.48e+07 -> 1.29e+07 | |Δpos_solve|=6.3692 m | FGO-SPP gap=5.3529 m
[1;32mCURRENT POS | [31.40257672, 121.26413791, 22.937]| VEL:[-1.07, -0.61, 0.18][0m 
Ingested new data for time frame 14650212280.04 with 26 observations.
  Systems: G=7 R=6 E=6 C=7 | L1=25 L2=14 Dual=14
[DOPPLER FACTOR] Added 4 .
[  PSR   FACTOR] Added 60 | weight(1/m): min=0.75 max=0.983 mean=0.903
[POST-FIT RESIDUALS] epoch#280 (weighted, at solved states)
  DOPPLER n=12   |r| mean=0.3672 max=2.023
  PSR     n=60   |r| mean=2.175e+05 max=1.18e+06
[0m[INFO] [1788688184.966740699]: Latest ENU sigma [m]: E=1.2998 N=1.6354 U=4.4210[0m
Adjusted MaxTRNum : 150719246. 
[ OPT SUMMARY] Window=5 epochs | Variables=35 | TRDDCP=1 PSR=60 DOPPLER=4 | Time=23.1 ms
[ OPT EFFECT] cost 6.506e+07 -> 1.305e+07 | |Δpos_solve|=7.0198 m | FGO-SPP gap=6.0278 m
[1;32mCURRENT POS | [31.40258060, 121.26414601, 23.159]| VEL:[-0.85, -0.86, 0.13][0m 
Ingested new data for time frame 14650212290.04 with 27 observations.
  Systems: G=7 R=6 E=6 C=8 | L1=26 L2=14 Dual=14
[DOPPLER FACTOR] Added 4 .
[  PSR   FACTOR] Added 60 | weight(1/m): min=0.734 max=1 mean=0.905
[POST-FIT RESIDUALS] epoch#281 (weighted, at solved states)
  DOPPLER n=12   |r| mean=0.9081 max=3.927
  PSR     n=60   |r| mean=2.171e+05 max=1.174e+06
[0m[INFO] [1788688185.979208280]: Latest ENU sigma [m]: E=1.3486 N=1.5875 U=4.8321[0m
Adjusted MaxTRNum : 302109041. 
[ OPT SUMMARY] Window=5 epochs | Variables=35 | TRDDCP=1 PSR=60 DOPPLER=4 | Time=24.9 ms
[ OPT EFFECT] cost 6.517e+07 -> 1.302e+07 | |Δpos_solve|=18.5244 m | FGO-SPP gap=18.2169 m
[1;32mCURRENT POS | [31.40258232, 121.26415871, 23.866]| VEL:[-0.71, -1.07, -0.12][0m 
Ingested new data for time frame 14650212300.04 with 27 observations.
  Systems: G=7 R=6 E=6 C=8 | L1=26 L2=14 Dual=14
[DOPPLER FACTOR] Added 4 .
[  PSR   FACTOR] Added 60 | weight(1/m): min=0.604 max=0.877 mean=0.756
[POST-FIT RESIDUALS] epoch#282 (weighted, at solved states)
  DOPPLER n=12   |r| mean=0.2514 max=1.168
  PSR     n=60   |r| mean=1.811e+05 max=1.053e+06
[0m[INFO] [1788688186.962825093]: Latest ENU sigma [m]: E=1.6055 N=2.0446 U=5.5844[0m
Adjusted MaxTRNum : 886766872. 
[ OPT SUMMARY] Window=5 epochs | Variables=35 | TRDDCP=1 PSR=60 DOPPLER=4 | Time=17.0 ms
[ OPT EFFECT] cost 5.448e+07 -> 1.086e+07 | |Δpos_solve|=7.2706 m | FGO-SPP gap=5.3058 m
[1;32mCURRENT POS | [31.40258293, 121.26416998, 23.490]| VEL:[-0.91, -0.84, 0.15][0m 
Ingested new data for time frame 14650212310.04 with 28 observations.
  Systems: G=8 R=6 E=6 C=8 | L1=26 L2=15 Dual=14
[DOPPLER FACTOR] Added 4 .
[  PSR   FACTOR] Added 60 | weight(1/m): min=0.675 max=0.901 mean=0.777
[POST-FIT RESIDUALS] epoch#283 (weighted, at solved states)
  DOPPLER n=12   |r| mean=0.3474 max=1.723
  PSR     n=60   |r| mean=1.872e+05 max=1.082e+06
[0m[INFO] [1788688187.969856301]: Latest ENU sigma [m]: E=1.5340 N=1.8140 U=4.9459[0m
Adjusted MaxTRNum : 60. 
[ OPT SUMMARY] Window=5 epochs | Variables=35 | TRDDCP=1 PSR=60 DOPPLER=4 | Time=13.9 ms
[ OPT EFFECT] cost 5.6e+07 -> 1.123e+07 | |Δpos_solve|=8.1958 m | FGO-SPP gap=6.3105 m
[1;32mCURRENT POS | [31.40258512, 121.26417837, 23.471]| VEL:[-1.03, -0.51, 0.37][0m 
Ingested new data for time frame 14650212320.04 with 28 observations.
  Systems: G=8 R=6 E=6 C=8 | L1=26 L2=15 Dual=14
[DOPPLER FACTOR] Added 4 .
[  PSR   FACTOR] Added 60 | weight(1/m): min=0.747 max=0.977 mean=0.884
[POST-FIT RESIDUALS] epoch#284 (weighted, at solved states)
  DOPPLER n=12   |r| mean=0.4636 max=2.286
  PSR     n=60   |r| mean=2.117e+05 max=1.173e+06
[0m[INFO] [1788688188.972124495]: Latest ENU sigma [m]: E=1.3260 N=1.4773 U=4.7660[0m
Adjusted MaxTRNum : 126. 
[ OPT SUMMARY] Window=5 epochs | Variables=35 | TRDDCP=1 PSR=60 DOPPLER=4 | Time=23.7 ms
[ OPT EFFECT] cost 6.373e+07 -> 1.27e+07 | |Δpos_solve|=8.9067 m | FGO-SPP gap=7.5786 m
[1;32mCURRENT POS | [31.40259029, 121.26418975, 22.847]| VEL:[-1.01, -0.46, 0.40][0m 
Ingested new data for time frame 14650212330.04 with 28 observations.
  Systems: G=8 R=6 E=6 C=8 | L1=26 L2=16 Dual=15
[DOPPLER FACTOR] Added 4 .
[  PSR   FACTOR] Added 60 | weight(1/m): min=0.719 max=0.968 mean=0.852
[POST-FIT RESIDUALS] epoch#285 (weighted, at solved states)
  DOPPLER n=12   |r| mean=0.4051 max=1.985
  PSR     n=60   |r| mean=2.034e+05 max=1.163e+06
[0m[INFO] [1788688189.970386325]: Latest ENU sigma [m]: E=1.3982 N=1.4812 U=4.9346[0m
Adjusted MaxTRNum : 285. 
[ OPT SUMMARY] Window=5 epochs | Variables=35 | TRDDCP=1 PSR=60 DOPPLER=4 | Time=22.0 ms
[ OPT EFFECT] cost 6.137e+07 -> 1.22e+07 | |Δpos_solve|=7.6919 m | FGO-SPP gap=6.2358 m
[1;32mCURRENT POS | [31.40259234, 121.26420140, 22.459]| VEL:[-0.75, -0.74, 0.25][0m 
Ingested new data for time frame 14650212340.04 with 28 observations.
  Systems: G=8 R=6 E=6 C=8 | L1=25 L2=15 Dual=14
[DOPPLER FACTOR] Added 4 .
[  PSR   FACTOR] Added 60 | weight(1/m): min=0.753 max=0.977 mean=0.885
[POST-FIT RESIDUALS] epoch#286 (weighted, at solved states)
  DOPPLER n=12   |r| mean=0.2796 max=1.09
  PSR     n=60   |r| mean=2.115e+05 max=1.174e+06
[0m[INFO] [1788688190.968463336]: Latest ENU sigma [m]: E=1.3483 N=1.4228 U=4.6426[0m
Adjusted MaxTRNum : 909. 
[ OPT SUMMARY] Window=5 epochs | Variables=35 | TRDDCP=1 PSR=60 DOPPLER=4 | Time=15.7 ms
[ OPT EFFECT] cost 6.38e+07 -> 1.269e+07 | |Δpos_solve|=4.7768 m | FGO-SPP gap=2.4038 m
[1;32mCURRENT POS | [31.40259450, 121.26421724, 23.774]| VEL:[-0.75, -0.65, 0.12][0m 
Ingested new data for time frame 14650212350.04 with 29 observations.
  Systems: G=8 R=6 E=7 C=8 | L1=26 L2=15 Dual=14
[DOPPLER FACTOR] Added 4 .
[  PSR   FACTOR] Added 60 | weight(1/m): min=0.739 max=0.973 mean=0.879
[POST-FIT RESIDUALS] epoch#287 (weighted, at solved states)
  DOPPLER n=12   |r| mean=0.7 max=2.944
  PSR     n=60   |r| mean=2.108e+05 max=1.168e+06
[0m[INFO] [1788688191.986214249]: Latest ENU sigma [m]: E=1.3970 N=1.2382 U=4.4526[0m
Adjusted MaxTRNum : 1418. 
[ OPT SUMMARY] Window=5 epochs | Variables=35 | TRDDCP=1 PSR=60 DOPPLER=4 | Time=32.0 ms
[ OPT EFFECT] cost 6.335e+07 -> 1.265e+07 | |Δpos_solve|=13.9988 m | FGO-SPP gap=13.6892 m
[1;32mCURRENT POS | [31.40259408, 121.26422539, 23.173]| VEL:[-1.02, -0.42, 0.28][0m 
Ingested new data for time frame 14650212360.04 with 28 observations.
  Systems: G=8 R=6 E=6 C=8 | L1=27 L2=15 Dual=14
[DOPPLER FACTOR] Added 4 .
[  PSR   FACTOR] Added 60 | weight(1/m): min=0.764 max=0.979 mean=0.894
[POST-FIT RESIDUALS] epoch#288 (weighted, at solved states)
  DOPPLER n=12   |r| mean=0.4251 max=1.651
  PSR     n=60   |r| mean=2.163e+05 max=1.175e+06
[0m[INFO] [1788688192.969776843]: Latest ENU sigma [m]: E=1.3389 N=1.4931 U=4.9644[0m
Adjusted MaxTRNum : 4416. 
[ OPT SUMMARY] Window=5 epochs | Variables=35 | TRDDCP=1 PSR=60 DOPPLER=4 | Time=16.1 ms
[ OPT EFFECT] cost 6.444e+07 -> 1.298e+07 | |Δpos_solve|=8.7484 m | FGO-SPP gap=8.1058 m
[1;32mCURRENT POS | [31.40259721, 121.26423583, 22.905]| VEL:[-0.87, -0.61, 0.24][0m 
Ingested new data for time frame 14650212370.04 with 28 observations.
  Systems: G=8 R=6 E=6 C=8 | L1=27 L2=15 Dual=14
[DOPPLER FACTOR] Added 4 .
[  PSR   FACTOR] Added 60 | weight(1/m): min=0.749 max=0.966 mean=0.877
[POST-FIT RESIDUALS] epoch#289 (weighted, at solved states)
  DOPPLER n=12   |r| mean=0.2387 max=0.9711
  PSR     n=60   |r| mean=2.112e+05 max=1.161e+06
[0m[INFO] [1788688193.976825827]: Latest ENU sigma [m]: E=1.3495 N=1.1906 U=3.6705[0m
Adjusted MaxTRNum : 7587. 
[ OPT SUMMARY] Window=5 epochs | Variables=35 | TRDDCP=1 PSR=60 DOPPLER=4 | Time=29.1 ms
[ OPT EFFECT] cost 6.324e+07 -> 1.267e+07 | |Δpos_solve|=4.7021 m | FGO-SPP gap=1.6335 m
[1;32mCURRENT POS | [31.40260123, 121.26424842, 23.041]| VEL:[-0.59, -0.96, 0.00][0m 
Ingested new data for time frame 14650212380.04 with 28 observations.
  Systems: G=8 R=6 E=6 C=8 | L1=27 L2=15 Dual=14
[DOPPLER FACTOR] Added 4 .
[  PSR   FACTOR] Added 60 | weight(1/m): min=0.64 max=0.91 mean=0.745
[POST-FIT RESIDUALS] epoch#290 (weighted, at solved states)
  DOPPLER n=12   |r| mean=0.2471 max=0.9699
  PSR     n=60   |r| mean=1.795e+05 max=1.093e+06
[0m[INFO] [1788688194.964761157]: Latest ENU sigma [m]: E=1.7575 N=1.1592 U=3.5725[0m
Adjusted MaxTRNum : 26041. 
[ OPT SUMMARY] Window=5 epochs | Variables=35 | TRDDCP=1 PSR=60 DOPPLER=4 | Time=14.6 ms
[ OPT EFFECT] cost 5.374e+07 -> 1.077e+07 | |Δpos_solve|=3.8617 m | FGO-SPP gap=2.1093 m
[1;32mCURRENT POS | [31.40259986, 121.26425191, 21.153]| VEL:[-0.95, -0.40, 0.17][0m 
Ingested new data for time frame 14650212390.04 with 27 observations.
  Systems: G=7 R=6 E=6 C=8 | L1=27 L2=14 Dual=14
[DOPPLER FACTOR] Added 4 .
[  PSR   FACTOR] Added 60 | weight(1/m): min=0.675 max=0.941 mean=0.845
[POST-FIT RESIDUALS] epoch#291 (weighted, at solved states)
  DOPPLER n=12   |r| mean=0.2911 max=1.119
  PSR     n=60   |r| mean=2.03e+05 max=1.131e+06
[0m[INFO] [1788688195.966288730]: Latest ENU sigma [m]: E=1.4882 N=1.2238 U=3.9321[0m
Adjusted MaxTRNum : 57672. 
[ OPT SUMMARY] Window=5 epochs | Variables=35 | TRDDCP=1 PSR=60 DOPPLER=4 | Time=22.6 ms
[ OPT EFFECT] cost 6.095e+07 -> 1.218e+07 | |Δpos_solve|=4.9082 m | FGO-SPP gap=2.7642 m
[1;32mCURRENT POS | [31.40260011, 121.26426546, 21.940]| VEL:[-0.90, -0.72, 0.20][0m 
Ingested new data for time frame 14650212400.04 with 27 observations.
  Systems: G=7 R=6 E=6 C=8 | L1=27 L2=14 Dual=14
[DOPPLER FACTOR] Added 4 .
[  PSR   FACTOR] Added 60 | weight(1/m): min=0.72 max=0.974 mean=0.864
[POST-FIT RESIDUALS] epoch#292 (weighted, at solved states)
  DOPPLER n=12   |r| mean=0.1586 max=0.4315
  PSR     n=60   |r| mean=2.076e+05 max=1.171e+06
[0m[INFO] [1788688196.967066171]: Latest ENU sigma [m]: E=1.5684 N=1.1650 U=3.4531[0m
Adjusted MaxTRNum : 127393. 
[ OPT SUMMARY] Window=5 epochs | Variables=35 | TRDDCP=1 PSR=60 DOPPLER=4 | Time=22.6 ms
[ OPT EFFECT] cost 6.229e+07 -> 1.245e+07 | |Δpos_solve|=3.2310 m | FGO-SPP gap=3.5694 m
[1;32mCURRENT POS | [31.40261113, 121.26428683, 22.078]| VEL:[-0.74, -1.02, 0.06][0m 
Ingested new data for time frame 14650212410.04 with 27 observations.
  Systems: G=7 R=6 E=6 C=8 | L1=26 L2=14 Dual=13
[DOPPLER FACTOR] Added 4 .
[  PSR   FACTOR] Added 60 | weight(1/m): min=0.57 max=0.828 mean=0.713
[POST-FIT RESIDUALS] epoch#293 (weighted, at solved states)
  DOPPLER n=12   |r| mean=0.274 max=0.8468
  PSR     n=60   |r| mean=1.713e+05 max=9.956e+05
[0m[INFO] [1788688197.972431955]: Latest ENU sigma [m]: E=1.7246 N=1.1789 U=4.1210[0m
Adjusted MaxTRNum : 289574. 
[ OPT SUMMARY] Window=5 epochs | Variables=35 | TRDDCP=1 PSR=60 DOPPLER=4 | Time=22.0 ms
[ OPT EFFECT] cost 5.14e+07 -> 1.028e+07 | |Δpos_solve|=6.4050 m | FGO-SPP gap=3.1567 m
[1;32mCURRENT POS | [31.40260180, 121.26428845, 21.624]| VEL:[-0.69, -0.66, 0.26][0m 
Ingested new data for time frame 14650212420.04 with 27 observati[33m[WARN] [1788688199.965723773]: [FGO Guard] state jumped 207 m from SPP init, fallback (solver divergence)[0m
ons.
  Systems: G=7 R=6 E=6 C=8 | L1=27 L2=14 Dual=14
[DOPPLER FACTOR] Added 4 .
[  PSR   FACTOR] Added 60 | weight(1/m): min=0.797 max=0.964 mean=0.863
[POST-FIT RESIDUALS] epoch#294 (weighted, at solved states)
  DOPPLER n=12   |r| mean=0.2865 max=1.611
  PSR     n=60   |r| mean=2.076e+05 max=1.159e+06
[0m[INFO] [1788688198.962002908]: Latest ENU sigma [m]: E=1.0361 N=1.1110 U=2.4777[0m
Adjusted MaxTRNum : 790816. 
[ OPT SUMMARY] Window=5 epochs | Variables=35 | TRDDCP=1 PSR=60 DOPPLER=4 | Time=18.3 ms
[ OPT EFFECT] cost 6.229e+07 -> 1.246e+07 | |Δpos_solve|=4.9634 m | FGO-SPP gap=3.1143 m
[1;32mCURRENT POS | [31.40260493, 121.26429460, 21.588]| VEL:[-1.06, -0.53, 0.36][0m 
Ingested new data for time frame 14650212430.04 with 28 observations.
  Systems: G=7 R=6 E=7 C=8 | L1=28 L2=14 Dual=14
[DOPPLER FACTOR] Added 4 .
[  PSR   FACTOR] Added 60 | weight(1/m): min=0.69 max=0.981 mean=0.834
[POST-FIT RESIDUALS] epoch#295 (weighted, at solved states)
  DOPPLER n=12   |r| mean=2038 max=5189
  PSR     n=60   |r| mean=3.91e+05 max=1.142e+07
[0m[INFO] [1788688199.976837699]: Latest ENU sigma [m]: E=13.7169 N=14.0635 U=31.3902[0m
Adjusted MaxTRNum : 1326760. 
[ OPT SUMMARY] Window=5 epochs | Variables=35 | TRDDCP=1 PSR=60 DOPPLER=4 | Time=29.8 ms
[ OPT EFFECT] cost 7.165e+07 -> 2.347e+07 | |Δpos_solve|=207.4723 m | FGO-SPP gap=0.0000 m
[1;32mCURRENT POS | [31.40260930, 121.26430678, 21.086]| VEL:[-0.77, -0.82, 0.15][0m 
Ingested new data for time frame 14650212440.04 with 28 observations.
  Systems: G=7 R=6 E=7 C=8 | L1=28 L2=14 Dual=14
[DOPPLER FACTOR] Added 4 .
[  PSR   FACTOR] Added 0 | weight(1/m): min=0 max=0 mean=0
[POST-FIT RESIDUALS] epoch#296 (weighted, at solved states)
  DOPPLER n=12   |r| mean=1.256e-10 max=2.646e-10
[0m[INFO] [1788688200.961147288]: Latest ENU sigma [m]: E=40.0000 N=40.0000 U=40.0000[0m
Adjusted MaxTRNum : 5329612. 
[ OPT SUMMARY] Window=5 epochs | Variables=35 | TRDDCP=1 PSR=0 DOPPLER=4 | Time=12.4 ms
[ OPT EFFECT] cost 0.0008554 -> 1.248e-19 | |Δpos_solve|=0.1645 m | FGO-SPP gap=4.5658 m
[1;32mCURRENT POS | [31.40261194, 121.26431614, 20.417]| VEL:[-0.64, -0.87, 0.01][0m 
Ingested new data for time frame 14650212450.04 with 27 observations.
  Systems: G=7 R=6 E=6 C=8 | L1=27 L2=14 Dual=14
[DOPPLER FACTOR] Added 4 .
[  PSR   FACTOR] Added 60 | weight(1/m): min=0.536 max=0.743 mean=0.648
[POST-FIT RESIDUALS] epoch#297 (weighted, at solved states)
  DOPPLER n=12   |r| mean=0.2586 max=1.229
  PSR     n=60   |r| mean=3.217e+05 max=1.078e+07
[0m[INFO] [1788688201.961880084]: Latest ENU sigma [m]: E=1.5885 N=1.1793 U=3.8788[0m
Adjusted MaxTRNum : 11974273. 
[ OPT SUMMARY] Window=5 epochs | Variables=35 | TRDDCP=1 PSR=60 DOPPLER=4 | Time=22.3 ms
[ OPT EFFECT] cost 5.671e+07 -> 1.93e+07 | |Δpos_solve|=5.7854 m | FGO-SPP gap=3.7201 m
[1;32mCURRENT POS | [31.40261174, 121.26433050, 21.205]| VEL:[-0.66, -0.75, -0.04][0m 
Ingested new data for time frame 14650212460.04 with 28 observations.
  Systems: G=7 R=6 E=7 C=8 | L1=27 L2=14 Dual=14
[DOPPLER FACTOR] Added 4 .
[  PSR   FACTOR] Added 60 | weight(1/m): min=0.775 max=0.988 mean=0.898
[POST-FIT RESIDUALS] epoch#298 (weighted, at solved states)
  DOPPLER n=12   |r| mean=0.321 max=1.234
  PSR     n=60   |r| mean=2.16e+05 max=1.189e+06
[0m[INFO] [1788688202.960692589]: Latest ENU sigma [m]: E=1.3009 N=1.1617 U=3.6175[0m
Adjusted MaxTRNum : 46085883. 
[ OPT SUMMARY] Window=5 epochs | Variables=35 | TRDDCP=1 PSR=60 DOPPLER=4 | Time=13.0 ms
[ OPT EFFECT] cost 6.482e+07 -> 1.296e+07 | |Δpos_solve|=5.2872 m | FGO-SPP gap=2.8753 m
[1;32mCURRENT POS | [31.40261329, 121.26434923, 22.787]| VEL:[-1.07, -0.47, 0.51][0m 
Ingested new data for time frame 14650212470.04 with 27 observations.
  Systems: G=7 R=6 E=6 C=8 | L1=27 L2=14 Dual=14
[DOPPLER FACTOR] Added 4 .
[  PSR   FACTOR] Added 60 | weight(1/m): min=0.735 max=0.979 mean=0.885
[POST-FIT RESIDUALS] epoch#299 (weighted, at solved states)
  DOPPLER n=12   |r| mean=0.3189 max=1.509
  PSR     n=60   |r| mean=2.128e+05 max=1.178e+06
[0m[INFO] [1788688203.965050817]: Latest ENU sigma [m]: E=1.3488 N=1.2012 U=3.8702[0m
Adjusted MaxTRNum : 108174464. 
[ OPT SUMMARY] Window=5 epochs | Variables=35 | TRDDCP=1 PSR=60 DOPPLER=4 | Time=21.3 ms
[ OPT EFFECT] cost 6.385e+07 -> 1.277e+07 | |Δpos_solve|=6.0742 m | FGO-SPP gap=3.1862 m
[1;32mCURRENT POS | [31.40261404, 121.26436446, 24.243]| VEL:[-0.68, -0.73, 0.21][0m 
Ingested new data for time frame 14650212480.04 with 27 observations.
  Systems: G=7 R=6 E=6 C=8 | L1=27 L2=14 Dual=14
[DOPPLER FACTOR] Added 4 .
[  PSR   FACTOR] Added 60 | weight(1/m): min=0.697 max=0.966 mean=0.841
[POST-FIT RESIDUALS] epoch#300 (weighted, at solved states)
  DOPPLER n=12   |r| mean=0.3783 max=1.723
  PSR     n=60   |r| mean=2.024e+05 max=1.163e+06
[0m[INFO] [1788688204.981403626]: Latest ENU sigma [m]: E=1.3766 N=1.2335 U=3.8333[0m
Adjusted MaxTRNum : 203887849. 
[ OPT SUMMARY] Window=5 epochs | Variables=35 | TRDDCP=1 PSR=60 DOPPLER=4 | Time=26.5 ms
[ OPT EFFECT] cost 6.074e+07 -> 1.215e+07 | |Δpos_solve|=6.7959 m | FGO-SPP gap=4.4422 m
[1;32mCURRENT POS | [31.40261600, 121.26436860, 23.385]| VEL:[-0.39, -1.04, 0.06][0m 
Ingested new data for time frame 14650212490.04 with 27 observations.
  Systems: G=7 R=6 E=6 C=8 | L1=27 L2=15 Dual=15
[DOPPLER FACTOR] Added 4 .
[  PSR   FACTOR] Added 60 | weight(1/m): min=0.758 max=0.941 mean=0.871
  [POST-FIT] DOPPLER epoch 0->1                         |r|=0.6897
  [POST-FIT] DOPPLER epoch 1->2                         |r|=0.02687
  [POST-FIT] DOPPLER epoch 2->3                         |r|=0.01266
  [POST-FIT] DOPPLER epoch 3->4                         |r|=0.03762
  [POST-FIT] PSR     sat 53 w=0.920640                  |r|=1.108e+06
  [POST-FIT] PSR     sat 88 w=0.850863                  |r|=1.024e+06
  [POST-FIT] PSR     sat 92 w=0.865217                  |r|=1.041e+06
  [POST-FIT] PSR     sat 103 w=0.940706                 |r|=1.132e+06
  [POST-FIT] PSR     sat 5 w=0.925829                   |r|=1.114e+06
  [POST-FIT] PSR     sat 119 w=0.938767                 |r|=1.129e+06
  [POST-FIT] PSR     sat 20 w=0.757770                  |r|=9.116e+05
  [POST-FIT] PSR     sat 20 w=0.757770                  |r|=9.116e+05
  [POST-FIT] PSR     sat 39 w=0.898135                  |r|=1.081e+06
  [POST-FIT] PSR     sat 118 w=0.878531                 |r|=1.057e+06
  [POST-FIT] PSR     sat 15 w=0.906494                  |r|=1.091e+06
  [POST-FIT] PSR     sat 78 w=0.809030                  |r|=9.733e+05
  [POST-FIT] PSR     sat 53 w=0.920640                  |r|=0.454
  [POST-FIT] PSR     sat 88 w=0.850863                  |r|=0.9884
  [POST-FIT] PSR     sat 92 w=0.865217                  |r|=0.552
  [POST-FIT] PSR     sat 103 w=0.940706                 |r|=0.2824
  [POST-FIT] PSR     sat 5 w=0.925829                   |r|=0.3739
  [POST-FIT] PSR     sat 119 w=0.938767                 |r|=0.4696
  [POST-FIT] PSR     sat 20 w=0.757770                  |r|=1.264
  [POST-FIT] PSR     sat 20 w=0.757770                  |r|=1.806
  [POST-FIT] PSR     sat 39 w=0.898135                  |r|=0.4653
  [POST-FIT] PSR     sat 118 w=0.878531                 |r|=0.8042
  [POST-FIT] PSR     sat 15 w=0.906494                  |r|=0.3843
  [POST-FIT] PSR     sat 78 w=0.809030                  |r|=0.4492
  [POST-FIT] PSR     sat 53 w=0.920640                  |r|=0.5325
  [POST-FIT] PSR     sat 88 w=0.850863                  |r|=0.7129
  [POST-FIT] PSR     sat 92 w=0.865217                  |r|=0.4123
  [POST-FIT] PSR     sat 103 w=0.940706                 |r|=0.004649
  [POST-FIT] PSR     sat 5 w=0.925829                   |r|=0.4296
  [POST-FIT] PSR     sat 119 w=0.938767                 |r|=0.5047
  [POST-FIT] PSR     sat 20 w=0.757770                  |r|=1.647
  [POST-FIT] PSR     sat 20 w=0.757770                  |r|=1.465
  [POST-FIT] PSR     sat 39 w=0.898135                  |r|=0.5458
  [POST-FIT] PSR     sat 118 w=0.878531                 |r|=0.5443
  [POST-FIT] PSR     sat 15 w=0.906494                  |r|=0.4424
  [POST-FIT] PSR     sat 78 w=0.809030                  |r|=0.3089
  [POST-FIT] PSR     sat 53 w=0.920640                  |r|=0.577
  [POST-FIT] PSR     sat 88 w=0.850863                  |r|=0.9554
  [POST-FIT] PSR     sat 92 w=0.865217                  |r|=0.1794
  [POST-FIT] PSR     sat 103 w=0.940706                 |r|=0.06967
  [POST-FIT] PSR     sat 5 w=0.925829                   |r|=0.9812
  [POST-FIT] PSR     sat 119 w=0.938767                 |r|=0.6804
  [POST-FIT] PSR     sat 20 w=0.757770                  |r|=2.084
  [POST-FIT] PSR     sat 20 w=0.757770                  |r|=1.047
  [POST-FIT] PSR     sat 39 w=0.898135                  |r|=0.5914
  [POST-FIT] PSR     sat 118 w=0.878531                 |r|=0.6524
  [POST-FIT] PSR     sat 15 w=0.906494                  |r|=1.063
  [POST-FIT] PSR     sat 78 w=0.809030                  |r|=0.8129
  [POST-FIT] PSR     sat 53 w=0.920640                  |r|=0.6454
  [POST-FIT] PSR     sat 88 w=0.850863                  |r|=0.9735
  [POST-FIT] PSR     sat 92 w=0.865217                  |r|=0.04187
  [POST-FIT] PSR     sat 103 w=0.940706                 |r|=0.3561
  [POST-FIT] PSR     sat 5 w=0.925829                   |r|=0.9967
  [POST-FIT] PSR     sat 119 w=0.938767                 |r|=0.8025
  [POST-FIT] PSR     sat 20 w=0.757770                  |r|=2.169
  [POST-FIT] PSR     sat 20 w=0.757770                  |r|=1.009
  [POST-FIT] PSR     sat 39 w=0.898135                  |r|=0.6615
  [POST-FIT] PSR     sat 118 w=0.878531                 |r|=0.4763
  [POST-FIT] PSR     sat 15 w=0.906494                  |r|=2.844
  [POST-FIT] PSR     sat 78 w=0.809030                  |r|=1.055
[POST-FIT RESIDUALS] epoch#301 (weighted, at solved states) --- detail ---
  DOPPLER n=12   |r| mean=0.2776 max=1.363
  PSR     n=60   |r| mean=2.095e+05 max=1.132e+06
[0m[INFO] [1788688205.967603706]: Latest ENU sigma [m]: E=1.3459 N=1.1988 U=3.5662[0m
Adjusted MaxTRNum : 625475420. 
[ OPT SUMMARY] Window=5 epochs | Variables=35 | TRDDCP=1 PSR=60 DOPPLER=4 | Time=16.3 ms
[ OPT EFFECT] cost 6.287e+07 -> 1.257e+07 | |Δpos_solve|=5.1482 m | FGO-SPP gap=2.6492 m
[1;32mCURRENT POS | [31.40261922, 121.26438427, 23.926]| VEL:[-0.92, -0.17, 0.33][0m 
Ingested new data for time frame 14650212500.04 with 28 observations.
  Systems: G=7 R=6 E=7 C=8 | L1=28 L2=15 Dual=15
[DOPPLER FACTOR] Added 4 .
[  PSR   FACTOR] Added 60 | weight(1/m): min=0.813 max=0.991 mean=0.906
[POST-FIT RESIDUALS] epoch#302 (weighted, at solved states)
  DOPPLER n=12   |r| mean=0.3871 max=2.002
  PSR     n=60   |r| mean=2.187e+05 max=1.192e+06
[0m[INFO] [1788688206.968344491]: Latest ENU sigma [m]: E=1.3468 N=1.5054 U=5.0793[0m
Adjusted MaxTRNum : 2141233213. 
[ OPT SUMMARY] Window=5 epochs | Variables=35 | TRDDCP=1 PSR=60 DOPPLER=4 | Time=14.6 ms
[ OPT EFFECT] cost 6.539e+07 -> 1.312e+07 | |Δpos_solve|=8.2661 m | FGO-SPP gap=6.7600 m
[1;32mCURRENT POS | [31.40261991, 121.26439622, 23.862]| VEL:[-0.83, -0.42, 0.18][0m 
Ingested new data for time frame 14650212510.04 with 28 observations.
  Systems: G=7 R=6 E=7 C=8 | L1=27 L2=15 Dual=15
[DOPPLER FACTOR] Added 4 .
[  PSR   FACTOR] Added 60 | weight(1/m): min=0.756 max=0.98 mean=0.885
[POST-FIT RESIDUALS] epoch#303 (weighted, at solved states)
  DOPPLER n=12   |r| mean=0.331 max=1.764
  PSR     n=60   |r| mean=2.144e+05 max=1.179e+06
[0m[INFO] [1788688207.975928225]: Latest ENU sigma [m]: E=1.3910 N=1.5586 U=5.3413[0m
Adjusted MaxTRNum : 60. 
[ OPT SUMMARY] Window=5 epochs | Variables=35 | TRDDCP=1 PSR=60 DOPPLER=4 | Time=26.0 ms
[ OPT EFFECT] cost 6.392e+07 -> 1.286e+07 | |Δpos_solve|=7.8392 m | FGO-SPP gap=6.2326 m
[1;32mCURRENT POS | [31.40262700, 121.26439987, 23.802]| VEL:[-0.42, -1.55, -0.12][0m 
Ingested new data for time frame 14650212520.04 with 28 observations.
  Systems: G=7 R=6 E=7 C=8 | L1=28 L2=15 Dual=15
[DOPPLER FACTOR] Added 4 .
[  PSR   FACTOR] Added 60 | weight(1/m): min=0.824 max=0.981 mean=0.909
[POST-FIT RESIDUALS] epoch#304 (weighted, at solved states)
  DOPPLER n=12   |r| mean=0.3151 max=1.913
  PSR     n=60   |r| mean=2.188e+05 max=1.18e+06
[0m[INFO] [1788688208.975491214]: Latest ENU sigma [m]: E=1.3640 N=1.5297 U=5.2175[0m
Adjusted MaxTRNum : 146. 
[ OPT SUMMARY] Window=5 epochs | Variables=35 | TRDDCP=1 PSR=60 DOPPLER=4 | Time=20.5 ms
[ OPT EFFECT] cost 6.564e+07 -> 1.313e+07 | |Δpos_solve|=8.0940 m | FGO-SPP gap=5.8868 m
[1;32mCURRENT POS | [31.40263027, 121.26440629, 23.158]| VEL:[-0.74, -0.69, -0.02][0m 
Ingested new data for time frame 14650212530.04 with 28 observations.
  Systems: G=7 R=6 E=7 C=8 | L1=28 L2=14 Dual=14
[DOPPLER FACTOR] Added 4 .
[  PSR   FACTOR] Added 60 | weight(1/m): min=0.749 max=0.99 mean=0.879
[POST-FIT RESIDUALS] epoch#305 (weighted, at solved states)
  DOPPLER n=12   |r| mean=0.3879 max=2.058
  PSR     n=60   |r| mean=2.109e+05 max=1.192e+06
[0m[INFO] [1788688209.961681158]: Latest ENU sigma [m]: E=1.3769 N=1.5046 U=5.1007[0m
Adjusted MaxTRNum : 372. 
[ OPT SUMMARY] Window=5 epochs | Variables=35 | TRDDCP=1 PSR=60 DOPPLER=4 | Time=19.6 ms
[ OPT EFFECT] cost 6.348e+07 -> 1.266e+07 | |Δpos_solve|=7.7806 m | FGO-SPP gap=6.7914 m
[1;32mCURRENT POS | [31.40263394, 121.26442274, 24.687]| VEL:[-0.50, -0.54, 0.02][0m 
Ingested new data for time frame 14650212540.04 with 28 observations.
  Systems: G=7 R=6 E=7 C=8 | L1=28 L2=14 Dual=14
[DOPPLER FACTOR] Added 4 .
[  PSR   FACTOR] Added 60 | weight(1/m): min=0.807 max=0.977 mean=0.903
[POST-FIT RESIDUALS] epoch#306 (weighted, at solved states)
  DOPPLER n=12   |r| mean=0.2667 max=1.104
  PSR     n=60   |r| mean=2.173e+05 max=1.176e+06
[0m[INFO] [1788688210.970101221]: Latest ENU sigma [m]: E=1.3409 N=1.0737 U=3.7240[0m
Adjusted MaxTRNum : 703. 
[ OPT SUMMARY] Window=5 epochs | Variables=35 | TRDDCP=1 PSR=60 DOPPLER=4 | Time=26.4 ms
[ OPT EFFECT] cost 6.523e+07 -> 1.304e+07 | |Δpos_solve|=4.1612 m | FGO-SPP gap=1.5599 m
[1;32mCURRENT POS | [31.40263882, 121.26443990, 23.038]| VEL:[-1.01, -0.59, 0.35][0m 
Ingested new data for time frame 14650212550.04 with 28 observations.
  Systems: G=7 R=6 E=7 C=8 | L1=28 L2=14 Dual=14
[DOPPLER FACTOR] Added 4 .
[  PSR   FACTOR] Added 60 | weight(1/m): min=0.774 max=0.978 mean=0.899
[POST-FIT RESIDUALS] epoch#307 (weighted, at solved states)
  DOPPLER n=12   |r| mean=0.2995 max=1.549
  PSR     n=60   |r| mean=2.145e+05 max=1.177e+06
[0m[INFO] [1788688211.961545627]: Latest ENU sigma [m]: E=1.3202 N=1.3332 U=4.1297[0m
Adjusted MaxTRNum : 2022. 
[ OPT SUMMARY] Window=5 epochs | Variables=35 | TRDDCP=1 PSR=60 DOPPLER=4 | Time=17.4 ms
[ OPT EFFECT] cost 6.492e+07 -> 1.287e+07 | |Δpos_solve|=5.5698 m | FGO-SPP gap=1.9035 m
[1;32mCURRENT POS | [31.40263631, 121.26444923, 24.213]| VEL:[-0.59, -0.78, -0.01][0m 
Ingested new data for time frame 14650212560.04 with 28 observations.
  Systems: G=7 R=6 E=7 C=8 | L1=28 L2=15 Dual=15
[DOPPLER FACTOR] Added 4 .
[  PSR   FACTOR] Added 60 | weight(1/m): min=0.794 max=0.988 mean=0.902
[POST-FIT RESIDUALS] epoch#308 (weighted, at solved states)
  DOPPLER n=12   |r| mean=0.2885 max=1.168
  PSR     n=60   |r| mean=2.162e+05 max=1.189e+06
[0m[INFO] [1788688212.959881906]: Latest ENU sigma [m]: E=1.2667 N=0.8368 U=3.3958[0m
Adjusted MaxTRNum : 7344. 
[ OPT SUMMARY] Window=5 epochs | Variables=35 | TRDDCP=1 PSR=60 DOPPLER=4 | Time=13.8 ms
[ OPT EFFECT] cost 6.518e+07 -> 1.297e+07 | |Δpos_solve|=4.2823 m | FGO-SPP gap=2.4545 m
[1;32mCURRENT POS | [31.40264089, 121.26444562, 23.793]| VEL:[-0.78, -0.82, -0.24][0m 
Ingested new data for time frame 14650212570.04 with 28 observations.
  Systems: G=7 R=6 E=7 C=8 | L1=28 L2=14 Dual=14
[DOPPLER FACTOR] Added 4 .
[  PSR   FACTOR] Added 60 | weight(1/m): min=0.459 max=0.98 mean=0.891
[POST-FIT RESIDUALS] epoch#309 (weighted, at solved states)
  DOPPLER n=12   |r| mean=0.1694 max=0.6535
  PSR     n=60   |r| mean=2.18e+05 max=1.179e+06
[0m[INFO] [1788688213.965079936]: Latest ENU sigma [m]: E=1.3628 N=1.3408 U=4.2515[0m
Adjusted MaxTRNum : 28630. 
[ OPT SUMMARY] Window=5 epochs | Variables=35 | TRDDCP=1 PSR=60 DOPPLER=4 | Time=12.8 ms
[ OPT EFFECT] cost 6.44e+07 -> 1.308e+07 | |Δpos_solve|=2.5147 m | FGO-SPP gap=1.4823 m
[1;32mCURRENT POS | [31.40263820, 121.26446908, 25.575]| VEL:[-0.58, -0.68, -0.07][0m 
Ingested new data for time frame 14650212580.04 with 28 observations.
  Systems: G=7 R=6 E=7 C=8 | L1=28 L2=15 Dual=15
[DOPPLER FACTOR] Added 4 .
[  PSR   FACTOR] Added 60 | weight(1/m): min=0.456 max=0.968 mean=0.892
[POST-FIT RESIDUALS] epoch#310 (weighted, at solved states)
  DOPPLER n=12   |r| mean=0.2203 max=0.9474
  PSR     n=60   |r| mean=2.162e+05 max=1.166e+06
[0m[INFO] [1788688214.960567652]: Latest ENU sigma [m]: E=1.3464 N=1.3492 U=4.0683[0m
Adjusted MaxTRNum : 102572. 
[ OPT SUMMARY] Window=5 epochs | Variables=35 | TRDDCP=1 PSR=60 DOPPLER=4 | Time=14.0 ms
[ OPT EFFECT] cost 6.446e+07 -> 1.297e+07 | |Δpos_solve|=3.6029 m | FGO-SPP gap=2.0929 m
[1;32mCURRENT POS | [31.40263422, 121.26450372, 28.010]| VEL:[-0.45, -0.45, -0.08][0m 
Ingested new data for time frame 14650212590.04 with 28 observations.
  Systems: G=7 R=6 E=7 C=8 | L1=28 L2=14 Dual=14
[DOPPLER FACTOR] Added 4 .
[  PSR   FACTOR] Added 60 | weight(1/m): min=0.467 max=0.984 mean=0.878
[POST-FIT RESIDUALS] epoch#311 (weighted, at solved states)
  DOPPLER n=12   |r| mean=0.3286 max=2.091
  PSR     n=60   |r| mean=2.186e+05 max=1.185e+06
[0m[INFO] [1788688215.962527322]: Latest ENU sigma [m]: E=1.4111 N=1.1054 U=4.1752[0m
Adjusted MaxTRNum : 265439. 
[ OPT SUMMARY] Window=5 epochs | Variables=35 | TRDDCP=1 PSR=60 DOPPLER=4 | Time=19.3 ms
[ OPT EFFECT] cost 6.349e+07 -> 1.311e+07 | |Δpos_solve|=6.3986 m | FGO-SPP gap=4.8109 m
[1;32mCURRENT POS | [31.40264338, 121.26450613, 28.439]| VEL:[-0.14, -0.10, 0.29][0m 
Ingested new data for time frame 14650212600.04 with 28 observations.
  Systems: G=7 R=6 E=7 C=8 | L1=27 L2=14 Dual=13
[DOPPLER FACTOR] Added 4 .
[  PSR   FACTOR] Added 60 | weight(1/m): min=0.457 max=0.979 mean=0.884
[POST-FIT RESIDUALS] epoch#312 (weighted, at solved states)
  DOPPLER n=12   |r| mean=0.2548 max=1.25
  PSR     n=60   |r| mean=2.087e+05 max=1.179e+06
[0m[INFO] [1788688216.963416527]: Latest ENU sigma [m]: E=1.3675 N=1.3972 U=4.5924[0m
Adjusted MaxTRNum : 877369. 
[ OPT SUMMARY] Window=5 epochs | Variables=35 | TRDDCP=1 PSR=60 DOPPLER=4 | Time=15.1 ms
[ OPT EFFECT] cost 6.389e+07 -> 1.252e+07 | |Δpos_solve|=4.0456 m | FGO-SPP gap=1.7637 m
[1;32mCURRENT POS | [31.40264747, 121.26449657, 29.178]| VEL:[0.10, -0.20, 0.02][0m 
Ingested new data for time frame 14650212610.04 with 28 observations.
  Systems: G=7 R=6 E=7 C=8 | L1=27 L2=15 Dual=14
[DOPPLER FACTOR] Added 4 .
[  PSR   FACTOR] Added 60 | weight(1/m): min=0.469 max=0.962 mean=0.887
[POST-FIT RESIDUALS] epoch#313 (weighted, at solved states)
  DOPPLER n=12   |r| mean=0.2721 max=0.7681
  PSR     n=60   |r| mean=2.078e+05 max=1.159e+06
[0m[INFO] [1788688217.980432204]: Latest ENU sigma [m]: E=1.7391 N=1.5275 U=5.4942[0m
Adjusted MaxTRNum : 1977969. 
[ OPT SUMMARY] Window=5 epochs | Variables=35 | TRDDCP=1 PSR=60 DOPPLER=4 | Time=22.2 ms
[ OPT EFFECT] cost 6.416e+07 -> 1.247e+07 | |Δpos_solve|=3.5072 m | FGO-SPP gap=2.2907 m
[1;32mCURRENT POS | [31.40266926, 121.26446099, 34.989]| VEL:[0.07, -0.32, 0.02][0m 
Ingested new data for time frame 14650212620.04 with 27 observations.
  Systems: G=7 R=6 E=7 C=7 | L1=26 L2=14 Dual=13
[DOPPLER FACTOR] Added 4 .
[  PSR   FACTOR] Added 60 | weight(1/m): min=0.441 max=0.89 mean=0.767
[POST-FIT RESIDUALS] epoch#314 (weighted, at solved states)
  DOPPLER n=12   |r| mean=0.4849 max=1.882
  PSR     n=60   |r| mean=1.869e+05 max=1.072e+06
[0m[INFO] [1788688218.972152603]: Latest ENU sigma [m]: E=1.9884 N=1.2613 U=4.5817[0m
Adjusted MaxTRNum : 5115445. 
[ OPT SUMMARY] Window=5 epochs | Variables=35 | TRDDCP=1 PSR=60 DOPPLER=4 | Time=19.3 ms
[ OPT EFFECT] cost 5.546e+07 -> 1.121e+07 | |Δpos_solve|=9.3134 m | FGO-SPP gap=9.7607 m
[1;32mCURRENT POS | [31.40268305, 121.26443682, 35.159]| VEL:[0.35, -0.56, 0.34][0m 
Ingested new data for time frame 14650212630.04 with 28 observations.
  Systems: G=7 R=6 E=7 C=8 | L1=27 L2=14 Dual=13
[DOPPLER FACTOR] Added 4 .
[  PSR   FACTOR] Added 60 | weight(1/m): min=0.46 max=1 mean=0.9
[POST-FIT RESIDUALS] epoch#315 (weighted, at solved states)
  DOPPLER n=12   |r| mean=0.2972 max=1.477
  PSR     n=60   |r| mean=2.08e+05 max=1.161e+06
[0m[INFO] [1788688219.977639887]: Latest ENU sigma [m]: E=1.4270 N=1.4943 U=5.3873[0m
Adjusted MaxTRNum : 9654258. 
[ OPT SUMMARY] Window=5 epochs | Variables=35 | TRDDCP=1 PSR=60 DOPPLER=4 | Time=26.5 ms
[ OPT EFFECT] cost 6.506e+07 -> 1.248e+07 | |Δpos_solve|=6.3125 m | FGO-SPP gap=5.7306 m
[1;32mCURRENT POS | [31.40270129, 121.26443139, 41.230]| VEL:[0.24, 0.03, 1.05][0m 
Ingested new data for time frame 14650212640.04 with 28 observations.
  Systems: G=7 R=6 E=7 C=8 | L1=27 L2=14 Dual=13
[DOPPLER FACTOR] Added 4 .
[  PSR   FACTOR] Added 60 | weight(1/m): min=0.804 max=1 mean=0.903
[POST-FIT RESIDUALS] epoch#316 (weighted, at solved states)
  DOPPLER n=12   |r| mean=0.2816 max=1.744
  PSR     n=60   |r| mean=2.164e+05 max=1.161e+06
[0m[INFO] [1788688220.963809204]: Latest ENU sigma [m]: E=1.4715 N=1.5863 U=6.1286[0m
Adjusted MaxTRNum : 24692597. 
[ OPT SUMMARY] Window=5 epochs | Variables=35 | TRDDCP=1 PSR=60 DOPPLER=4 | Time=19.5 ms
[ OPT EFFECT] cost 6.531e+07 -> 1.298e+07 | |Δpos_solve|=6.8232 m | FGO-SPP gap=5.6184 m
[1;32mCURRENT POS | [31.40270445, 121.26443686, 43.922]| VEL:[0.60, -0.51, 0.45][0m 
Ingested new data for time frame 14650212650.04 with 28 observations.
  Systems: G=7 R=6 E=7 C=8 | L1=27 L2=14 Dual=13
[DOPPLER FACTOR] Added 4 .
[  PSR   FACTOR] Added 60 | weight(1/m): min=0.806 max=1 mean=0.909
[POST-FIT RESIDUALS] epoch#317 (weighted, at solved states)
  DOPPLER n=12   |r| mean=0.1889 max=1.284
  PSR     n=60   |r| mean=2.204e+05 max=1.178e+06
[0m[INFO] [1788688221.968841848]: Latest ENU sigma [m]: E=1.4659 N=1.5567 U=5.9269[0m
Adjusted MaxTRNum : 78031983. 
[ OPT SUMMARY] Window=5 epochs | Variables=35 | TRDDCP=1 PSR=60 DOPPLER=4 | Time=15.8 ms
[ OPT EFFECT] cost 6.576e+07 -> 1.323e+07 | |Δpos_solve|=6.2368 m | FGO-SPP gap=4.4240 m
[1;32mCURRENT POS | [31.40270471, 121.26445126, 41.227]| VEL:[0.73, -0.54, 0.82][0m 
Ingested new data for time frame 14650212660.04 with 28 observations.
  Systems: G=7 R=6 E=7 C=8 | L1=26 L2=14 Dual=12
[DOPPLER FACTOR] Added 4 .
[  PSR   FACTOR] Added 60 | weight(1/m): min=0.826 max=1 mean=0.92
[POST-FIT RESIDUALS] epoch#318 (weighted, at solved states)
  DOPPLER n=12   |r| mean=0.221 max=1.122
  PSR     n=60   |r| mean=2.213e+05 max=1.171e+06
[0m[INFO] [1788688222.956868882]: Latest ENU sigma [m]: E=1.4509 N=1.5164 U=5.6377[0m
Adjusted MaxTRNum : 241703753. 
[ OPT SUMMARY] Window=5 epochs | Variables=35 | TRDDCP=1 PSR=60 DOPPLER=4 | Time=16.1 ms
[ OPT EFFECT] cost 6.653e+07 -> 1.328e+07 | |Δpos_solve|=5.8517 m | FGO-SPP gap=2.9908 m
[1;32mCURRENT POS | [31.40269423, 121.26446895, 35.475]| VEL:[0.31, 0.12, 1.06][0m 
Ingested new data for time frame 14650212670.04 with 28 observations.
  Systems: G=7 R=6 E=7 C=8 | L1=26 L2=14 Dual=12
[DOPPLER FACTOR] Added 4 .
[  PSR   FACTOR] Added 60 | weight(1/m): min=0.801 max=1 mean=0.909
[POST-FIT RESIDUALS] epoch#319 (weighted, at solved states)
  DOPPLER n=12   |r| mean=0.2237 max=0.7958
  PSR     n=60   |r| mean=2.194e+05 max=1.206e+06
[0m[INFO] [1788688223.978879950]: Latest ENU sigma [m]: E=1.4631 N=1.5129 U=5.4583[0m
Adjusted MaxTRNum : 562672405. 
[ OPT SUMMARY] Window=5 epochs | Variables=35 | TRDDCP=1 PSR=60 DOPPLER=4 | Time=21.5 ms
[ OPT EFFECT] cost 6.575e+07 -> 1.316e+07 | |Δpos_solve|=4.5972 m | FGO-SPP gap=3.0021 m
[1;32mCURRENT POS | [31.40270376, 121.26445633, 34.779]| VEL:[0.35, -0.33, 0.94][0m 
Ingested new data for time frame 14650212680.04 with 29 observations.
  Systems: G=8 R=6 E=7 C=8 | L1=27 L2=14 Dual=12
[DOPPLER FACTOR] Added 4 .
[  PSR   FACTOR] Added 60 | weight(1/m): min=0.809 max=1 mean=0.914
[POST-FIT RESIDUALS] epoch#320 (weighted, at solved states)
  DOPPLER n=12   |r| mean=0.259 max=1.147
  PSR     n=60   |r| mean=2.221e+05 max=1.206e+06
[0m[INFO] [1788688224.967774089]: Latest ENU sigma [m]: E=1.4541 N=1.5043 U=5.4449[0m
Adjusted MaxTRNum : 1245534340. 
[ OPT SUMMARY] Window=5 epochs | Variables=35 | TRDDCP=1 PSR=60 DOPPLER=4 | Time=22.6 ms
[ OPT EFFECT] cost 6.615e+07 -> 1.333e+07 | |Δpos_solve|=5.9098 m | FGO-SPP gap=4.3012 m
[1;32mCURRENT POS | [31.40270656, 121.26445848, 37.751]| VEL:[0.63, -0.63, 0.59][0m 
Ingested new data for time frame 14650212690.04 with 29 observations.
  Systems: G=8 R=6 E=7 C=8 | L1=27 L2=14 Dual=12
[DOPPLER FACTOR] Added 4 .
[  PSR   FACTOR] Added 60 | weight(1/m): min=0.817 max=0.97 mean=0.916
[POST-FIT RESIDUALS] epoch#321 (weighted, at solved states)
  DOPPLER n=12   |r| mean=0.3057 max=0.6439
  PSR     n=60   |r| mean=2.214e+05 max=1.169e+06
[0m[INFO] [1788688225.962744131]: Latest ENU sigma [m]: E=1.4487 N=1.0352 U=3.8270[0m
Adjusted MaxTRNum : 60. 
[ OPT SUMMARY] Window=5 epochs | Variables=35 | TRDDCP=1 PSR=60 DOPPLER=4 | Time=15.0 ms
[ OPT EFFECT] cost 6.629e+07 -> 1.328e+07 | |Δpos_solve|=5.8250 m | FGO-SPP gap=4.1636 m
[1;32mCURRENT POS | [31.40271934, 121.26444882, 37.271]| VEL:[0.33, -0.27, 0.77][0m 
Ingested new data for time frame 14650212700.04 with 30 observations.
  Systems: G=9 R=6 E=7 C=8 | L1=28 L2=14 Dual=12
[DOPPLER FACTOR] Added 4 .
[  PSR   FACTOR] Added 60 | weight(1/m): min=0.809 max=0.986 mean=0.921
[POST-FIT RESIDUALS] epoch#322 (weighted, at solved states)
  DOPPLER n=12   |r| mean=0.336 max=1.085
  PSR     n=60   |r| mean=2.228e+05 max=1.189e+06
[0m[INFO] [1788688226.966675612]: Latest ENU sigma [m]: E=1.3926 N=1.3416 U=4.2254[0m
Adjusted MaxTRNum : 166. 
[ OPT SUMMARY] Window=5 epochs | Variables=35 | TRDDCP=1 PSR=60 DOPPLER=4 | Time=18.0 ms
[ OPT EFFECT] cost 6.669e+07 -> 1.337e+07 | |Δpos_solve|=5.7826 m | FGO-SPP gap=3.6286 m
[1;32mCURRENT POS | [31.40273114, 121.26443817, 41.895]| VEL:[0.33, -0.34, 0.89][0m 
Ingested new data for time frame 14650212710.04 with 29 observations.
  Systems: G=8 R=6 E=7 C=8 | L1=27 L2=14 Dual=12
[DOPPLER FACTOR] Added 4 .
[  PSR   FACTOR] Added 60 | weight(1/m): min=0.48 max=0.979 mean=0.915
[POST-FIT RESIDUALS] epoch#323 (weighted, at solved states)
  DOPPLER n=12   |r| mean=0.3996 max=1.17
  PSR     n=60   |r| mean=2.231e+05 max=1.181e+06
[0m[INFO] [1788688227.968859274]: Latest ENU sigma [m]: E=1.4772 N=1.1655 U=4.2311[0m
Adjusted MaxTRNum : 532. 
[ OPT SUMMARY] Window=5 epochs | Variables=35 | TRDDCP=1 PSR=60 DOPPLER=4 | Time=15.6 ms
[ OPT EFFECT] cost 6.626e+07 -> 1.339e+07 | |Δpos_solve|=6.7723 m | FGO-SPP gap=5.9319 m
[1;32mCURRENT POS | [31.40273715, 121.26442636, 39.616]| VEL:[0.66, -0.55, 0.68][0m 
Ingested new data for time frame 14650212720.04 with 30 observations.
  Systems: G=9 R=6 E=7 C=8 | L1=28 L2=14 Dual=12
[DOPPLER FACTOR] Added 4 .
[  PSR   FACTOR] Added 60 | weight(1/m): min=0.808 max=0.982 mean=0.913
[POST-FIT RESIDUALS] epoch#324 (weighted, at solved states)
  DOPPLER n=12   |r| mean=0.4582 max=2.005
  PSR     n=60   |r| mean=2.209e+05 max=1.185e+06
[0m[INFO] [1788688228.965377295]: Latest ENU sigma [m]: E=1.4189 N=1.2201 U=3.8903[0m
Adjusted MaxTRNum : 1967. 
[ OPT SUMMARY] Window=5 epochs | Variables=35 | TRDDCP=1 PSR=60 DOPPLER=4 | Time=13.5 ms
[ OPT EFFECT] cost 6.609e+07 -> 1.326e+07 | |Δpos_solve|=8.0040 m | FGO-SPP gap=6.8920 m
[1;32mCURRENT POS | [31.40275713, 121.26441339, 36.424]| VEL:[0.38, 0.01, 0.95][0m 
Ingested new data for time frame 14650212730.04 with 29 observations.
  Systems: G=9 R=6 E=7 C=7 | L1=26 L2=15 Dual=12
[DOPPLER FACTOR] Added 4 .
[  PSR   FACTOR] Added 60 | weight(1/m): min=0.469 max=0.977 mean=0.91
[POST-FIT RESIDUALS] epoch#325 (weighted, at solved states)
  DOPPLER n=12   |r| mean=0.4198 max=1.71
  PSR     n=60   |r| mean=2.115e+05 max=1.179e+06
[0m[INFO] [1788688229.974029663]: Latest ENU sigma [m]: E=1.3897 N=1.3915 U=4.5126[0m
Adjusted MaxTRNum : 4395. 
[ OPT SUMMARY] Window=5 epochs | Variables=35 | TRDDCP=1 PSR=60 DOPPLER=4 | Time=22.4 ms
[ OPT EFFECT] cost 6.589e+07 -> 1.269e+07 | |Δpos_solve|=7.5548 m | FGO-SPP gap=5.2681 m
[1;32mCURRENT POS | [31.40276348, 121.26439629, 38.553]| VEL:[0.56, -0.46, 0.90][0m 
Ingested new data for time frame 14650212740.04 with 29 observations.
  Systems: G=8 R=6 E=7 C=8 | L1=27 L2=15 Dual=13
[DOPPLER FACTOR] Added 4 .
[  PSR   FACTOR] Added 60 | weight(1/m): min=0.48 max=0.971 mean=0.917
[POST-FIT RESIDUALS] epoch#326 (weighted, at solved states)
  DOPPLER n=12   |r| mean=0.4896 max=1.531
  PSR     n=60   |r| mean=2.2[33m[WARN] [1788688234.975302620]: [FGO Guard] state jumped 11368561 m from SPP init, fallback (solver divergence)[0m
[33m[WARN] [1788688235.973332549]: [FGO Guard] state jumped 3882421 m from SPP init, fallback (solver divergence)[0m
4e+05 max=1.172e+06
[0m[INFO] [1788688230.964513373]: Latest ENU sigma [m]: E=1.4277 N=1.2057 U=4.3162[0m
Adjusted MaxTRNum : 11971. 
[ OPT SUMMARY] Window=5 epochs | Variables=35 | TRDDCP=1 PSR=60 DOPPLER=4 | Time=18.4 ms
[ OPT EFFECT] cost 6.638e+07 -> 1.344e+07 | |Δpos_solve|=10.1747 m | FGO-SPP gap=8.3863 m
[1;32mCURRENT POS | [31.40277531, 121.26440188, 38.138]| VEL:[0.34, -0.59, 0.71][0m 
Ingested new data for time frame 14650212750.04 with 29 observations.
  Systems: G=8 R=6 E=7 C=8 | L1=27 L2=14 Dual=12
[DOPPLER FACTOR] Added 4 .
[  PSR   FACTOR] Added 60 | weight(1/m): min=0.819 max=0.985 mean=0.917
[POST-FIT RESIDUALS] epoch#327 (weighted, at solved states)
  DOPPLER n=12   |r| mean=0.6454 max=2.454
  PSR     n=60   |r| mean=2.219e+05 max=1.189e+06
[0m[INFO] [1788688231.975792873]: Latest ENU sigma [m]: E=1.3506 N=1.3270 U=4.2653[0m
Adjusted MaxTRNum : 20606. 
[ OPT SUMMARY] Window=5 epochs | Variables=35 | TRDDCP=1 PSR=60 DOPPLER=4 | Time=29.0 ms
[ OPT EFFECT] cost 6.639e+07 -> 1.331e+07 | |Δpos_solve|=9.0503 m | FGO-SPP gap=7.5423 m
[1;32mCURRENT POS | [31.40279027, 121.26441229, 38.101]| VEL:[0.27, -0.22, 0.73][0m 
Ingested new data for time frame 14650212760.04 with 29 observations.
  Systems: G=8 R=6 E=7 C=8 | L1=27 L2=14 Dual=12
[DOPPLER FACTOR] Added 4 .
[  PSR   FACTOR] Added 60 | weight(1/m): min=0.468 max=0.972 mean=0.895
[POST-FIT RESIDUALS] epoch#328 (weighted, at solved states)
  DOPPLER n=12   |r| mean=0.3977 max=1.524
  PSR     n=60   |r| mean=2.175e+05 max=1.173e+06
[0m[INFO] [1788688232.984903078]: Latest ENU sigma [m]: E=1.3761 N=1.3914 U=4.6220[0m
Adjusted MaxTRNum : 42281. 
[ OPT SUMMARY] Window=5 epochs | Variables=35 | TRDDCP=1 PSR=60 DOPPLER=4 | Time=24.4 ms
[ OPT EFFECT] cost 6.48e+07 -> 1.305e+07 | |Δpos_solve|=7.4609 m | FGO-SPP gap=5.3029 m
[1;32mCURRENT POS | [31.40279567, 121.26442418, 30.004]| VEL:[0.17, 0.10, 1.11][0m 
Ingested new data for time frame 14650212770.04 with 28 observations.
  Systems: G=7 R=6 E=7 C=8 | L1=24 L2=14 Dual=10
[DOPPLER FACTOR] Added 4 .
[  PSR   FACTOR] Added 60 | weight(1/m): min=0.468 max=0.969 mean=0.9
[POST-FIT RESIDUALS] epoch#329 (weighted, at solved states)
  DOPPLER n=12   |r| mean=0.446 max=1.609
  PSR     n=60   |r| mean=2.197e+05 max=1.169e+06
[0m[INFO] [1788688233.976157509]: Latest ENU sigma [m]: E=1.4569 N=1.4536 U=5.0611[0m
Adjusted MaxTRNum : 94296. 
[ OPT SUMMARY] Window=5 epochs | Variables=35 | TRDDCP=1 PSR=60 DOPPLER=4 | Time=22.4 ms
[ OPT EFFECT] cost 6.52e+07 -> 1.318e+07 | |Δpos_solve|=8.2081 m | FGO-SPP gap=6.9062 m
[1;32mCURRENT POS | [31.40281409, 121.26439687, 33.175]| VEL:[0.85, -0.66, 0.81][0m 
Ingested new data for time frame 14650212780.04 with 27 observations.
  Systems: G=7 R=6 E=7 C=7 | L1=25 L2=14 Dual=12
[DOPPLER FACTOR] Added 4 .
[  PSR   FACTOR] Added 60 | weight(1/m): min=0.457 max=0.968 mean=0.895
[POST-FIT RESIDUALS] epoch#330 (weighted, at solved states)
  DOPPLER n=12   |r| mean=3.157 max=6.726
  PSR     n=60   |r| mean=2.143e+06 max=1.886e+07
[0m[INFO] [1788688234.978364062]: Latest ENU sigma [m]: E=9.5176 N=9.4476 U=11.3604[0m
Adjusted MaxTRNum : 175999. 
[ OPT SUMMARY] Window=5 epochs | Variables=35 | TRDDCP=1 PSR=60 DOPPLER=4 | Time=26.8 ms
[ OPT EFFECT] cost 9.219e+07 -> 3.228e+07 | |Δpos_solve|=11368559.9469 m | FGO-SPP gap=0.0000 m
[1;32mCURRENT POS | [31.40282465, 121.26438132, 35.367]| VEL:[0.26, -0.39, 0.62][0m 
Ingested new data for time frame 14650212790.04 with 28 observations.
  Systems: G=7 R=6 E=7 C=8 | L1=27 L2=14 Dual=13
[DOPPLER FACTOR] Added 4 .
[  PSR   FACTOR] Added 60 | weight(1/m): min=0.696 max=1 mean=0.833
[POST-FIT RESIDUALS] epoch#331 (weighted, at solved states)
  DOPPLER n=12   |r| mean=7.919e+05 max=2.038e+06
  PSR     n=60   |r| mean=9.279e+05 max=3.36e+06
[0m[INFO] [1788688235.976494445]: Latest ENU sigma [m]: E=2211.2195 N=2087.9250 U=4158.1748[0m
Adjusted MaxTRNum : 363099. 
[ OPT SUMMARY] Window=5 epochs | Variables=35 | TRDDCP=1 PSR=60 DOPPLER=4 | Time=24.2 ms
[ OPT EFFECT] cost 8.744e+07 -> 2.695e+07 | |Δpos_solve|=3882419.9133 m | FGO-SPP gap=0.00[33m[WARN] [1788688236.985800372]: [FGO Guard] state jumped 100 m from SPP init, fallback (solver divergence)[0m
E0906 17:50:37.965317 41327 covariance_impl.cc:827] Error: Covariance matrix is near rank deficient and the user did not specify a non-zeroCovariance::Options::null_space_rank to enable the computation of a Pseudo-Inverse. Reciprocal condition number: 0 min_reciprocal_condition_number: 1.95146e-40
[33m[WARN] [1788688237.965348168]: [FactorGraph::getCovarianceMatrixOfLatestEpoch] Covariance::Compute failed (length=5)[0m
00 m
[1;32mCURRENT POS | [31.40282142, 121.26441464, 32.565]| VEL:[0.13, 0.01, 1.20][0m 
Ingested new data for time frame 14650212800.04 with 28 observations.
  Systems: G=7 R=6 E=7 C=8 | L1=27 L2=14 Dual=13
[DOPPLER FACTOR] Added 4 .
[  PSR   FACTOR] Added 60 | weight(1/m): min=0.792 max=0.975 mean=0.908
[POST-FIT RESIDUALS] epoch#332 (weighted, at solved states)
  DOPPLER n=12   |r| mean=2.062e+04 max=4.752e+04
  PSR     n=60   |r| mean=7.164e+05 max=2.975e+07
[0m[INFO] [1788688236.988984234]: Latest ENU sigma [m]: E=11.4936 N=8.7620 U=19.5213[0m
Adjusted MaxTRNum : 589743. 
[ OPT SUMMARY] Window=5 epochs | Variables=35 | TRDDCP=1 PSR=60 DOPPLER=4 | Time=30.8 ms
[ OPT EFFECT] cost 9.592e+07 -> 4.313e+07 | |Δpos_solve|=99.4025 m | FGO-SPP gap=0.0000 m
[1;32mCURRENT POS | [31.40282363, 121.26444681, 35.576]| VEL:[0.38, -0.45, 0.75][0m 
Ingested new data for time frame 14650212810.04 with 27 observations.
  Systems: G=7 R=6 E=7 C=7 | L1=25 L2=13 Dual=12
[DOPPLER FACTOR] Added 4 .
[  PSR   FACTOR] Added 5 | weight(1/m): min=0.247 max=0.247 mean=0.247
[POST-FIT RESIDUALS] epoch#333 (weighted, at solved states)
  DOPPLER n=12   |r| mean=6.979e-08 max=1.446e-07
  PSR     n=5    |r| mean=8.216e+05 max=4.108e+06
Adjusted MaxTRNum : 2227944. 
[ OPT SUMMARY] Window=5 epochs | Variables=35 | TRDDCP=1 PSR=5 DOPPLER=4 | Time=13.2 ms
[ OPT EFFECT] cost 2.054e+07 -> 4.108e+06 | |Δpos_solve|=0.6861 m | FGO-SPP gap=4.1088 m
[1;32mCURRENT POS | [31.40283163, 121.26444745, 30.599]| VEL:[0.41, -0.31, 0.84][0m 
Ingested new data for time frame 14650212820.04 with 28 observations.
  Systems: G=7 R=6 E=7 C=8 | L1=26 L2=14 Dual=13
[DOPPLER FACTOR] Added 4 .
[  PSR   FACTOR] Added 60 | weight(1/m): min=0.761 max=0.893 mean=0.83
[POST-FIT RESIDUALS] epoch#334 (weighted, at solved states)
  DOPPLER n=12   |r| mean=1.087 max=4.843
  PSR     n=60   |r| mean=6.448e+05 max=2.772e+07
[0m[INFO] [1788688238.977797325]: Latest ENU sigma [m]: E=1.6048 N=1.6610 U=6.3894[0m
Adjusted MaxTRNum : 5800440. 
[ OPT SUMMARY] Window=5 epochs | Variables=35 | TRDDCP=1 PSR=60 DOPPLER=4 | Time=19.2 ms
[ OPT EFFECT] cost 8.687e+07 -> 3.869e+07 | |Δpos_solve|=17.2682 m | FGO-SPP gap=17.8804 m
[1;32mCURRENT POS | [31.40284392, 121.26441754, 30.356]| VEL:[0.37, 0.26, 1.02][0m 
Ingested new data for time frame 14650212830.04 with 28 observations.
  Systems: G=7 R=6 E=7 C=8 | L1=26 L2=14 Dual=13
[DOPPLER FACTOR] Added 4 .
[  PSR   FACTOR] Added 60 | weight(1/m): min=0.466 max=0.986 mean=0.912
[POST-FIT RESIDUALS] epoch#335 (weighted, at solved states)
  DOPPLER n=12   |r| mean=0.7137 max=3.57
  PSR     n=60   |r| mean=2.222e+05 max=1.191e+06
[0m[INFO] [1788688239.971247095]: Latest ENU sigma [m]: E=1.4169 N=1.5797 U=6.3282[0m
Adjusted MaxTRNum : 14899438. 
[ OPT SUMMARY] Window=5 epochs | Variables=35 | TRDDCP=1 PSR=60 DOPPLER=4 | Time=19.5 ms
[ OPT EFFECT] cost 6.61e+07 -> 1.333e+07 | |Δpos_solve|=13.0048 m | FGO-SPP gap=14.0286 m
[1;32mCURRENT POS | [31.40285711, 121.26442537, 32.843]| VEL:[0.58, -0.74, 0.52][0m 
Ingested new data for time frame 14650212840.04 with 28 observations.
  Systems: G=7 R=6 E=7 C=8 | L1=26 L2=14 Dual=12
[DOPPLER FACTOR] Added 4 .
[  PSR   FACTOR] Added 60 | weight(1/m): min=0.825 max=0.982 mean=0.924
[POST-FIT RESIDUALS] epoch#336 (weighted, at solved states)
  DOPPLER n=12   |r| mean=0.4183 max=2.164
  PSR     n=60   |r| mean=2.231e+05 max=1.186e+06
[0m[INFO] [1788688240.958334038]: Latest ENU sigma [m]: E=1.3964 N=1.5346 U=5.7372[0m
Adjusted MaxTRNum : 44670363. 
[ OPT SUMMARY] Window=5 epochs | Variables=35 | TRDDCP=1 PSR=60 DOPPLER=4 | Time=16.7 ms
[ OPT EFFECT] cost 6.695e+07 -> 1.339e+07 | |Δpos_solve|=8.9710 m | FGO-SPP gap=8.2925 m
[1;32mCURRENT POS | [31.40286201, 121.26444149, 30.792]| VEL:[-0.01, 0.14, 0.89][0m 
Ingested new data for time frame 14650212850.04 with 28 observations.
  Systems: G=7 R=6 E=7 C=8 | L1=26 L2=14 Dual=12
[DOPPLER FACTOR] Added 4 .
[  PSR   FACTOR] Added 60 | weight(1/m): min=0.809 max=0.973 mean=0.917
[POST-FIT RESIDUALS] epoch#337 (weighted, at solved states)
  DOPPLER n=12   |r| mean=0.4083 max=1.671
  PSR     n=60   |r| mean=2.214e+05 max=1.175e+06
[0m[INFO] [1788688241.965150112]: Latest ENU sigma [m]: E=1.3630 N=1.4513 U=5.0330[0m
Adjusted MaxTRNum : 129131638. 
[ OPT SUMMARY] Window=5 epochs | Variables=35 | TRDDCP=1 PSR=60 DOPPLER=4 | Time=17.3 ms
[ OPT EFFECT] cost 6.645e+07 -> 1.328e+07 | |Δpos_solve|=6.5435 m | FGO-SPP gap=6.0741 m
[1;32mCURRENT POS | [31.40286507, 121.26444472, 29.410]| VEL:[0.42, -0.64, 0.84][0m 
Ingested new data for time frame 14650212860.04 with 27 observations.
  Systems: G=7 R=6 E=6 C=8 | L1=25 L2=14 Dual=12
[DOPPLER FACTOR] Added 4 .
[  PSR   FACTOR] Added 60 | weight(1/m): min=0.81 max=0.975 mean=0.917
[POST-FIT RESIDUALS] epoch#338 (weighted, at solved states)
  DOPPLER n=12   |r| mean=0.4156 max=0.8704
  PSR     n=60   |r| mean=2.215e+05 max=1.178e+06
[0m[INFO] [1788688242.965448506]: Latest ENU sigma [m]: E=1.4159 N=1.4384 U=4.9508[0m
Adjusted MaxTRNum : 305910355. 
[ OPT SUMMARY] Window=5 epochs | Variables=35 | TRDDCP=1 PSR=60 DOPPLER=4 | Time=21.1 ms
[ OPT EFFECT] cost 6.649e+07 -> 1.329e+07 | |Δpos_solve|=8.1810 m | FGO-SPP gap=8.0689 m
[1;32mCURRENT POS | [31.40288777, 121.26442931, 33.694]| VEL:[0.65, -0.72, 0.67][0m 
Ingested new data for time frame 14650212870.04 with 29 observations.
  Systems: G=7 R=7 E=7 C=8 | L1=27 L2=13 Dual=11
[DOPPLER FACTOR] Added 4 .
[  PSR   FACTOR] Added 60 | weight(1/m): min=0.798 max=0.966 mean=0.915
[POST-FIT RESIDUALS] epoch#339 (weighted, at solved states)
  DOPPLER n=12   |r| mean=0.5874 max=2.365
  PSR     n=60   |r| mean=2.211e+05 max=1.168e+06
[0m[INFO] [1788688243.969493208]: Latest ENU sigma [m]: E=1.3817 N=1.4846 U=5.4641[0m
Adjusted MaxTRNum : 655287081. 
[ OPT SUMMARY] Window=5 epochs | Variables=35 | TRDDCP=1 PSR=60 DOPPLER=4 | Time=23.3 ms
[ OPT EFFECT] cost 6.631e+07 -> 1.327e+07 | |Δpos_solve|=12.9561 m | FGO-SPP gap=11.8860 m
[1;32mCURRENT POS | [31.40288933, 121.26443253, 28.883]| VEL:[0.55, -0.41, 0.86][0m 
Ingested new data for time frame 14650212880.04 with 28 observations.
  Systems: G=7 R=6 E=7 C=8 | L1=24 L2=14 Dual=11
[DOPPLER FACTOR] Added 4 .
[  PSR   FACTOR] Added 60 | weight(1/m): min=0.82 max=0.982 mean=0.912
[POST-FIT RESIDUALS] epoch#340 (weighted, at solved states)
  DOPPLER n=12   |r| mean=0.8012 max=3.063
  PSR     n=60   |r| mean=2.204e+05 max=1.187e+06
[0m[INFO] [1788688244.982387541]: Latest ENU sigma [m]: E=1.3854 N=1.5288 U=5.9003[0m
Adjusted MaxTRNum : 1390809990. 
[ OPT SUMMARY] Window=5 epochs | Variables=35 | TRDDCP=1 PSR=60 DOPPLER=4 | Time=23.6 ms
[ OPT EFFECT] cost 6.613e+07 -> 1.322e+07 | |Δpos_solve|=16.1357 m | FGO-SPP gap=15.7996 m
[1;32mCURRENT POS | [31.40290023, 121.26442310, 29.708]| VEL:[0.38, -0.11, 0.98][0m 
Ingested new data for time frame 14650212890.04 with 28 observations.
  Systems: G=7 R=6 E=7 C=8 | L1=25 L2=14 Dual=12
[DOPPLER FACTOR] Added 4 .
[  PSR   FACTOR] Added 60 | weight(1/m): min=0.803 max=0.974 mean=0.919
[POST-FIT RESIDUALS] epoch#341 (weighted, at solved states)
  DOPPLER n=12   |r| mean=0.6859 max=2.825
  PSR     n=60   |r| mean=2.222e+05 max=1.177e+06
[0m[INFO] [1788688245.969164202]: Latest ENU sigma [m]: E=1.3838 N=1.5251 U=5.8197[0m
Adjusted MaxTRNum : 60. 
[ OPT SUMMARY] Window=5 epochs | Variables=35 | TRDDCP=1 PSR=60 DOPPLER=4 | Time=26.3 ms
[ OPT EFFECT] cost 6.667e+07 -> 1.333e+07 | |Δpos_solve|=14.9104 m | FGO-SPP gap=14.0561 m
[1;32mCURRENT POS | [31.40290772, 121.26442380, 29.491]| VEL:[0.59, -0.32, 1.01][0m 
Ingested new data for time frame 14650212900.04 with 28 observations.
  Systems: G=7 R=6 E=7 C=8 | L1=25 L2=14 Dual=12
[DOPPLER FACTOR] Added 4 .
[  PSR   FACTOR] Added 60 | weight(1/m): min=0.803 max=0.983 mean=0.915
[POST-FIT RESIDUALS] epoch#342 (weighted, at solved states)
  DOPPLER n=12   |r| mean=0.6431 max=2.596
  PSR     n=60   |r| mean=2.212e+05 max=1.188e+06
[0m[INFO] [1788688246.973952592]: Latest ENU sigma [m]: E=1.3890 N=1.5333 U=5.8472[0m
Adjusted MaxTRNum : 168. 
[ OPT SUMMARY] Window=5 epochs | Variables=35 | TRDDCP=1 PSR=60 DOPPLER=4 | Time=17.9 ms
[ OPT EFFECT] cost 6.637e+07 -> 1.327e+07[33m[WARN] [1788688247.964730775]: [FGO Guard] state jumped 16128 m from SPP init, fallback (solver divergence)[0m
[33m[WARN] [1788688250.979216021]: [FGO Guard] state jumped 7447352 m from SPP init, fallback (solver divergence)[0m
 | |Δpos_solve|=13.6780 m | FGO-SPP gap=12.9657 m
[1;32mCURRENT POS | [31.40291655, 121.26441981, 31.311]| VEL:[0.48, -0.26, 0.68][0m 
Ingested new data for time frame 14650212910.04 with 28 observations.
  Systems: G=7 R=6 E=7 C=8 | L1=25 L2=14 Dual=12
[DOPPLER FACTOR] Added 4 .
[  PSR   FACTOR] Added 60 | weight(1/m): min=0.811 max=0.977 mean=0.921
[POST-FIT RESIDUALS] epoch#343 (weighted, at solved states)
  DOPPLER n=12   |r| mean=1.525e+05 max=3.921e+05
  PSR     n=60   |r| mean=3.998e+05 max=1.019e+07
[0m[INFO] [1788688247.967896099]: Latest ENU sigma [m]: E=129.8048 N=122.9877 U=302.9527[0m
Adjusted MaxTRNum : 372. 
[ OPT SUMMARY] Window=5 epochs | Variables=35 | TRDDCP=1 PSR=60 DOPPLER=4 | Time=22.5 ms
[ OPT EFFECT] cost 7.966e+07 -> 2.495e+07 | |Δpos_solve|=16127.1602 m | FGO-SPP gap=0.0000 m
[1;32mCURRENT POS | [31.40292270, 121.26442324, 32.035]| VEL:[0.49, -0.40, 0.81][0m 
Ingested new data for time frame 14650212920.04 with 28 observations.
  Systems: G=7 R=6 E=7 C=8 | L1=25 L2=14 Dual=12
[DOPPLER FACTOR] Added 4 .
[  PSR   FACTOR] Added 60 | weight(1/m): min=0.792 max=0.974 mean=0.911
[POST-FIT RESIDUALS] epoch#344 (weighted, at solved states)
  DOPPLER n=12   |r| mean=0.3535 max=1.744
  PSR     n=60   |r| mean=2.203e+05 max=1.177e+06
[0m[INFO] [1788688248.970455011]: Latest ENU sigma [m]: E=1.3167 N=1.4114 U=4.8002[0m
Adjusted MaxTRNum : 703. 
[ OPT SUMMARY] Window=5 epochs | Variables=35 | TRDDCP=1 PSR=60 DOPPLER=4 | Time=26.4 ms
[ OPT EFFECT] cost 6.61e+07 -> 1.322e+07 | |Δpos_solve|=6.7756 m | FGO-SPP gap=5.9977 m
[1;32mCURRENT POS | [31.40293532, 121.26440277, 33.369]| VEL:[0.21, -0.68, 0.62][0m 
Ingested new data for time frame 14650212930.04 with 29 observations.
  Systems: G=7 R=6 E=8 C=8 | L1=24 L2=14 Dual=11
[DOPPLER FACTOR] Added 4 .
[  PSR   FACTOR] Added 60 | weight(1/m): min=0.831 max=0.97 mean=0.913
[POST-FIT RESIDUALS] epoch#345 (weighted, at solved states)
  DOPPLER n=12   |r| mean=0.3411 max=2.071
  PSR     n=60   |r| mean=2.207e+05 max=1.173e+06
[0m[INFO] [1788688249.966413488]: Latest ENU sigma [m]: E=1.3633 N=1.4543 U=5.2945[0m
Adjusted MaxTRNum : 2283. 
[ OPT SUMMARY] Window=5 epochs | Variables=35 | TRDDCP=1 PSR=60 DOPPLER=4 | Time=15.4 ms
[ OPT EFFECT] cost 6.624e+07 -> 1.324e+07 | |Δpos_solve|=7.6876 m | FGO-SPP gap=6.5908 m
[1;32mCURRENT POS | [31.40294510, 121.26440855, 35.947]| VEL:[0.36, -0.50, 0.71][0m 
Ingested new data for time frame 14650212940.04 with 29 observations.
  Systems: G=7 R=6 E=8 C=8 | L1=25 L2=14 Dual=12
[DOPPLER FACTOR] Added 4 .
[  PSR   FACTOR] Added 60 | weight(1/m): min=0.821 max=0.972 mean=0.926
[POST-FIT RESIDUALS] epoch#346 (weighted, at solved states)
  DOPPLER n=12   |r| mean=6.862e+05 max=1.762e+06
  PSR     n=60   |r| mean=1.457e+06 max=6.57e+06
[0m[INFO] [1788688250.982380851]: Latest ENU sigma [m]: E=2675.4590 N=2449.4212 U=4638.2610[0m
Adjusted MaxTRNum : 4447. 
[ OPT SUMMARY] Window=5 epochs | Variables=35 | TRDDCP=1 PSR=60 DOPPLER=4 | Time=25.7 ms
[ OPT EFFECT] cost 8.006e+07 -> 2.04e+07 | |Δpos_solve|=7447351.8392 m | FGO-SPP gap=0.0000 m
[1;32mCURRENT POS | [31.40295719, 121.26440541, 32.840]| VEL:[0.42, -0.56, 0.69][0m 
Ingested new data for time frame 14650212950.04 with 29 observations.
  Systems: G=7 R=6 E=8 C=8 | L1=25 L2=14 Dual=12
[DOPPLER FACTOR] Added 4 .
[  PSR   FACTOR] Added 60 | weight(1/m): min=0.632 max=0.915 mean=0.803
[POST-FIT RESIDUALS] epoch#347 (weighted, at solved states)
  DOPPLER n=12   |r| mean=0.333 max=1.711
  PSR     n=60   |r| mean=1.941e+05 max=1.106e+06
[0m[INFO] [1788688251.964040249]: Latest ENU sigma [m]: E=1.4866 N=1.5701 U=5.1119[0m
Adjusted MaxTRNum : 14285. 
[ OPT SUMMARY] Window=5 epochs | Variables=35 | TRDDCP=1 PSR=60 DOPPLER=4 | Time=15.6 ms
[ OPT EFFECT] cost 5.825e+07 -> 1.165e+07 | |Δpos_solve|=6.5232 m | FGO-SPP gap=4.6910 m
[1;32mCURRENT POS | [31.40295730, 121.26441232, 34.033]| VEL:[0.61, -0.83, 0.42][0m 
Ingested new data for time frame 14650212960.04 with 28 observations.
  Systems: G=7 R=6 E=7 C=8 | L1=25 L2=14 Dual=12
[DOPPLER FACTOR] Added 4 .
[  PSR   FACTOR] Added 60 | weight(1/m): min=0.831 max=0.961 mean=0.913
[POST-FIT RESIDUALS] epoch#348 (weighted, at solved states)
  DOPPLER n=12   |r| mean=0.2788 max=1.151
  PSR     n=60   |r| mean=2.208e+05 max=1.162e+06
[0m[INFO] [1788688252.972656281]: Latest ENU sigma [m]: E=1.3418 N=1.4232 U=4.9648[0m
Adjusted MaxTRNum : 29282. 
[ OPT SUMMARY] Window=5 epochs | Variables=35 | TRDDCP=1 PSR=60 DOPPLER=4 | Time=24.4 ms
[ OPT EFFECT] cost 6.627e+07 -> 1.325e+07 | |Δpos_solve|=5.6625 m | FGO-SPP gap=4.0079 m
[1;32mCURRENT POS | [31.40295809, 121.26442665, 31.619]| VEL:[0.23, -0.01, 0.95][0m 
Ingested new data for time frame 14650212970.04 with 28 observations.
  Systems: G=7 R=6 E=7 C=8 | L1=23 L2=14 Dual=12
[DOPPLER FACTOR] Added 4 .
[  PSR   FACTOR] Added 60 | weight(1/m): min=0.812 max=0.98 mean=0.924
[POST-FIT RESIDUALS] epoch#349 (weighted, at solved states)
  DOPPLER n=12   |r| mean=0.2569 max=0.7572
  PSR     n=60   |r| mean=2.236e+05 max=1.185e+06
[0m[INFO] [1788688253.959084592]: Latest ENU sigma [m]: E=1.3673 N=1.4300 U=4.8588[0m
Adjusted MaxTRNum : 95909. 
[ OPT SUMMARY] Window=5 epochs | Variables=35 | TRDDCP=1 PSR=60 DOPPLER=4 | Time=15.3 ms
[ OPT EFFECT] cost 6.708e+07 -> 1.341e+07 | |Δpos_solve|=4.8827 m | FGO-SPP gap=3.8659 m
[1;32mCURRENT POS | [31.40297674, 121.26439935, 28.617]| VEL:[0.14, -0.27, 1.28][0m 
Ingested new data for time frame 14650212980.04 with 28 observations.
  Systems: G=7 R=6 E=7 C=8 | L1=23 L2=14 Dual=11
[DOPPLER FACTOR] Added 4 .
[  PSR   FACTOR] Added 60 | weight(1/m): min=0.834 max=0.973 mean=0.933
[POST-FIT RESIDUALS] epoch#350 (weighted, at solved states)
  DOPPLER n=12   |r| mean=0.4091 max=2.047
  PSR     n=60   |r| mean=2.256e+05 max=1.177e+06
[0m[INFO] [1788688254.960916013]: Latest ENU sigma [m]: E=1.4773 N=1.1728 U=3.8328[0m
Adjusted MaxTRNum : 252640. 
[ OPT SUMMARY] Window=5 epochs | Variables=35 | TRDDCP=1 PSR=60 DOPPLER=4 | Time=19.0 ms
[ OPT EFFECT] cost 6.769e+07 -> 1.354e+07 | |Δpos_solve|=8.7886 m | FGO-SPP gap=8.1289 m
[1;32mCURRENT POS | [31.40298376, 121.26438700, 31.327]| VEL:[0.22, -0.49, 1.01][0m 
Ingested new data for time frame 14650212990.04 with 28 observations.
  Systems: G=7 R=6 E=7 C=8 | L1=23 L2=14 Dual=12
[DOPPLER FACTOR] Added 4 .
[  PSR   FACTOR] Added 60 | weight(1/m): min=0.816 max=0.983 mean=0.919
[POST-FIT RESIDUALS] epoch#351 (weighted, at solved states)
  DOPPLER n=12   |r| mean=0.3578 max=2.186
  PSR     n=60   |r| mean=2.231e+05 max=1.189e+06
[0m[INFO] [1788688255.975224604]: Latest ENU sigma [m]: E=1.6446 N=1.0456 U=3.4457[0m
Adjusted MaxTRNum : 455531. 
[ OPT SUMMARY] Window=5 epochs | Variables=35 | TRDDCP=1 PSR=60 DOPPLER=4 | Time=27.7 ms
[ OPT EFFECT] cost 6.675e+07 -> 1.338e+07 | |Δpos_solve|=7.4882 m | FGO-SPP gap=5.8977 m
[1;32mCURRENT POS | [31.40299497, 121.26438176, 28.919]| VEL:[0.41, -0.90, 0.63][0m 
Ingested new data for time frame 14650213000.04 with 28 observations.
  Systems: G=7 R=6 E=7 C=8 | L1=25 L2=14 Dual=12
[DOPPLER FACTOR] Added 4 .
[  PSR   FACTOR] Added 60 | weight(1/m): min=0.817 max=0.984 mean=0.923
[POST-FIT RESIDUALS] epoch#352 (weighted, at solved states)
  DOPPLER n=12   |r| mean=0.3571 max=1.482
  PSR     n=60   |r| mean=2.235e+05 max=1.191e+06
[0m[INFO] [1788688256.970870622]: Latest ENU sigma [m]: E=1.7195 N=1.3881 U=4.4850[0m
Adjusted MaxTRNum : 1241427. 
[ OPT SUMMARY] Window=5 epochs | Variables=35 | TRDDCP=1 PSR=60 DOPPLER=4 | Time=18.3 ms
[ OPT EFFECT] cost 6.703e+07 -> 1.341e+07 | |Δpos_solve|=6.5480 m | FGO-SPP gap=5.3183 m
[1;32mCURRENT POS | [31.40300207, 121.26441286, 32.782]| VEL:[0.03, 0.23, 1.20][0m 
Ingested new data for time frame 14650213010.04 with 28 observations.
  Systems: G=7 R=6 E=7 C=8 | L1=24 L2=14 Dual=12
[DOPPLER FACTOR] Added 4 .
[  PSR   FACTOR] Added 60 | weight(1/m): min=0.48 max=1 mean=0.924
[POST-FIT RESIDUALS] epoch#353 (weighted, at solved states)
  DOPPLER n=12   |r| mean=0.2782 max=1.425
  PSR     n=60   |r| mean=2.254e+05 max=1.181e+06
[0m[INFO] [1788688257.964015254]: Latest ENU sigma [m]: E=1.8596 N=0.8869 U=3.0332[0m
Adjusted MaxTRNum : 3500974. 
[ OPT SUMMARY] Window=5 epochs | Variables=35 | TRDDCP=1 PSR=60 DOPPLER=4 | Time=17.7 ms
[ OPT EFFECT] cost 6.712e+07 -> 1.353e+07 | |Δpos_solve|=5.1723 m | FGO-SPP gap=3.3050 m
[1;32mCURRENT POS | [31.40300959, 121.26439632, 28.929]| VEL:[0.71, -0.62, 0.61][0m 
Ingested new data for time frame 14650213020.04 with 28 observations.
  Systems: G=7 R=6 E=7 C=8 | L1=26 L2=14 Dual=12
[DOPPLER FACTOR] Added 4 .
[  PSR   FACTOR] Added 60 | weight(1/m): min=0.816 max=1 mean=0.924
[POST-FIT RESIDUALS] epoch#354 (weighted, at solved states)
  DOPPLER n=12   |r| mean=0.4159 max=1.771
  PSR     n=60   |r| mean=2.236e+05 max=1.189e+06
[0m[INFO] [1788688258.957540027]: Latest ENU sigma [m]: E=1.6913 N=0.8986 U=3.3941[0m
Adjusted MaxTRNum : 11416074. 
[ OPT SUMMARY] Window=5 epochs | Variables=35 | TRDDCP=1 PSR=60 DOPPLER=4 | Time=15.3 ms
[ OPT EFFECT] cost 6.712e+07 -> 1.342e+07 | |Δpos_solve|=4.0011 m | FGO-SPP gap=2.3209 m
[1;32mCURRENT POS | [31.40302201, 121.26438834, 27.301]| VEL:[0.50, -0.33, 0.64][0m 
Ingested new data for time frame 14650213030.04 with 28 observations.
  Systems: G=7 R=6 E=7 C=8 | L1=26 L2=14 Dual=12
[DOPPLER FACTOR] Added 4 .
[  PSR   FACTOR] Added 60 | weight(1/m): min=0.752 max=1 mean=0.914
[POST-FIT RESIDUALS] epoch#355 (weighted, at solved states)
  DOPPLER n=12   |r| mean=0.479 max=1.686
  PSR     n=60   |r| mean=2.199e+05 max=1.193e+06
[0m[INFO] [1788688259.969117050]: Latest ENU sigma [m]: E=1.6092 N=1.4706 U=5.3880[0m
Adjusted MaxTRNum : 32832925. 
[ OPT SUMMARY] Window=5 epochs | Variables=35 | TRDDCP=1 PSR=60 DOPPLER=4 | Time=17.4 ms
[ OPT EFFECT] cost 6.639e+07 -> 1.32e+07 | |Δpos_solve|=8.4353 m | FGO-SPP gap=7.3977 m
[1;32mCURRENT POS | [31.40303086, 121.26439694, 30.520]| VEL:[0.36, -0.53, 0.73][0m 
Ingested new data for time frame 14650213040.04 with 29 observations.
  Systems: G=7 R=6 E=8 C=8 | L1=27 L2=14 Dual=12
[DOPPLER FACTOR] Added 4 .
[  PSR   FACTOR] Added 60 | weight(1/m): min=0.789 max=1 mean=0.922
[POST-FIT RESIDUALS] epoch#356 (weighted, at solved states)
  DOPPLER n=12   |r| mean=0.5989 max=1.339
  PSR     n=60   |r| mean=2.227e+05 max=1.172e+06
[0m[INFO] [1788688260.969177902]: Latest ENU sigma [m]: E=1.7293 N=1.3207 U=4.2423[0m
Adjusted MaxTRNum : 84356790. 
[ OPT SUMMARY] Window=5 epochs | Variables=35 | TRDDCP=1 PSR=60 DOPPLER=4 | Time=19.5 ms
[ OPT EFFECT] cost 6.701e+07 -> 1.336e+07 | |Δpos_solve|=11.0155 m | FGO-SPP gap=11.4187 m
[1;32mCURRENT POS | [31.40303885, 121.26438827, 28.505]| VEL:[0.41, -0.25, 0.88][0m 
Ingested new data for time frame 14650213050.04 with 29 observations.
  Systems: G=7 R=6 E=8 C=8 | L1=26 L2=14 Dual=12
[DOPPLER FACTOR] Added 4 .
[  PSR   FACTOR] Added 60 | weight(1/m): min=0.786 max=1 mean=0.918
[POST-FIT RESIDUALS] epoch#357 (weighted, at solved states)
  DOPPLER n=12   |r| mean=0.6029 max=1.894
  PSR     n=60   |r| mean=2.23e+05 max=1.211e+06
[0m[INFO] [1788688261.971708589]: Latest ENU sigma [m]: E=1.5323 N=1.5356 U=5.6347[0m
Adjusted MaxTRNum : 204795827. 
[ OPT SUMMARY] Window=5 epochs | Variables=35 | TRDDCP=1 PSR=60 DOPPLER=4 | Time=20.6 ms
[ OPT EFFECT] cost 6.669e+07 -> 1.338e+07 | |Δpos_solve|=12.5205 m | FGO-SPP gap=11.4373 m
[1;32mCURRENT POS | [31.40304681, 121.26436959, 25.648]| VEL:[0.02, -0.15, 0.97][0m 
Ingested new data for time frame 14650213060.04 with 28 observations.
  Systems: G=7 R=6 E=7 C=8 | L1=24 L2=14 Dual=12
[DOPPLER FACTOR] Added 4 .
[  PSR   FACTOR] Added 60 | weight(1/m): min=0.802 max=1 mean=0.898
[POST-FIT RESIDUALS] epoch#358 (weighted, at solved states)
  DOPPLER n=12   |r| mean=1.151 max=5.122
  PSR     n=60   |r| mean=2.185e+05 max=1.211e+06
[0m[INFO] [1788688262.974825720]: Latest ENU sigma [m]: E=1.4966 N=1.5230 U=5.8396[0m
Adjusted MaxTRNum : 428952960. 
[ OPT SUMMARY] Window=5 epochs | Variables=35 | TRDDCP=1 PSR=60 DOPPLER=4 | Time=23.9 ms
[ OPT EFFECT] cost 6.525e+07 -> 1.311e+07 | |Δpos_solve|=21.2576 m | FGO-SPP gap=21.4830 m
[1;32mCURRENT POS | [31.40304998, 121.26439384, 26.504]| VEL:[0.43, -0.62, 0.54][0m 
Ingested new data for time frame 14650213070.04 with 28 observations.
  Systems: G=7 R=6 E=7 C=8 | L1=23 L2=14 Dual=11
[DOPPLER FACTOR] Added 4 .
[  PSR   FACTOR] Added 60 | weight(1/m): min=0.815 max=1 mean=0.901
[POST-FIT RESIDUALS] epoch#359 (weighted, at solved states)
  DOPPLER n=12   |r| mean=1.007 max=3.645
  PSR     n=60   |r| mean=2.175e+05 max=1.164e+06
[0m[INFO] [1788688263.971534292]: Latest ENU sigma [m]: E=1.4440 N=1.5860 U=6.1898[0m
Adjusted MaxTRNum : 836935823. 
[ OPT SUMMARY] Window=5 epochs | Variables=35 | TRDDCP=1 PSR=60 DOPPLER=4 | Time=25.6 ms
[ OPT EFFECT] cost 6.546e+07 -> 1.305e+07 | |Δpos_solve|=23.2738 m | FGO-SPP gap=23.5390 m
[1;32mCURRENT POS | [31.40306664, 121.26438571, 21.701]| VEL:[0.56, -0.41, 0.65][0m 
Ingested new data for time frame 14650213080.04 with 29 observations.
  Systems: G=7 R=6 E=8 C=8 | L1=28 L2=14 Dual=13
[DOPPLER FACTOR] Added 4 .
[  PSR   FACTOR] Added 60 | weight(1/m): min=0.818 max=1 mean=0.903
[POST-FIT RESIDUALS] epoch#360 (weighted, at solved states)
  DOPPLER n=12   |r| mean=0.4848 max=1.496
  PSR     n=60   |r| mean=2.181e+05 max=1.176e+06
[0m[INFO] [1788688264.964183967]: Latest ENU sigma [m]: E=1.4766 N=1.3621 U=4.7434[0m
Adjusted MaxTRNum : 1946952441. 
[ OPT SUMMARY] Window=5 epochs | Variables=35 | TRDDCP=1 PSR=60 DOPPLER=4 | Time=21.5 ms
[ OPT EFFECT] cost 6.563e+07 -> 1.309e+07 | |Δpos_solve|=10.1934 m | FGO-SPP gap=8.5594 m
[1;32mCURRENT POS | [31.40306799, 121.26439393, 23.934]| VEL:[0.40, -0.34, 0.91][0m 
Ingested new data for time frame 14650213090.04 with 29 observations.
  Systems: G=7 R=6 E=8 C=8 | L1=27 L2=14 Dual=13
[DOPPLER FACTOR] Added 4 .
[  PSR   FACTOR] Added 60 | weight(1/m): min=0.476 max=1 mean=0.908
[POST-FIT RESIDUALS] epoch#361 (weighted, at solved states)
  DOPPLER n=12   |r| mean=0.3385 max=1.664
  PSR     n=60   |r| mean=2.216e+05 max=1.176e+06
[0m[INFO] [1788688265.978010112]: Latest ENU sigma [m]: E=1.6228 N=0.9421 U=3.3414[0m
Adjusted MaxTRNum : 60. 
[ OPT SUMMARY] Window=5 epochs | Variables=35 | TRDDCP=1 PSR=60 DOPPLER=4 | Time=24.9 ms
[ OPT EFFECT] cost 6.599e+07 -> 1.329e+07 | |Δpos_solve|=6.2810 m | FGO-SPP gap=3.5552 m
[1;32mCURRENT POS | [31.40307930, 121.26441527, 25.341]| VEL:[0.43, -0.16, 1.08][0m 
Ingested new data for time frame 14650213100.04 with 29 observations.
  Systems: G=7 R=6 E=8 C=8 | L1=26 L2=14 Dual=12
[DOPPLER FACTOR] Added 4 .
[  PSR   FACTOR] Added 60 | weight(1/m): min=0.475 max=1 mean=0.914
[POST-FIT RESIDUALS] epoch#362 (weighted, at solved states)
  DOPPLER n=12   |r| mean=0.3578 max=0.8111
  PSR     n=60   |r| mean=2.236e+05 max=1.19e+06
[0m[INFO] [1788688266.986693544]: Latest ENU sigma [m]: E=1.5597 N=1.2187 U=3.8288[0m
Adjusted MaxTRNum : 82. 
[ OPT SUMMARY] Window=5 epochs | Variables=35 | TRDDCP=1 PSR=60 DOPPLER=4 | Time=36.4 ms
[ OPT EFFECT] cost 6.646e+07 -> 1.342e+07 | |Δpos_solve|=5.5565 m | FGO-SPP gap=3.3545 m
[1;32mCURRENT POS | [31.40308639, 121.26441553, 25.625]| VEL:[0.38, -0.35, 0.76][0m 
Ingested new data for time frame 14650213110.04 with 29 observations.
  Systems: G=7 R=6 E=8 C=8 | L1=27 L2=14 Dual=13
[DOPPLER FACTOR] Added 4 .
[  PSR   FACTOR] Added 60 | weight(1/m): min=0.825 max=1 mean=0.915
[POST-FIT RESIDUALS] epoch#363 (weighted, at solved states)
  DOPPLER n=12   |r| mean=0.6451 max=2.126
  PSR     n=60   |r| mean=2.231e+05 max=1.211e+06
[0m[INFO] [1788688267.979027692]: Latest ENU sigma [m]: E=1.3538 N=1.5042 U=5.1489[0m
Adjusted MaxTRNum : 156. 
[ OPT SUMMARY] Window=5 epochs | Variables=35 | TRDDCP=1 PSR=60 DOPPLER=4 | Time=26.1 ms
[ OPT EFFECT] cost 6.655e+07 -> 1.339e+07 | |Δpos_solve|=11.1458 m | FGO-SPP gap=10.8918 m
[1;32mCURRENT POS | [31.40309524, 121.26441622, 28.515]| VEL:[0.55, -0.27, 0.86][0m 
Ingested new data for time frame 14650213120.04 with 29 observations.
  Systems: G=7 R=6 E=8 C=8 | L1=25 L2=14 Dual=12
[DOPPLER FACTOR] Added 4 .
[  PSR   FACTOR] Added 60 | weight(1/m): min=0.795 max=0.97 mean=0.91
[POST-FIT RESIDUALS] epoch#364 (weighted, at solved states)
  DOPPLER n=12   |r| mean=0.7954 max=2.894
  PSR     n=60   |r| mean=2.207e+05 max=1.175e+06
[0m[INFO] [1788688268.986909825]: Latest ENU sigma [m]: E=1.3594 N=1.5297 U=5.7944[0m
Adjusted MaxTRNum : 263. 
[ OPT SUMMARY] Window=5 epochs | Variables=35 | TRDDCP=1 PSR=60 DOPPLER=4 | Time=29.6 ms
[ OPT EFFECT] cost 6.613e+07 -> 1.324e+07 | |Δpos_solve|=15.5319 m | FGO-SPP gap=16.0146 m
[1;32mCURRENT POS | [31.40310429, 121.26440434, 25.644]| VEL:[0.64, -0.57, 0.75][0m 
Ingested new data for time frame 14650213130.04 with 28 observations.
  Systems: G=7 R=6 E=8 C=7 | L1=24 L2=14 Dual=12
[DOPPLER FACTOR] Added 4 .
[  PSR   FACTOR] Added 60 | weight(1/m): min=0.799 max=0.97 mean=0.883
[POST-FIT RESIDUALS] epoch#365 (weighted, at solved states)
  DOPPLER n=12   |r| mean=0.9531 max=3.584
  PSR     n=60   |r| mean=2.14e+05 max=1.175e+06
[0m[INFO] [1788688269.963194621]: Latest ENU sigma [m]: E=1.7100 N=1.2650 U=4.7792[0m
Adjusted MaxTRNum : 693. 
[ OPT SUMMARY] Window=5 epochs | Variables=35 | TRDDCP=1 PSR=60 DOPPLER=4 | Time=19.0 ms
[ OPT EFFECT] cost 6.422e+07 -> 1.284e+07 | |Δpos_solve|=21.8080 m | FGO-SPP gap=21.7900 m
[1;32mCURRENT POS | [31.40311816, 121.26441315, 25.866]| VEL:[0.21, 0.09, 1.05][0m 
Ingested new data for time frame 14650213140.04 with 29 observations.
  Systems: G=7 R=6 E=8 C=8 | L1=26 L2=14 Dual=13
[DOPPLER FACTOR] Added 4 .
[  PSR   FACTOR] Added 60 | weight(1/m): min=0.461 max=1 mean=0.856
[POST-FIT RESIDUALS] epoch#366 (weighted, at solved states)
  DOPPLER n=12   |r| mean=0.845 max=2.921
  PSR     n=60   |r| mean=2.093e+05 max=1.212e+06
[0m[INFO] [1788688270.969906935]: Latest ENU sigma [m]: E=2.1859 N=1.2834 U=4.0032[0m
Adjusted MaxTRNum : 1606. 
[ OPT SUMMARY] Window=5 epochs | Variables=35 | TRDDCP=1 PSR=60 DOPPLER=4 | Time=21.6 ms
[ OPT EFFECT] cost 6.224e+07 -> 1.256e+07 | |Δpos_solve|=19.9071 m | FGO-SPP gap=20.0603 m
[1;32mCURRENT POS | [31.40312456, 121.26439981, 22.577]| VEL:[0.36, -0.37, 0.85][0m 
Ingested new data for time frame 14650213150.04 with 29 observations.
  Systems: G=7 R=6 E=8 C=8 | L1=26 L2=14 Dual=13
[DOPPLER FACTOR] Added 4 .
[  PSR   FACTOR] Added 60 | weight(1/m): min=0.479 max=0.966 mean=0.915
[POST-FIT RESIDUALS] epoch#367 (weighted, at solved states)
  DOPPLER n=12   |r| mean=0.7902 max=2.655
  PSR     n=60   |r| mean=2.24e+05 max=1.17e+06
[0m[INFO] [1788688271.964193945]: Latest ENU sigma [m]: E=1.3834 N=1.1034 U=3.2274[0m
Adjusted MaxTRNum : 4720. 
[ OPT SUMMARY] Window=5 epochs | Variables=35 | TRDDCP=1 PSR=60 DOPPLER=4 | Time=17.0 ms
[ OPT EFFECT] cost 6.654e+07 -> 1.344e+07 | |Δpos_solve|=16.0045 m | FGO-SPP gap=15.9149 m
[1;32mCURRENT POS | [31.40313518, 121.26439293, 24.944]| VEL:[0.45, -0.45, 0.96][0m 
Ingested new data for time frame 14650213160.04 with 29 observations.
  Systems: G=7 R=6 E=8 C=8 | L1=27 L2=14 Dual=13
[DOPPLER FACTOR] Added 4 .
[  PSR   FACTOR] Added 60 | weight(1/m): min=0.473 max=0.961 mean=0.897
[POST-FIT RESIDUALS] epoch#368 (weighted, at solved states)
  DOPPLER n=12   |r| mean=0.836 max=3.37
  PSR     n=60   |r| mean=2.196e+05 max=1.164e+06
[0m[INFO] [1788688272.975501220]: Latest ENU sigma [m]: E=1.3880 N=1.1083 U=3.1235[0m
Adjusted MaxTRNum : 11182. 
[ OPT SUMMARY] Window=5 epochs | Variables=35 | TRDDCP=1 PSR=60 DOPPLER=4 | Time=21.1 ms
[ OPT EFFECT] cost 6.523e+07 -> 1.318e+07 | |Δpos_solve|=14.4251 m | FGO-SPP gap=14.2599 m
[1;32mCURRENT POS | [31.40314246, 121.26439053, 25.313]| VEL:[0.29, -0.24, 0.74][0m 
Ingested new data for time frame 14650213170.04 with 32 observations.
  Systems: G=8 R=8 E=8 C=8 | L1=30 L2=14 Dual=13
[DOPPLER FACTOR] Added 4 .
[  PSR   FACTOR] Added 60 | weight(1/m): min=0.474 max=0.976 mean=0.913
[POST-FIT RESIDUALS] epoch#369 (weighted, at solved states)
  DOPPLER n=12   |r| mean=0.5328 max=1.983
  PSR     n=60   |r| mean=2.232e+05 max=1.183e+06
[0m[INFO] [1788688273.984387901]: Latest ENU sigma [m]: E=1.4906 N=1.1942 U=3.3622[0m
Adjusted MaxTRNum : 18254. 
[ OPT SUMMARY] Window=5 epochs | Variables=35 | TRDDCP=1 PSR=60 DOPPLER=4 | Time=30.6 ms
[ OPT EFFECT] cost 6.637e+07 -> 1.339e+07 | |Δpos_solve|=9.1211 m | FGO-SPP gap=9.6748 m
[1;32mCURRENT POS | [31.40315510, 121.26436813, 23.509]| VEL:[0.44, -0.32, 0.99][0m 
Ingested new data for time frame 14650213180.04 with 30 observations.
  Systems: G=8 R=6 E=8 C=8 | L1=28 L2=15 Dual=14
[DOPPLER FACTOR] Added 4 .
[  PSR   FACTOR] Added 60 | weight(1/m): min=0.775 max=0.973 mean=0.881
[POST-FIT RESIDUALS] epoch#370 (weighted, at solved states)
  DOPPLER n=12   |r| mean=0.6922 max=2.862
  PSR     n=60   |r| mean=2.147e+05 max=1.179e+06
[0m[INFO] [1788688274.965629273]: Latest ENU sigma [m]: E=1.3663 N=1.4687 U=4.5556[0m
Adjusted MaxTRNum : 52428. 
[ OPT SUMMARY] Window=5 epochs | Variables=35 | TRDDCP=1 PSR=60 DOPPLER=4 | Time=17.4 ms
[ OPT EFFECT] cost 6.407e+07 -> 1.288e+07 | |Δpos_solve|=11.6519 m | FGO-SPP gap=11.5597 m
[1;32mCURRENT POS | [31.40316216, 121.26437322, 23.823]| VEL:[0.71, -0.53, 0.61][0m 
Ingested new data for time frame 14650213190.04 with 30 observations.
  Systems: G=8 R=6 E=8 C=8 | L1=28 L2=15 Dual=14
[DOPPLER FACTOR] Added 4 .
[  PSR   FACTOR] Added 60 | weight(1/m): min=0.753 max=0.903 mean=0.841
[POST-FIT RESIDUALS] epoch#371 (weighted, at solved states)
  DOPPLER n=12   |r| mean=0.8132 max=3.68
  PSR     n=60   |r| mean=2.034e+05 max=1.095e+06
[0m[INFO] [1788688275.971269088]: Latest ENU sigma [m]: E=1.4965 N=1.5851 U=5.8829[0m
Adjusted MaxTRNum : 177474. 
[ OPT SUMMARY] Window=5 epochs | Variables=35 | TRDDCP=1 PSR=60 DOPPLER=4 | Time=14.8 ms
[ OPT EFFECT] cost 6.116e+07 -> 1.221e+07 | |Δpos_solve|=10.4987 m | FGO-SPP gap=9.8230 m
[1;32mCURRENT POS | [31.40316885, 121.26437282, 24.671]| VEL:[0.48, -0.09, 0.95][0m 
Ingested new data for time frame 14650213200.04 with 30 observations.
  Systems: G=8 R=6 E=8 C=8 | L1=29 L2=15 Dual=14
[DOPPLER FACTOR] Added 4 .
[  PSR   FACTOR] Added 60 | weight(1/m): min=0.838 max=0.969 mean=0.918
[POST-FIT RESIDUALS] epoch#372 (weighted, at solved states)
  DOPPLER n=12   |r| mean=0.5635 max=2.303
  PSR     n=60   |r| mean=2.228e+05 max=1.175e+06
[0m[INFO] [1788688276.972520398]: Latest ENU sigma [m]: E=1.3304 N=1.4543 U=5.3723[0m
Adjusted MaxTRNum : 499330. 
[ OPT SUMMARY] Window=5 epochs | Variables=35 | TRDDCP=1 PSR=60 DOPPLER=4 | Time=17.8 ms
[ OPT EFFECT] cost 6.677e+07 -> 1.337e+07 | |Δpos_solve|=8.0392 m | FGO-SPP gap=7.4824 m
[1;32mCURRENT POS | [31.40318174, 121.26437354, 25.913]| VEL:[0.40, -0.29, 1.07][0m 
Ingested new data for time frame 14650213210.04 with 30 observations.
  Systems: G=8 R=6 E=8 C=8 | L1=28 L2=15 Dual=14
[DOPPLER FACTOR] Added 4 .
[  PSR   FACTOR] Added 60 | weight(1/m): min=0.817 max=0.989 mean=0.912
[POST-FIT RESIDUALS] epoch#373 (weighted, at solved states)
  DOPPLER n=12   |r| mean=0.3475 max=1.397
  PSR     n=60   |r| mean=2.212e+05 max=1.199e+06
[0m[INFO] [1788688277.968003498]: Latest ENU sigma [m]: E=1.3112 N=1.4130 U=4.8637[0m
Adjusted MaxTRNum : 1439616. 
[ OPT SUMMARY] Window=5 epochs | Variables=35 | TRDDCP=1 PSR=60 DOPPLER=4 | Time=17.3 ms
[ OPT EFFECT] cost 6.638e+07 -> 1.327e+07 | |Δpos_solve|=6.3356 m | FGO-SPP gap=5.2757 m
[1;32mCURRENT POS | [31.40319314, 121.26436366, 24.897]| VEL:[0.51, -0.34, 1.01][0m 
Ingested new data for time frame 14650213220.04 with 31 observations.
  Systems: G=9 R=6 E=8 C=8 | L1=29 L2=15 Dual=14
[DOPPLER FACTOR] Added 4 .
[  PSR   FACTOR] Added 60 | weight(1/m): min=0.83 max=0.972 mean=0.912
[POST-FIT RESIDUALS] epoch#374 (weighted, at solved states)
  DOPPLER n=12   |r| mean=0.4189 max=1.683
  PSR     n=60   |r| mean=2.211e+05 max=1.178e+06
[0m[INFO] [1788688278.969244308]: Latest ENU sigma [m]: E=1.2882 N=1.4517 U=4.9975[0m
Adjusted MaxTRNum : 4259560. 
[ OPT SUMMARY] Window=5 epochs | Variables=35 | TRDDCP=1 PSR=60 DOPPLER=4 | Time=16.9 ms
[ OPT EFFECT] cost 6.635e+07 -> 1.326e+07 | |Δpos_solve|=8.5365 m | FGO-SPP gap=7.5035 m
[1;32mCURRENT POS | [31.40320126, 121.26435736, 23.937]| VEL:[0.36, -0.45, 0.90][0m 
Ingested new data for time frame 14650213230.04 with 31 observations.
  Systems: G=9 R=6 E=8 C=8 | L1=30 L2=15 Dual=14
[DOPPLER FACTOR] Added 4 .
[  PSR   FACTOR] Added 60 | weight(1/m): min=0.811 max=0.987 mean=0.917
[POST-FIT RESIDUALS] epoch#375 (weighted, at solved states)
  DOPPLER n=12   |r| mean=0.6898 max=2.827
  PSR     n=60   |r| mean=2.226e+05 max=1.197e+06
[0m[INFO] [1788688279.970597672]: Latest ENU sigma [m]: E=1.3173 N=1.1617 U=3.8551[0m
Adjusted MaxTRNum : 8401214. 
[ OPT SUMMARY] Window=5 epochs | Variables=35 | TRDDCP=1 PSR=60 DOPPLER=4 | Time=25.4 ms
[ OPT EFFECT] cost 6.675e+07 -> 1.335e+07 | |Δpos_solve|=13.0397 m | FGO-SPP gap=13.0796 m
[1;32mCURRENT POS | [31.40321214, 121.26435498, 23.975]| VEL:[0.35, -0.28, 1.07][0m 
Ingested new data for time frame 14650213240.04 with 31 observations.
  Systems: G=9 R=6 E=8 C=8 | L1=28 L2=15 Dual=14
[DOPPLER FACTOR] Added 4 .
[  PSR   FACTOR] Added 60 | weight(1/m): min=0.838 max=0.981 mean=0.928
[POST-FIT RESIDUALS] epoch#376 (weighted, at solved states)
  DOPPLER n=12   |r| mean=0.6423 max=2.785
  PSR     n=60   |r| mean=2.253e+05 max=1.19e+06
[0m[INFO] [1788688280.973827179]: Latest ENU sigma [m]: E=1.3237 N=1.3799 U=4.6394[0m
Adjusted MaxTRNum : 15677118. 
[ OPT SUMMARY] Window=5 epochs | Variables=35 | TRDDCP=1 PSR=60 DOPPLER=4 | Time=26.8 ms
[ OPT EFFECT] cost 6.758e+07 -> 1.352e+07 | |Δpos_solve|=13.9462 m | FGO-SPP gap=14.0611 m
[1;32mCURRENT POS | [31.40321811, 121.26435088, 22.860]| VEL:[0.49, -0.22, 1.04][0m 
Ingested new data for time frame 14650213250.04 with 31 observations.
  Systems: G=9 R=6 E=8 C=8 | L1=29 L2=15 Dual=14
[DOPPLER FACTOR] Added 4 .
[  PSR   FACTOR] Added 60 | weight(1/m): min=0.813 max=0.983 mean=0.913
[POST-FIT RESIDUALS] epoch#377 (weighted, at solved states)
  DOPPLER n=12   |r| mean=0.6689 max=3.067
  PSR     n=60   |r| mean=2.215e+05 max=1.193e+06
[0m[INFO] [1788688281.976432590]: Latest ENU sigma [m]: E=1.3263 N=1.1765 U=4.0641[0m
Adjusted MaxTRNum : 36432861. 
[ OPT SUMMARY] Window=5 epochs | Variables=35 | TRDDCP=1 PSR=60 DOPPLER=4 | Time=21.5 ms
[ OPT EFFECT] cost 6.647e+07 -> 1.329e+07 | |Δpos_solve|=11.9596 m | FGO-SPP gap=11.5068 m
[1;32mCURRENT POS | [31.40322943, 121.26435165, 23.991]| VEL:[0.69, -0.85, 0.75][0m 
Ingested new data for time frame 14650213260.04 with 31 observations.
  Systems: G=9 R=6 E=8 C=8 | L1=30 L2=15 Dual=14
[DOPPLER FACTOR] Added 4 .
[  PSR   FACTOR] Added 60 | weight(1/m): min=0.818 max=0.972 mean=0.907
[POST-FIT RESIDUALS] epoch#378 (weighted, at solved states)
  DOPPLER n=12   |r| mean=0.4523 max=2.101
  PSR     n=60   |r| mean=2.201e+05 max=1.179e+06
[0m[INFO] [1788688282.973387717]: Latest ENU sigma [m]: E=1.3203 N=1.3857 U=4.6337[0m
Adjusted MaxTRNum : 101620957. 
[ OPT SUMMARY] Window=5 epochs | Variables=35 | TRDDCP=1 PSR=60 DOPPLER=4 | Time=17.9 ms
[ OPT EFFECT] cost 6.604e+07 -> 1.321e+07 | |Δpos_solve|=9.7317 m | FGO-SPP gap=8.7156 m
[1;32mCURRENT POS | [31.40323741, 121.26434711, 23.013]| VEL:[0.40, -0.23, 0.86][0m 
Ingested new data for time frame 14650213270.04 with 31 observations.
  Systems: G=9 R=6 E=8 C=8 | L1=30 L2=15 Dual=14
[DOPPLER FACTOR] Added 4 .
[  PSR   FACTOR] Added 60 | weight(1/m): min=0.799 max=0.979 mean=0.896
[POST-FIT RESIDUALS] epoch#379 (weighted, at solved states)
  DOPPLER n=12   |r| mean=0.4056 max=1.303
  PSR     n=60   |r| mean=2.176e+05 max=1.187e+06
[0m[INFO] [1788688283.981489723]: Latest ENU sigma [m]: E=1.3249 N=1.1789 U=3.8943[0m
Adjusted MaxTRNum : 319507818. 
[ OPT SUMMARY] Window=5 epochs | Variables=35 | TRDDCP=1 PSR=60 DOPPLER=4 | Time=15.9 ms
[ OPT EFFECT] cost 6.527e+07 -> 1.305e+07 | |Δpos_solve|=7.2115 m | FGO-SPP gap=5.3719 m
[1;32mCURRENT POS | [31.40324894, 121.26434631, 23.441]| VEL:[0.28, -0.30, 1.01][0m 
Ingested new data for time frame 14650213280.04 with 31 observations.
  Systems: G=9 R=6 E=8 C=8 | L1=30 L2=15 Dual=14
[DOPPLER FACTOR] Added 4 .
[  PSR   FACTOR] Added 60 | weight(1/m): min=0.602 max=0.807 mean=0.697
[POST-FIT RESIDUALS] epoch#380 (weighted, at solved states)
  DOPPLER n=12   |r| mean=0.3725 max=1.28
  PSR     n=60   |r| mean=1.695e+05 max=9.794e+05
[0m[INFO] [1788688284.970671864]: Latest ENU sigma [m]: E=1.6642 N=1.6673 U=5.1702[0m
Adjusted MaxTRNum : 1086263230. 
[ OPT SUMMARY] Window=5 epochs | Variables=35 | TRDDCP=1 PSR=60 DOPPLER=4 | Time=14.7 ms
[ OPT EFFECT] cost 5.078e+07 -> 1.017e+07 | |Δpos_solve|=6.9561 m | FGO-SPP gap=5.2893 m
[1;32mCURRENT POS | [31.40326105, 121.26434410, 23.675]| VEL:[0.54, -0.48, 0.74][0m 
Ingested new data for time frame 14650213290.04 with 31 observations.
  Systems: G=9 R=6 E=8 C=8 | L1=30 L2=15 Dual=14
[DOPPLER FACTOR] Added 4 .
[  PSR   FACTOR] Added 60 | weight(1/m): min=0.763 max=0.98 mean=0.909
[POST-FIT RESIDUALS] epoch#381 (weighted, at solved states)
  DOPPLER n=12   |r| mean=0.5752 max=2.171
  PSR     n=60   |r| mean=2.176e+05 max=1.189e+06
[0m[INFO] [1788688285.979759285]: Latest ENU sigma [m]: E=1.3390 N=1.3328 U=3.7264[0m
Adjusted MaxTRNum : 60. 
[ OPT SUMMARY] Window=5 epochs | Variables=35 | TRDDCP=1 PSR=60 DOPPLER=4 | Time=24.2 ms
[ OPT EFFECT] cost 6.618e+07 -> 1.305e+07 | |Δpos_solve|=10.7372 m | FGO-SPP gap=8.3537 m
[1;32mCURRENT POS | [31.40326766, 121.26433977, 22.849]| VEL:[0.53, -0.47, 0.67][0m 
Ingested new data for time frame 14650213300.04 with 31 observations.
  Systems: G=9 R=6 E=8 C=8 | L1=30 L2=15 Dual=14
[DOPPLER FACTOR] Added 4 .
[  PSR   FACTOR] Added 60 | weight(1/m): min=0.791 max=0.981 mean=0.9
[POST-FIT RESIDUALS] epoch#382 (weighted, at solved states)
  DOPPLER n=12   |r| mean=0.3901 max=1.644
  PSR     n=60   |r| mean=2.185e+05 max=1.191e+06
[0m[INFO] [1788688286.980323048]: Latest ENU sigma [m]: E=1.3255 N=1.1723 U=3.7916[0m
Adjusted MaxTRNum : 204. 
[ OPT SUMMARY] Window=5 epochs | Variables=35 | TRDDCP=1 PSR=60 DOPPLER=4 | Time=14.6 ms
[ OPT EFFECT] cost 6.552e+07 -> 1.311e+07 | |Δpos_solve|=7.0183 m | FGO-SPP gap=5.3569 m
[1;32mCURRENT POS | [31.40327504, 121.26433767, 23.080]| VEL:[0.65, -0.37, 0.76][0m 
Ingested new data for time frame 14650213310.04 with 31 observations.
  Systems: G=9 R=6 E=8 C=8 | L1=30 L2=15 Dual=14
[DOPPLER FACTOR] Added 4 .
[  PSR   FACTOR] Added 60 | weight(1/m): min=0.799 max=0.973 mean=0.902
[POST-FIT RESIDUALS] epoch#383 (weighted, at solved states)
  DOPPLER n=12   |r| mean=0.3721 max=1.143
  PSR     n=60   |r| mean=2.186e+05 max=1.182e+06
[0m[INFO] [1788688287.981623785]: Latest ENU sigma [m]: E=1.3226 N=1.3783 U=4.4690[0m
Adjusted MaxTRNum : 617. 
[ OPT SUMMARY] Window=5 epochs | Variables=35 | TRDDCP=1 PSR=60 DOPPLER=4 | Time=16.5 ms
[ OPT EFFECT] cost 6.569e+07 -> 1.312e+07 | |Δpos_solve|=5.0815 m | FGO-SPP gap=1.1922 m
[1;32mCURRENT POS | [31.40327969, 121.26433597, 23.574]| VEL:[0.13, -0.08, 0.61][0m 
Ingested new data for time frame 14650213320.04 with 31 observations.
  Systems: G=9 R=6 E=8 C=8 | L1=30 L2=15 Dual=14
[DOPPLER FACTOR] Added 4 .
[  PSR   FACTOR] Added 60 | weight(1/m): min=0.775 max=0.978 mean=0.896
[POST-FIT RESIDUALS] epoch#384 (weighted, at solved states)
  DOPPLER n=12   |r| mean=0.3804 max=1.899
  PSR     n=60   |r| mean=2.18e+05 max=1.187e+06
[0m[INFO] [1788688288.974397958]: Latest ENU sigma [m]: E=1.3534 N=1.2986 U=4.2619[0m
Adjusted MaxTRNum : 1216. 
[ OPT SUMMARY] Window=5 epochs | Variables=35 | TRDDCP=1 PSR=60 DOPPLER=4 | Time=25.4 ms
[ OPT EFFECT] cost 6.525e+07 -> 1.308e+07 | |Δpos_solve|=6.3736 m | FGO-SPP gap=3.6024 m
[1;32mCURRENT POS | [31.40327836, 121.26433312, 23.576]| VEL:[-0.14, -0.12, 0.17][0m 
Ingested new data for time frame 14650213330.04 with 31 observations.
  Systems: G=9 R=6 E=8 C=8 | L1=30 L2=15 Dual=14
[DOPPLER FACTOR] Added 4 .
[  PSR   FACTOR] Added 60 | weight(1/m): min=0.778 max=0.981 mean=0.904
[POST-FIT RESIDUALS] epoch#385 (weighted, at solved states)
  DOPPLER n=12   |r| mean=0.2253 max=0.6799
  PSR     n=60   |r| mean=2.192e+05 max=1.191e+06
[0m[INFO] [1788688289.980708978]: Latest ENU sigma [m]: E=1.6077 N=1.2355 U=3.5205[0m
Adjusted MaxTRNum : 3409. 
[ OPT SUMMARY] Window=5 epochs | Variables=35 | TRDDCP=1 PSR=60 DOPPLER=4 | Time=17.8 ms
[ OPT EFFECT] cost 6.584e+07 -> 1.315e+07 | |Δpos_solve|=2.4509 m | FGO-SPP gap=2.5273 m
[1;32mCURRENT POS | [31.40327988, 121.26433257, 23.692]| VEL:[-0.12, -0.26, -0.14][0m 
Ingested new data for time frame 14650213340.04 with 30 observations.
  Systems: G=8 R=6 E=8 C=8 | L1=29 L2=15 Dual=14
[DOPPLER FACTOR] Added 4 .
[  PSR   FACTOR] Added 60 | weight(1/m): min=0.785 max=1 mean=0.904
[POST-FIT RESIDUALS] epoch#386 (weighted, at solved states)
  DOPPLER n=12   |r| mean=0.2642 max=0.8362
  PSR     n=60   |r| mean=2.185e+05 max=1.178e+06
[0m[INFO] [1788688290.967875839]: Latest ENU sigma [m]: E=1.6212 N=1.1989 U=3.4707[0m
Adjusted MaxTRNum : 7465. 
[ OPT SUMMARY] Window=5 epochs | Variables=35 | TRDDCP=1 PSR=60 DOPPLER=4 | Time=22.8 ms
[ OPT EFFECT] cost 6.591e+07 -> 1.311e+07 | |Δpos_solve|=4.6786 m | FGO-SPP gap=4.5219 m
[1;32mCURRENT POS | [31.40327896, 121.26433258, 23.047]| VEL:[0.06, 0.01, 0.05][0m 
Ingested new data for time frame 14650213350.04 with 31 observations.
  Systems: G=8 R=6 E=9 C=8 | L1=30 L2=15 Dual=14
[DOPPLER FACTOR] Added 4 .
[  PSR   FACTOR] Added 60 | weight(1/m): min=0.789 max=1 mean=0.883
[POST-FIT RESIDUALS] epoch#387 (weighted, at solved states)
  DOPPLER n=12   |r| mean=0.1559 max=0.3728
  PSR     n=60   |r| mean=2.125e+05 max=1.198e+06
[0m[INFO] [1788688291.963583698]: Latest ENU sigma [m]: E=1.6397 N=1.1439 U=3.4767[0m
Adjusted MaxTRNum : 25043. 
[ OPT SUMMARY] Window=5 epochs | Variables=35 | TRDDCP=1 PSR=60 DOPPLER=4 | Time=14.9 ms
[ OPT EFFECT] cost 6.434e+07 -> 1.275e+07 | |Δpos_solve|=3.0926 m | FGO-SPP gap=2.8732 m
[1;32mCURRENT POS | [31.40327914, 121.26433057, 22.769]| VEL:[0.00, 0.13, 0.06][0m 
Ingested new data for time frame 14650213360.04 with 31 observations.
  Systems: G=8 R=6 E=9 C=8 | L1=30 L2=15 Dual=14
[DOPPLER FACTOR] Added 4 .
[  PSR   FACTOR] Added 60 | weight(1/m): min=0.813 max=1 mean=0.922
[POST-FIT RESIDUALS] epoch#388 (weighted, at solved states)
  DOPPLER n=12   |r| mean=0.2094 max=0.7362
  PSR     n=60   |r| mean=2.203e+05 max=1.174e+06
[0m[INFO] [1788688292.975347661]: Latest ENU sigma [m]: E=1.6241 N=1.1920 U=3.5239[0m
Adjusted MaxTRNum : 67495. 
[ OPT SUMMARY] Window=5 epochs | Variables=35 | TRDDCP=1 PSR=60 DOPPLER=4 | Time=18.6 ms
[ OPT EFFECT] cost 6.719e+07 -> 1.322e+07 | |Δpos_solve|=3.7873 m | FGO-SPP gap=3.7114 m
[1;32mCURRENT POS | [31.40327742, 121.26433514, 22.208]| VEL:[-0.01, 0.01, -0.01][0m 
Ingested new data for time frame 14650213370.04 with 30 observations.
  Systems: G=8 R=6 E=8 C=8 | L1=29 L2=15 Dual=14
[DOPPLER FACTOR] Added 4 .
[  PSR   FACTOR] Added 60 | weight(1/m): min=0.667 max=1 mean=0.832
[POST-FIT RESIDUALS] epoch#389 (weighted, at solved states)
  DOPPLER n=12   |r| mean=0.2087 max=0.8036
  PSR     n=60   |r| mean=1.943e+05 max=1.126e+06
[0m[INFO] [1788688293.978751300]: Latest ENU sigma [m]: E=1.5470 N=1.2425 U=3.5414[0m
Adjusted MaxTRNum : 243859. 
[ OPT SUMMARY] Window=5 epochs | Variables=35 | TRDDCP=1 PSR=60 DOPPLER=4 | Time=13.8 ms
[ OPT EFFECT] cost 6.068e+07 -> 1.166e+07 | |Δpos_solve|=4.8759 m | FGO-SPP gap=4.8520 m
[1;32mCURRENT POS | [31.40327750, 121.26433310, 22.006]| VEL:[0.03, -0.01, 0.01][0m 
Ingested new data for time frame 14650213380.04 with 30 observations.
  Systems: G=8 R=6 E=8 C=8 | L1=29 L2=15 Dual=14
[DOPPLER FACTOR] Added 4 .
[  PSR   FACTOR] Added 60 | weight(1/m): min=0.784 max=1 mean=0.9
[POST-FIT RESIDUALS] epoch#390 (weighted, at solved states)
  DOPPLER n=12   |r| mean=0.6255 max=1.667
  PSR     n=60   |r| mean=2.172e+05 max=1.215e+06
[0m[INFO] [1788688294.985279353]: Latest ENU sigma [m]: E=1.3723 N=0.9016 U=3.6943[0m
Adjusted MaxTRNum : 628916. 
[ OPT SUMMARY] Window=5 epochs | Variables=35 | TRDDCP=1 PSR=60 DOPPLER=4 | Time=19.4 ms
[ OPT EFFECT] cost 6.56e+07 -> 1.303e+07 | |Δpos_solve|=2.2924 m | FGO-SPP gap=2.2420 m
[1;32mCURRENT POS | [31.40327391, 121.26433350, 22.022]| VEL:[-0.01, 0.03, -0.02][0m 
Ingested new data for time frame 14650213390.04 with 30 observations.
  Systems: G=8 R=6 E=8 C=8 | L1=29 L2=15 Dual=14
[DOPPLER FACTOR] Added 4 .
[  PSR   FACTOR] Added 60 | weight(1/m): min=0.72 max=1 mean=0.902
[POST-FIT RESIDUALS] epoch#391 (weighted, at solved states)
  DOPPLER n=12   |r| mean=0.1182 max=0.4218
  PSR     n=60   |r| mean=2.144e+05 max=1.215e+06
[0m[INFO] [1788688295.976438116]: Latest ENU sigma [m]: E=1.5108 N=1.4298 U=4.5303[0m
Adjusted MaxTRNum : 1927637. 
[ OPT SUMMARY] Window=5 epochs | Variables=35 | TRDDCP=1 PSR=60 DOPPLER=4 | Time=16.3 ms
[ OPT EFFECT] cost 6.573e+07 -> 1.286e+07 | |Δpos_solve|=2.4492 m | FGO-SPP gap=2.5111 m
[1;32mCURRENT POS | [31.40327533, 121.26433072, 23.001]| VEL:[-0.03, 0.07, 0.05][0m 
Ingested new data for time frame 14650213400.04 with 30 observations.
  Systems: G=8 R=6 E=8 C=8 | L1=29 L2=15 Dual=14
[DOPPLER FACTOR] Added 4 .
[  PSR   FACTOR] Added 60 | weight(1/m): min=0.753 max=1 mean=0.91
[POST-FIT RESIDUALS] epoch#392 (weighted, at solved states)
  DOPPLER n=12   |r| mean=0.1891 max=0.8728
  PSR     n=60   |r| mean=2.209e+05 max=1.215e+06
[0m[INFO] [1788688296.977593363]: Latest ENU sigma [m]: E=1.4986 N=1.2049 U=3.5061[0m
Adjusted MaxTRNum : 7009801. 
[ OPT SUMMARY] Window=5 epochs | Variables=35 | TRDDCP=1 PSR=60 DOPPLER=4 | Time=13.7 ms
[ OPT EFFECT] cost 6.634e+07 -> 1.326e+07 | |Δpos_solve|=1.7709 m | FGO-SPP gap=1.6690 m
[1;32mCURRENT POS | [31.40327139, 121.26433208, 22.613]| VEL:[-0.00, 0.05, 0.06][0m 
Ingested new data for time frame 14650213410.04 with 30 observations.
  Systems: G=8 R=6 E=8 C=8 | L1=29 L2=14 Dual=13
[DOPPLER FACTOR] Added 4 .
[  PSR   FACTOR] Added 60 | weight(1/m): min=0.789 max=1 mean=0.933
[POST-FIT RESIDUALS] epoch#393 (weighted, at solved states)
  DOPPLER n=12   |r| mean=0.1217 max=0.502
  PSR     n=60   |r| mean=2.272e+05 max=1.215e+06
[0m[INFO] [1788688297.961607059]: Latest ENU sigma [m]: E=1.4801 N=1.1890 U=3.5204[0m
Adjusted MaxTRNum : 19295622. 
[ OPT SUMMARY] Window=5 epochs | Variables=35 | TRDDCP=1 PSR=60 DOPPLER=4 | Time=18.2 ms
[ OPT EFFECT] cost 6.802e+07 -> 1.363e+07 | |Δpos_solve|=2.5993 m | FGO-SPP gap=2.6230 m
[1;32mCURRENT POS | [31.40327230, 121.26433034, 22.335]| VEL:[0.01, 0.03, -0.04][0m 
Ingested new data for time frame 14650213420.04 with 29 observations.
  Systems: G=8 R=5 E=8 C=8 | L1=28 L2=14 Dual=13
[DOPPLER FACTOR] Added 4 .
[  PSR   FACTOR] Added 60 | weight(1/m): min=0.799 max=1 mean=0.933
[POST-FIT RESIDUALS] epoch#394 (weighted, at solved states)
  DOPPLER n=12   |r| mean=0.1089 max=0.4783
  PSR     n=60   |r| mean=2.265e+05 max=1.215e+06
[0m[INFO] [1788688298.963793367]: Latest ENU sigma [m]: E=1.4773 N=1.1856 U=3.5248[0m
Adjusted MaxTRNum : 73480493. 
[ OPT SUMMARY] Window=5 epochs | Variables=35 | TRDDCP=1 PSR=60 DOPPLER=4 | Time=13.1 ms
[ OPT EFFECT] cost 6.802e+07 -> 1.359e+07 | |Δpos_solve|=2.1957 m | FGO-SPP gap=2.1939 m
save 25 ephems to /home/nvidia/Work/gnssfgo_ml_ws/src/gnssfgo/../ublox_driver_Ephems.txt (mode: overwrite)
